gastro_id,Calidad,valoracion,num_resenas,Michelin,Repsol,Denominación de Origen,Agricultura Ecológica ,Euskal Baserri,Eusko Label,Provincia_Guipúzcoa,Provincia_Vizcaya,Provincia_Álava,Tipo de lugar_Asador,Tipo de lugar_Bodega,Tipo de lugar_Bodega Txakoli,Tipo de lugar_Restaurante,Tipo de lugar_Sidreria,Tipo de lugar_queseria,Tipo de lugar_tienda,Nivel precio_Caro,Nivel precio_Moderado,Nivel precio_Muy caro,Entorno_Bilbao,Entorno_Costa Vasca,Entorno_Montes y Valles vascos,Entorno_Rioja Alavesa,Entorno_San Sebastián,Entorno_Vitoria-Gasteiz
0,0,4.6,571.0,0,0,0,0,0,0,True,False,False,False,False,False,True,False,False,False,False,True,False,0,1,0,0,1,0
1,0,4.7,435.0,0,0,0,0,0,0,False,True,False,False,False,False,True,False,False,False,False,True,False,1,0,0,0,0,0
2,1,4.5,1925.0,1,1,0,0,0,0,True,False,False,False,False,False,True,False,False,False,False,False,True,0,0,0,0,1,0
3,1,4.6,1098.0,1,1,0,0,0,0,True,False,False,False,False,False,True,False,False,False,True,False,False,0,1,0,0,0,0
4,1,4.6,1924.0,0,0,0,0,0,0,False,True,False,False,False,False,True,False,False,False,True,False,False,0,1,0,0,0,0
5,0,4.5,225.0,0,0,1,0,0,0,True,False,False,False,False,True,False,False,False,False,False,True,False,0,1,0,0,0,0
6,1,4.4,767.0,0,0,0,0,0,0,False,False,True,False,False,False,True,False,False,False,False,True,False,0,0,0,0,0,1
7,0,4.7,1002.0,1,1,0,0,0,0,False,True,False,False,False,False,True,False,False,False,True,False,False,0,0,1,0,0,0
8,0,4.5,2.0,0,0,1,0,0,0,False,False,True,False,False,True,False,False,False,False,False,True,False,0,0,1,0,0,0
9,0,4.4,1059.0,0,1,0,0,0,0,False,True,False,False,False,False,True,False,False,False,False,True,False,0,0,1,0,0,0
10,0,4.3,2022.0,0,0,0,0,0,0,False,False,True,False,False,False,True,False,False,False,True,False,False,0,0,0,0,0,1
11,0,4.5,38.0,0,0,0,0,0,0,False,False,True,False,False,False,True,False,False,False,False,True,False,0,0,1,0,0,0
12,1,4.5,569.0,0,1,0,0,0,0,True,False,False,True,False,False,False,False,False,False,True,False,False,0,0,1,0,0,0
13,0,4.6,1735.0,0,0,0,0,0,0,True,False,False,True,False,False,False,False,False,False,False,True,False,0,1,0,0,0,0
14,1,4.5,197.0,0,0,0,0,0,0,True,False,False,True,False,False,False,False,False,False,True,False,False,0,0,1,0,0,0
15,1,4.6,1589.0,0,1,0,0,0,0,True,False,False,False,False,False,True,False,False,False,True,False,False,0,1,0,0,1,0
16,1,4.6,806.0,0,0,0,0,0,0,True,False,False,False,False,False,True,False,False,False,False,True,False,0,1,0,0,0,0
17,0,4.2,398.0,0,0,0,0,0,0,True,False,False,False,False,False,True,False,False,False,False,True,False,0,1,0,0,0,0
18,1,4.7,1899.0,1,1,0,0,0,0,False,True,False,False,False,False,True,False,False,False,False,False,True,0,0,1,0,0,0
19,0,4.6,1243.0,0,1,0,0,0,0,False,True,False,False,False,False,True,False,False,False,True,False,False,0,1,1,0,0,0
20,1,4.3,2081.0,0,0,0,0,0,0,True,False,False,True,False,False,False,False,False,False,True,False,False,0,1,0,0,0,0
21,1,4.3,90.0,0,0,1,0,0,0,False,False,True,False,False,True,False,False,False,False,False,True,False,0,0,1,0,0,0
22,0,4.8,256.0,0,0,0,0,0,0,False,True,False,False,False,False,True,False,False,False,False,True,False,1,0,0,0,0,0
23,1,4.6,136.0,0,0,1,0,0,0,False,True,False,False,False,True,False,False,False,False,False,True,False,0,1,0,0,0,0
25,0,4.1,871.0,0,0,0,0,0,0,False,True,False,False,False,False,True,False,False,False,False,True,False,0,0,1,0,0,0
26,0,4.5,1559.0,0,1,0,0,0,0,False,False,True,False,False,False,True,False,False,False,False,True,False,0,0,1,0,0,0
27,1,4.9,88.0,0,0,1,0,0,0,False,False,True,False,True,False,False,False,False,False,False,True,False,0,0,0,1,0,0
28,1,4.9,42.0,0,0,1,0,0,0,False,False,True,False,True,False,False,False,False,False,False,True,False,0,0,0,1,0,0
29,1,4.6,431.0,0,0,1,0,0,0,False,False,True,False,True,False,False,False,False,False,False,True,False,0,0,0,1,0,0
30,1,4.8,316.0,0,0,1,0,0,0,False,False,True,False,True,False,False,False,False,False,False,True,False,0,0,0,1,0,0
31,1,4.8,32.0,0,0,1,0,0,0,False,False,True,False,True,False,False,False,False,False,False,True,False,0,0,0,1,0,0
32,1,4.9,27.0,0,0,1,0,0,0,False,False,True,False,True,False,False,False,False,False,False,True,False,0,0,0,1,0,0
34,1,4.7,3.0,0,0,1,0,0,0,False,False,True,False,True,False,False,False,False,False,False,True,False,0,0,0,1,0,0
35,1,4.8,14.0,0,0,1,0,0,0,False,False,True,False,True,False,False,False,False,False,False,True,False,0,0,0,1,0,0
36,1,4.5,233.0,0,0,1,0,0,0,False,False,True,False,True,False,False,False,False,False,False,True,False,0,0,0,1,0,0
37,1,5.0,79.0,0,0,1,0,0,0,False,False,True,False,True,False,False,False,False,False,False,True,False,0,0,0,1,0,0
38,1,4.3,1307.0,0,0,1,0,0,0,False,False,True,False,True,False,False,False,False,False,False,True,False,0,0,0,1,0,0
39,1,4.9,24.0,0,0,1,0,0,0,False,False,True,False,True,False,False,False,False,False,False,True,False,0,0,0,1,0,0
40,1,4.9,45.0,0,0,1,0,0,0,False,False,True,False,True,False,False,False,False,False,False,True,False,0,0,0,1,0,0
41,1,5.0,7.0,0,0,1,0,0,0,False,False,True,False,True,False,False,False,False,False,False,True,False,0,0,0,1,0,0
42,1,4.7,13.0,0,0,1,0,0,0,False,False,True,False,True,False,False,False,False,False,False,True,False,0,0,0,1,0,0
43,1,5.0,247.0,0,0,1,0,0,0,False,False,True,False,True,False,False,False,False,False,False,True,False,0,0,0,1,0,0
44,1,4.7,55.0,0,0,1,0,0,0,False,False,True,False,True,False,False,False,False,False,False,True,False,0,0,0,1,0,0
45,0,4.8,164.0,0,0,1,0,0,0,False,False,True,False,True,False,False,False,False,False,False,True,False,0,0,0,1,0,0
46,0,4.5,68.0,0,0,1,0,0,0,False,False,True,False,True,False,False,False,False,False,False,True,False,0,0,0,1,0,0
47,1,4.7,26.0,0,0,1,0,0,0,False,False,True,False,True,False,False,False,False,False,False,True,False,0,0,0,1,0,0
48,1,5.0,51.0,0,0,1,0,0,0,False,False,True,False,True,False,False,False,False,False,False,True,False,0,0,0,1,0,0
49,0,4.3,1471.0,0,1,1,0,0,0,False,False,True,False,True,False,False,False,False,False,False,True,False,0,0,0,1,0,0
50,1,4.8,45.0,0,0,1,0,0,0,False,False,True,False,True,False,False,False,False,False,False,True,False,0,0,0,1,0,0
51,1,4.6,115.0,0,0,1,0,0,0,False,False,True,False,True,False,False,False,False,False,False,True,False,0,0,0,1,0,0
52,1,4.3,58.0,0,0,1,0,0,0,False,False,True,False,True,False,False,False,False,False,False,True,False,0,0,0,1,0,0
53,1,4.7,111.0,0,0,1,0,0,0,False,False,True,False,True,False,False,False,False,False,False,True,False,0,0,0,1,0,0
54,1,4.7,42.0,0,0,1,0,0,0,False,False,True,False,True,False,False,False,False,False,False,True,False,0,0,0,1,0,0
55,1,4.9,212.0,0,0,1,0,0,0,False,False,True,False,True,False,False,False,False,False,False,True,False,0,0,0,1,0,0
56,1,4.7,830.0,0,0,1,0,0,0,False,False,True,False,True,False,False,False,False,False,False,True,False,0,0,0,1,0,0
57,1,4.7,22.0,0,0,1,0,0,0,False,True,False,False,False,True,False,False,False,False,False,True,False,0,0,1,0,0,0
58,1,4.6,1312.0,0,0,1,0,0,0,False,False,True,False,True,False,False,False,False,False,False,True,False,0,0,0,1,0,0
59,1,4.8,48.0,0,0,1,0,0,0,False,False,True,False,True,False,False,False,False,False,False,True,False,0,0,0,1,0,0
60,1,4.1,23.0,0,0,1,0,0,0,False,False,True,False,True,False,False,False,False,False,False,True,False,0,0,0,1,0,0
61,1,4.5,1486.0,0,0,0,0,0,0,True,False,False,False,False,False,True,False,False,False,True,False,False,0,1,0,0,1,0
64,1,4.6,1766.0,0,1,0,0,0,0,True,False,False,False,False,False,True,False,False,False,True,False,False,0,1,0,0,0,0
65,0,4.4,2589.0,0,1,0,0,0,0,True,False,False,False,False,False,True,False,False,False,True,False,False,0,1,0,0,1,0
66,1,4.4,717.0,0,0,0,0,0,0,False,False,True,False,False,False,True,False,False,False,False,True,False,0,0,0,1,0,0
67,0,4.2,360.0,0,0,0,0,0,0,True,False,False,False,False,False,True,False,False,False,False,True,False,0,0,1,0,0,0
70,1,4.1,1438.0,0,0,0,0,0,0,True,False,False,False,False,False,True,False,False,False,False,True,False,0,1,0,0,1,0
71,1,4.9,8.0,0,0,1,0,0,0,False,True,False,False,False,True,False,False,False,False,False,True,False,0,0,1,0,0,0
72,0,4.5,62.0,0,0,1,0,0,0,True,False,False,False,False,True,False,False,False,False,False,True,False,0,1,0,0,0,0
73,1,4.6,16.0,0,0,0,0,0,0,False,False,True,False,False,False,True,False,False,False,False,True,False,0,0,0,1,0,0
74,0,4.4,3418.0,0,0,0,0,0,0,False,False,True,False,False,False,True,False,False,False,True,False,False,0,0,0,0,0,1
75,0,4.5,57.0,0,0,0,0,0,0,False,False,True,True,False,False,False,False,False,False,False,True,False,0,0,1,0,0,0
77,1,4.7,1737.0,1,1,1,0,0,0,True,False,False,False,False,True,False,False,False,False,True,False,False,0,1,0,0,0,0
78,0,4.3,384.0,0,0,0,0,0,0,False,True,False,False,False,False,True,False,False,False,False,True,False,1,1,0,0,0,0
79,0,4.2,6326.0,0,0,0,0,0,0,False,True,False,False,False,False,True,False,False,False,False,True,False,0,1,0,0,0,0
80,0,4.6,474.0,0,0,0,0,0,0,False,True,False,False,False,False,True,False,False,False,False,True,False,0,1,0,0,0,0
81,0,4.1,237.0,0,0,0,0,0,0,True,False,False,False,False,False,True,False,False,False,False,True,False,0,0,1,0,0,0
82,0,4.7,2483.0,0,1,0,0,0,0,False,True,False,False,False,False,True,False,False,False,False,False,True,1,0,0,0,0,0
83,1,4.6,1001.0,0,1,0,0,0,0,True,False,False,False,False,False,True,False,False,False,True,False,False,0,0,1,0,0,0
84,1,4.5,563.0,0,1,0,0,0,0,True,False,False,False,False,False,True,False,False,False,True,False,False,0,0,1,0,1,0
85,1,4.7,147.0,0,0,1,0,0,0,True,False,False,False,False,True,False,False,False,False,False,True,False,0,1,0,0,0,0
86,0,4.4,782.0,0,0,0,0,0,0,False,True,False,False,False,False,True,False,False,False,False,True,False,0,0,1,0,0,0
88,1,4.6,47.0,0,0,1,0,0,0,False,False,True,False,True,False,False,False,False,False,False,True,False,0,0,0,1,0,0
89,1,4.7,134.0,0,0,1,0,0,0,False,True,False,False,False,True,False,False,False,False,False,True,False,0,1,0,0,0,0
90,1,4.2,1066.0,0,1,0,0,0,0,False,True,False,False,False,False,True,False,False,False,True,False,False,0,1,0,0,0,0
91,1,4.6,7178.0,0,0,0,0,0,0,True,False,False,False,False,False,True,False,False,False,False,True,False,0,1,0,0,0,0
92,0,4.7,88.0,0,0,1,0,0,0,False,False,True,False,True,False,False,False,False,False,False,True,False,0,0,0,1,0,0
93,1,4.3,1101.0,0,0,0,0,0,0,False,True,False,True,False,False,False,False,False,False,False,True,False,1,0,0,0,0,0
94,1,4.7,57.0,0,0,1,0,0,0,False,True,False,False,False,True,False,False,False,False,False,True,False,0,0,1,0,0,0
95,1,4.5,608.0,0,0,0,0,0,0,True,False,False,False,False,False,True,False,False,False,False,True,False,0,0,1,0,0,0
96,1,4.4,474.0,0,0,0,0,0,0,True,False,False,False,False,False,True,False,False,False,True,False,False,0,1,0,0,0,0
97,0,4.5,952.0,0,1,0,0,0,0,False,True,False,False,False,False,True,False,False,False,True,False,False,0,0,1,0,0,0
98,1,4.7,672.0,0,0,0,0,0,0,False,False,True,False,False,False,True,False,False,False,False,True,False,0,0,0,1,0,0
99,1,4.5,1272.0,0,0,0,0,0,0,True,False,False,False,False,False,True,False,False,False,False,True,False,0,1,0,0,0,0
100,0,4.9,63.0,0,0,1,0,0,0,False,True,False,False,False,True,False,False,False,False,False,True,False,0,0,1,0,0,0
101,0,4.3,825.0,0,0,0,0,0,0,True,False,False,False,False,False,True,False,False,False,False,True,False,0,1,0,0,0,0
104,1,4.3,1188.0,0,0,0,0,0,0,True,False,False,False,False,False,True,False,False,False,True,False,False,0,1,0,0,1,0
105,1,4.7,362.0,0,0,0,0,0,0,True,False,False,False,False,False,True,False,False,False,False,True,False,0,0,1,0,0,0
106,1,4.1,351.0,0,0,0,0,0,0,False,True,False,False,False,False,True,False,False,False,False,True,False,0,1,0,0,0,0
107,0,4.3,16369.0,0,0,0,0,0,0,True,False,False,False,False,False,True,False,False,False,False,True,False,0,1,0,0,0,0
108,0,4.5,1946.0,0,0,0,0,0,0,False,True,False,False,False,False,True,False,False,False,True,False,False,1,0,0,0,0,0
110,0,4.5,939.0,1,1,0,0,0,0,True,False,False,False,False,False,True,False,False,False,True,False,False,0,0,0,0,1,0
111,0,4.6,2427.0,0,0,0,0,0,0,False,False,True,False,False,False,True,False,False,False,False,True,False,0,0,0,0,0,1
112,0,4.7,475.0,0,0,0,0,0,0,False,True,False,False,False,False,True,False,False,False,False,True,False,1,0,0,0,0,0
113,1,4.2,5035.0,0,0,0,0,0,0,True,False,False,False,False,False,True,False,False,False,False,True,False,0,1,0,0,1,0
114,0,4.3,147.0,0,0,0,0,0,0,False,True,False,False,False,False,True,False,False,False,False,True,False,1,0,0,0,0,0
115,0,4.3,1412.0,0,0,0,0,0,0,True,False,False,False,False,False,True,False,False,False,False,True,False,0,1,0,0,1,0
116,1,4.6,173.0,0,0,0,0,0,0,False,False,True,False,False,False,True,False,False,False,False,True,False,0,0,1,0,0,0
120,1,4.8,1566.0,1,1,0,0,0,0,True,False,False,False,False,False,True,False,False,False,False,False,True,0,0,0,0,1,0
121,1,4.3,402.0,0,0,0,0,0,0,True,False,False,False,False,False,True,False,False,False,False,True,False,0,0,1,0,0,0
123,0,4.6,984.0,0,1,0,0,0,0,False,True,False,False,False,False,True,False,False,False,True,False,False,0,0,1,0,0,0
127,0,4.6,945.0,0,0,0,0,0,0,True,False,False,False,False,False,True,False,False,False,True,False,False,0,1,0,0,0,0
128,1,4.4,936.0,0,0,0,0,0,0,False,False,True,False,False,False,True,False,False,False,False,True,False,0,0,1,0,0,0
129,1,4.9,11.0,0,0,1,0,0,0,False,False,True,False,True,False,False,False,False,False,False,True,False,0,0,0,1,0,0
130,1,4.5,1898.0,0,0,0,0,0,0,False,True,False,False,False,False,True,False,False,False,True,False,False,0,1,0,0,0,0
131,1,4.3,563.0,0,0,0,0,0,0,False,False,True,False,False,False,True,False,False,False,False,True,False,0,0,0,1,0,0
132,1,4.7,1514.0,0,1,0,0,0,0,True,False,False,False,False,False,True,False,False,False,False,False,True,0,0,0,0,1,0
133,1,4.4,505.0,0,1,0,0,0,0,False,True,False,False,False,False,True,False,False,False,True,False,False,0,0,1,0,0,0
134,1,4.5,75.0,0,0,1,0,0,0,True,False,False,False,False,True,False,False,False,False,False,True,False,0,1,0,0,0,0
135,1,4.4,42.0,0,0,0,0,0,0,True,False,False,False,False,False,True,False,False,False,False,True,False,0,0,1,0,0,0
137,1,4.6,889.0,0,0,0,0,0,0,True,False,False,False,False,False,True,False,False,False,False,True,False,0,1,0,0,0,0
138,0,4.5,150.0,0,0,0,0,0,0,True,False,False,False,False,False,True,False,False,False,False,True,False,0,0,1,0,0,0
139,0,4.4,2199.0,0,0,0,0,0,0,False,True,False,False,False,False,True,False,False,False,True,False,False,1,0,0,0,0,0
140,0,4.2,1191.0,0,0,0,0,0,0,False,True,False,False,False,False,True,False,False,False,True,False,False,1,0,0,0,0,0
141,1,4.5,100.0,0,0,1,0,0,0,False,False,True,False,True,False,False,False,False,False,False,True,False,0,0,0,1,0,0
148,1,4.4,2082.0,0,0,1,0,0,0,True,False,False,False,False,False,False,True,False,False,False,True,False,0,0,1,0,1,0
149,0,4.6,157.0,0,0,1,0,0,0,True,False,False,False,False,False,False,True,False,False,False,True,False,0,0,1,0,0,0
150,1,4.6,521.0,0,0,1,0,0,0,True,False,False,False,False,False,False,True,False,False,False,True,False,0,0,1,0,1,0
156,0,5.0,5.0,0,0,0,0,0,0,False,True,False,True,False,False,False,False,False,False,False,True,False,0,0,1,0,0,0
157,0,4.1,514.0,0,0,1,0,0,0,False,False,True,False,False,False,False,True,False,False,True,False,False,0,0,0,0,0,1
160,1,4.5,490.0,0,0,0,0,0,0,True,False,False,False,False,False,True,False,False,False,False,True,False,0,0,1,0,0,0
161,0,4.6,76.0,0,0,0,0,0,0,False,True,False,True,False,False,False,False,False,False,False,True,False,1,0,0,0,0,0
162,0,4.5,998.0,0,0,1,0,0,0,True,False,False,False,False,False,False,True,False,False,False,True,False,0,0,1,0,1,0
163,1,4.5,612.0,0,0,1,0,0,0,True,False,False,False,False,False,False,True,False,False,False,True,False,0,0,1,0,0,0
165,1,4.4,579.0,0,0,1,0,0,0,True,False,False,False,False,False,False,True,False,False,False,True,False,0,0,1,0,0,0
166,0,4.5,17.0,0,0,1,0,0,0,True,False,False,False,False,False,False,True,False,False,False,True,False,0,0,1,0,0,0
167,1,4.5,1112.0,0,0,1,0,0,0,True,False,False,False,False,False,False,True,False,False,False,True,False,0,1,0,0,1,0
168,1,4.3,398.0,0,0,1,0,0,0,True,False,False,False,False,False,False,True,False,False,False,True,False,0,0,1,0,1,0
169,0,4.3,533.0,0,0,0,0,0,0,False,True,False,True,False,False,False,False,False,False,False,True,False,1,0,0,0,0,0
170,1,4.6,1514.0,0,0,0,0,0,0,True,False,False,False,False,False,True,False,False,False,False,True,False,0,0,1,0,0,0
171,1,4.5,133.0,0,0,1,0,0,0,True,False,False,False,False,False,False,True,False,False,False,True,False,0,0,1,0,0,0
177,0,4.4,79.0,0,0,1,0,0,0,True,False,False,False,False,False,False,True,False,False,False,True,False,0,0,1,0,0,0
178,0,4.3,789.0,0,0,1,0,0,0,True,False,False,False,False,False,False,True,False,False,False,True,False,0,0,1,0,1,0
179,0,4.2,616.0,0,0,1,0,0,0,True,False,False,False,False,False,False,True,False,False,False,True,False,0,0,1,0,0,0
180,0,4.5,76.0,0,0,1,0,0,0,True,False,False,False,False,False,False,True,False,False,False,True,False,0,0,1,0,1,0
184,0,4.6,125.0,0,0,1,0,0,0,False,True,False,False,False,False,False,True,False,False,False,True,False,0,0,1,0,0,0
185,1,4.4,519.0,0,0,1,0,0,0,True,False,False,False,False,False,False,True,False,False,False,True,False,0,0,1,0,1,0
186,0,4.5,720.0,0,0,1,0,0,0,True,False,False,False,False,False,False,True,False,False,False,True,False,0,0,1,0,1,0
188,1,4.6,437.0,0,0,1,0,0,0,True,False,False,False,False,False,False,True,False,False,False,True,False,0,0,1,0,1,0
189,1,4.6,560.0,0,0,1,0,0,0,False,False,True,False,False,False,False,True,False,False,False,True,False,0,0,1,0,0,0
190,0,4.3,1543.0,0,0,0,0,0,0,True,False,False,False,False,False,True,False,False,False,False,True,False,0,1,0,0,1,0
192,0,4.2,687.0,0,0,1,0,0,0,True,False,False,False,False,False,False,True,False,False,False,True,False,0,1,0,0,1,0
194,1,4.1,428.0,0,0,0,0,0,0,True,False,False,False,False,False,True,False,False,False,False,True,False,0,0,1,0,0,0
198,0,4.7,1621.0,0,0,1,0,0,0,True,False,False,False,False,False,False,True,False,False,False,True,False,0,0,1,0,1,0
201,0,5.0,2.0,0,0,1,0,0,0,True,False,False,False,False,False,False,True,False,False,False,True,False,0,0,1,0,0,0
203,0,4.5,218.0,0,0,1,0,0,0,True,False,False,False,False,False,False,True,False,False,False,True,False,0,0,1,0,1,0
205,1,5.0,5.0,0,0,1,0,0,0,True,False,False,False,False,False,False,True,False,False,False,True,False,0,0,1,0,0,0
206,0,4.2,479.0,0,0,1,0,0,0,True,False,False,False,False,False,False,True,False,False,False,True,False,0,0,1,0,0,0
207,0,4.2,195.0,0,0,1,0,0,0,True,False,False,False,False,False,False,True,False,False,False,True,False,0,0,1,0,1,0
208,1,4.3,135.0,0,0,1,0,0,0,True,False,False,False,False,False,False,True,False,False,False,True,False,0,0,1,0,1,0
209,1,4.4,3666.0,0,0,1,0,0,0,True,False,False,False,False,False,False,True,False,False,False,True,False,0,0,1,0,1,0
214,1,4.4,2264.0,0,0,1,0,0,0,True,False,False,False,False,False,False,True,False,False,False,True,False,0,0,1,0,0,0
216,0,4.1,528.0,0,0,1,0,0,0,False,False,True,False,False,False,False,True,False,False,False,True,False,0,0,0,0,0,1
219,1,4.5,344.0,0,0,1,0,0,0,True,False,False,False,False,False,False,True,False,False,False,True,False,0,1,1,0,0,0
221,0,5.0,4.0,0,0,1,0,0,0,False,True,False,False,False,False,False,True,False,False,False,True,False,1,0,0,0,0,0
226,1,4.5,568.0,0,0,1,0,0,0,True,False,False,False,False,False,False,True,False,False,False,True,False,0,0,1,0,0,0
227,0,4.6,937.0,0,0,1,0,0,0,True,False,False,False,False,False,False,True,False,False,False,True,False,0,0,1,0,0,0
228,0,4.5,239.0,0,0,1,0,0,0,False,True,False,False,False,False,False,True,False,False,False,True,False,0,0,1,0,0,0
230,1,4.5,426.0,0,0,1,0,0,0,True,False,False,False,False,False,False,True,False,False,False,True,False,0,0,1,0,1,0
231,1,4.6,572.0,0,0,1,0,0,0,True,False,False,False,False,False,False,True,False,False,False,True,False,0,0,1,0,1,0
232,1,4.6,69.0,0,0,1,0,0,0,True,False,False,False,False,True,False,False,False,False,False,True,False,0,1,0,0,0,0
233,1,5.0,7.0,0,0,1,0,0,0,False,True,False,False,False,True,False,False,False,False,False,True,False,0,0,1,0,0,0
234,0,4.6,184.0,0,0,1,0,0,0,True,False,False,False,False,True,False,False,False,False,False,True,False,0,1,0,0,0,0
235,1,4.4,1282.0,0,0,0,0,0,0,True,False,False,False,False,False,True,False,False,False,False,True,False,0,1,0,0,0,0
236,0,4.4,246.0,0,0,0,0,0,0,False,False,True,True,False,False,False,False,False,False,False,True,False,0,0,1,0,0,0
237,1,4.7,309.0,0,0,1,0,0,0,False,False,True,False,True,False,False,False,False,False,False,True,False,0,0,0,1,0,0
238,0,4.1,785.0,0,0,0,0,0,0,False,True,False,False,False,False,True,False,False,False,False,True,False,1,0,0,0,0,0
239,0,4.1,1267.0,0,1,0,0,0,0,False,True,False,False,False,False,True,False,False,False,True,False,False,1,0,0,0,0,0
241,1,4.6,897.0,0,1,0,0,0,0,False,False,True,False,False,False,True,False,False,False,True,False,False,0,0,0,0,0,1
243,0,4.7,281.0,0,0,0,0,0,0,True,False,False,False,False,False,True,False,False,False,True,False,False,0,0,1,0,0,0
244,0,4.4,727.0,0,0,0,0,0,0,True,False,False,False,False,False,True,False,False,False,False,True,False,0,1,0,0,0,0
245,1,4.6,777.0,0,0,0,0,0,0,True,False,False,False,False,False,True,False,False,False,False,True,False,0,0,1,0,0,0
246,0,5.0,17.0,0,0,1,0,0,0,False,True,False,False,False,True,False,False,False,False,False,True,False,0,1,1,0,0,0
247,1,4.8,98.0,0,0,1,0,0,0,False,False,True,False,True,False,False,False,False,False,False,True,False,0,0,0,1,0,0
248,1,4.8,68.0,0,0,1,0,0,0,False,False,True,False,True,False,False,False,False,False,False,True,False,0,0,0,1,0,0
249,1,4.4,315.0,0,0,1,0,0,0,False,False,True,False,True,False,False,False,False,False,False,True,False,0,0,0,1,0,0
251,1,4.9,481.0,0,0,1,0,0,0,False,False,True,False,True,False,False,False,False,False,False,True,False,0,0,0,1,0,0
252,1,4.9,153.0,0,0,1,0,0,0,False,False,True,False,True,False,False,False,False,False,False,True,False,0,0,0,1,0,0
253,1,4.6,74.0,0,0,1,0,0,0,False,True,False,False,False,True,False,False,False,False,False,True,False,0,1,1,0,0,0
254,1,4.7,2055.0,1,1,0,0,0,0,True,False,False,False,False,False,True,False,False,False,False,False,True,0,0,0,0,1,0
255,1,4.4,880.0,0,0,0,0,0,0,True,False,False,False,False,False,True,False,False,False,False,True,False,0,1,0,0,0,0
256,1,4.6,2676.0,0,1,0,0,0,0,True,False,False,True,False,False,False,False,False,False,True,False,False,0,0,1,0,0,0
259,1,4.4,2186.0,0,1,0,0,0,0,True,False,False,False,False,False,True,False,False,False,True,False,False,0,1,0,0,0,0
262,0,4.3,355.0,0,0,0,0,0,0,True,False,False,False,False,False,True,False,False,False,False,True,False,0,1,0,0,1,0
265,0,4.4,482.0,0,0,0,0,0,0,False,True,False,False,False,False,True,False,False,False,False,True,False,0,0,1,0,0,0
266,1,4.3,2460.0,0,1,0,0,0,0,False,True,False,False,False,False,True,False,False,False,False,True,False,0,1,0,0,0,0
267,1,4.2,571.0,0,0,0,0,0,0,True,False,False,False,False,False,True,False,False,False,False,True,False,0,1,0,0,0,0
268,0,4.5,408.0,0,0,0,0,0,0,True,False,False,False,False,False,True,False,False,False,False,True,False,0,0,1,0,0,0
270,0,4.4,710.0,0,0,0,0,0,0,False,True,False,False,False,False,True,False,False,False,True,False,False,0,0,1,0,0,0
271,0,4.1,917.0,0,0,0,0,0,0,False,True,False,False,False,False,True,False,False,False,False,True,False,0,0,1,0,0,0
274,0,4.6,65.0,0,0,1,0,0,0,False,False,True,False,True,False,False,False,False,False,False,True,False,0,0,0,1,0,0
276,0,4.3,1858.0,1,1,0,0,0,0,False,True,False,True,False,False,False,False,False,False,False,False,True,0,0,1,0,0,0
277,1,4.2,15080.0,0,0,0,0,0,0,False,True,False,False,False,False,True,False,False,False,False,True,False,1,0,0,0,0,0
282,1,4.1,2216.0,0,0,0,0,0,0,True,False,False,False,False,False,True,False,False,False,False,True,False,0,1,0,0,1,0
283,1,4.6,1405.0,0,0,0,0,0,0,False,True,False,False,False,False,True,False,False,False,False,True,False,0,0,1,0,0,0
284,0,4.5,1542.0,0,0,0,0,0,0,False,True,False,False,False,False,True,False,False,False,False,True,False,1,0,0,0,0,0
285,1,4.3,2679.0,0,0,0,0,0,0,True,False,False,False,False,False,True,False,False,False,False,True,False,0,1,0,0,1,0
287,0,4.5,300.0,1,1,0,0,0,0,False,True,False,False,False,False,True,False,False,False,False,False,True,1,0,0,0,0,0
289,0,4.3,3896.0,0,0,0,0,0,0,True,False,False,False,False,False,True,False,False,False,False,True,False,0,1,0,0,1,0
291,0,4.3,76.0,0,0,0,0,0,0,True,False,False,False,False,False,True,False,False,False,False,True,False,0,0,1,0,0,0
293,1,4.8,163.0,0,0,1,0,0,0,False,False,True,False,True,False,False,False,False,False,False,True,False,0,0,0,1,0,0
294,1,4.6,149.0,0,0,1,0,0,0,False,False,True,False,True,False,False,False,False,False,False,True,False,0,0,0,1,0,0
295,1,4.6,17.0,0,0,1,0,0,0,False,False,True,False,True,False,False,False,False,False,False,True,False,0,0,0,1,0,0
296,1,4.8,76.0,0,0,1,0,0,0,False,False,True,False,True,False,False,False,False,False,False,True,False,0,0,0,1,0,0
297,1,5.0,7.0,0,0,1,0,0,0,False,False,True,False,True,False,False,False,False,False,False,True,False,0,0,0,1,0,0
298,0,4.3,3351.0,0,1,0,0,0,0,True,False,False,False,False,False,True,False,False,False,True,False,False,0,1,0,0,1,0
299,1,5.0,1.0,0,0,1,0,0,0,False,False,True,False,True,False,False,False,False,False,False,True,False,0,0,0,1,0,0
303,0,4.4,740.0,0,0,1,0,0,0,False,False,True,False,False,False,True,False,False,False,False,True,False,0,0,0,0,0,1
304,0,4.2,3525.0,0,0,1,0,0,0,True,False,False,False,False,False,True,False,False,False,False,True,False,0,1,0,0,1,0
306,0,4.5,331.0,0,0,1,0,0,0,True,False,False,False,False,False,True,False,False,False,False,True,False,0,0,1,0,0,0
307,0,4.1,2410.0,0,0,1,0,0,0,False,True,False,False,False,False,True,False,False,False,False,True,False,1,0,0,0,0,0
308,0,4.1,2179.0,0,0,1,0,0,0,True,False,False,False,False,False,True,False,False,False,False,True,False,0,1,0,0,1,0
309,0,4.4,1127.0,0,1,1,0,0,0,False,True,False,False,False,False,True,False,False,False,False,True,False,0,0,1,0,0,0
314,1,4.5,232.0,0,0,1,0,0,0,True,False,False,False,False,False,False,True,False,False,False,True,False,0,0,1,0,0,0
315,1,4.5,673.0,0,0,0,0,0,0,False,True,False,False,False,False,True,False,False,False,False,True,False,0,1,0,0,0,0
316,0,4.7,342.0,0,0,0,0,0,0,True,False,False,False,False,False,True,False,False,False,False,True,False,0,0,1,0,0,0
317,1,4.7,1265.0,0,1,0,0,0,0,True,False,False,False,False,False,True,False,False,False,False,True,False,0,0,1,0,0,0
319,1,4.5,324.0,0,0,0,0,0,0,True,False,False,False,False,False,True,False,False,False,False,True,False,0,0,1,0,0,0
320,1,4.5,174.0,0,0,0,0,0,0,True,False,False,False,False,False,True,False,False,False,False,True,False,0,0,1,0,0,0
326,1,5.0,17.0,0,0,0,0,0,0,False,False,True,False,False,False,True,False,False,False,False,True,False,0,0,1,0,0,0
328,1,4.3,3348.0,0,0,0,0,0,0,False,True,False,False,False,False,True,False,False,False,False,True,False,0,1,0,0,0,0
329,1,4.7,3169.0,0,0,0,0,0,0,True,False,False,False,False,False,True,False,False,False,False,True,False,0,1,0,0,0,0
333,1,4.3,570.0,0,0,0,0,0,0,False,True,False,False,False,False,True,False,False,False,False,True,False,0,1,0,0,0,0
338,1,4.1,1712.0,0,0,0,0,0,0,True,False,False,False,False,False,True,False,False,False,False,True,False,0,1,0,0,1,0
341,1,4.2,748.0,1,1,0,0,0,0,False,True,False,False,False,False,True,False,False,False,False,False,True,1,0,0,0,0,0
342,0,4.2,470.0,0,0,0,0,0,0,True,False,False,False,False,False,True,False,False,False,False,True,False,0,1,0,0,0,0
344,1,4.6,1737.0,0,0,0,0,0,0,False,False,True,False,False,False,True,False,False,False,False,True,False,0,0,0,1,0,0
347,1,4.5,331.0,0,0,0,0,0,0,True,False,False,False,False,False,True,False,False,False,False,True,False,0,0,1,0,0,0
350,1,4.6,57.0,0,0,0,0,0,0,True,False,False,False,False,False,True,False,False,False,False,True,False,0,0,1,0,0,0
351,1,4.3,10396.0,0,0,0,0,0,0,True,False,False,False,False,False,True,False,False,False,False,True,False,0,1,0,0,1,0
352,1,4.4,2339.0,0,0,0,0,0,0,False,False,True,False,False,False,True,False,False,False,False,True,False,0,0,0,1,0,0
353,1,4.3,295.0,0,0,0,0,0,0,True,False,False,False,False,False,True,False,False,False,False,True,False,0,1,0,0,0,0
355,1,4.6,184.0,0,0,0,0,0,0,True,False,False,False,False,False,True,False,False,False,False,True,False,0,0,1,0,0,0
356,0,4.1,46.0,0,0,0,0,0,0,False,False,True,False,False,False,True,False,False,False,False,True,False,0,0,0,1,0,0
357,1,4.7,181.0,0,0,0,0,0,0,True,False,False,False,False,False,True,False,False,False,False,True,False,0,0,1,0,0,0
360,1,4.6,174.0,0,0,1,0,0,0,False,False,True,False,False,True,False,False,False,False,False,True,False,0,0,1,0,0,0
362,1,4.7,91.0,0,0,1,0,0,0,False,False,True,False,False,True,False,False,False,False,False,True,False,0,0,1,0,0,0
364,0,4.6,5387.0,0,0,0,0,0,0,False,True,False,False,False,False,True,False,False,False,False,True,False,1,0,0,0,0,0
365,0,4.1,784.0,0,0,0,0,0,0,False,True,False,False,False,False,True,False,False,False,False,True,False,1,0,0,0,0,0
367,1,4.4,1217.0,0,0,0,0,0,0,False,False,True,False,False,False,True,False,False,False,False,True,False,0,0,0,0,0,1
368,1,4.5,1234.0,0,0,0,0,0,0,False,True,False,False,False,False,True,False,False,False,False,True,False,0,0,1,0,0,0
369,1,4.7,494.0,0,0,0,0,0,0,False,True,False,False,False,False,True,False,False,False,False,True,False,0,0,1,0,0,0
370,0,4.6,663.0,0,0,0,0,0,0,False,True,False,False,False,False,True,False,False,False,False,True,False,0,1,0,0,0,0
373,1,4.3,27.0,0,0,1,0,0,0,False,True,False,False,False,True,False,False,False,False,False,True,False,0,0,1,0,0,0
374,1,4.8,139.0,0,0,1,0,0,0,False,True,False,False,False,True,False,False,False,False,False,True,False,0,0,1,0,0,0
375,1,4.6,73.0,0,0,1,0,0,0,False,False,True,False,True,False,False,False,False,False,False,True,False,0,0,0,1,0,0
377,0,4.1,654.0,0,0,0,0,0,0,False,True,False,False,False,False,True,False,False,False,False,True,False,1,0,0,0,0,0
378,0,4.5,788.0,1,1,0,0,0,0,False,True,False,False,False,False,True,False,False,False,True,False,False,1,0,0,0,0,0
379,1,4.4,280.0,0,0,1,0,0,0,True,False,False,False,False,True,False,False,False,False,False,True,False,0,1,0,0,0,0
380,0,4.3,50.0,0,0,0,0,0,0,False,False,True,False,False,False,True,False,False,False,False,True,False,0,0,0,1,0,0
381,1,4.5,2368.0,0,1,0,0,0,0,False,True,False,False,False,False,True,False,False,False,False,True,False,0,0,1,0,0,0
384,0,4.3,109.0,0,0,0,0,0,0,True,False,False,False,False,False,True,False,False,False,False,True,False,0,1,0,0,1,0
386,0,4.7,792.0,0,0,0,0,0,0,False,True,False,False,False,False,True,False,False,False,False,True,False,0,0,1,0,0,0
387,1,4.6,1264.0,0,0,0,0,0,0,True,False,False,True,False,False,False,False,False,False,False,True,False,0,0,1,0,0,0
388,0,4.4,424.0,0,0,0,0,0,0,True,False,False,False,False,False,True,False,False,False,False,True,False,0,0,1,0,0,0
389,0,4.5,1810.0,0,0,0,0,0,0,True,False,False,True,False,False,False,False,False,False,False,True,False,0,1,0,0,0,0
390,1,4.4,397.0,0,0,0,0,0,0,True,False,False,False,False,False,True,False,False,False,False,True,False,0,0,1,0,0,0
392,1,4.2,1357.0,0,0,0,0,0,0,True,False,False,False,False,False,True,False,False,False,False,True,False,0,1,0,0,0,0
393,1,4.3,187.0,0,0,0,0,0,0,False,False,True,False,False,False,True,False,False,False,False,True,False,0,0,1,0,0,0
394,0,4.5,118.0,0,0,0,0,0,0,False,False,True,False,False,False,True,False,False,False,False,True,False,0,0,1,0,0,0
395,0,4.2,1118.0,0,0,0,0,0,0,False,True,False,False,False,False,True,False,False,False,False,True,False,1,0,0,0,0,0
396,1,4.5,366.0,0,0,0,0,0,0,True,False,False,False,False,False,True,False,False,False,False,True,False,0,1,0,0,0,0
397,0,4.1,825.0,0,0,0,0,0,0,True,False,False,False,False,False,True,False,False,False,False,True,False,0,1,0,0,1,0
398,0,4.6,1204.0,1,1,0,0,0,0,False,True,False,False,False,False,True,False,False,False,True,False,False,0,0,1,0,0,0
399,1,4.1,677.0,0,0,0,0,0,0,True,False,False,False,False,False,True,False,False,False,False,True,False,0,0,1,0,0,0
403,1,4.7,1114.0,0,0,0,0,0,0,False,False,True,False,False,False,True,False,False,False,False,True,False,0,0,0,1,0,0
404,1,4.7,1022.0,0,0,0,0,0,0,False,False,True,False,False,False,True,False,False,False,False,True,False,0,0,0,1,0,0
406,1,5.0,1.0,0,0,0,0,0,0,False,False,True,False,False,False,True,False,False,False,False,True,False,0,0,0,1,0,0
410,1,4.2,458.0,0,0,0,0,0,0,False,False,True,False,False,False,True,False,False,False,False,True,False,0,0,0,1,0,0
411,0,4.6,29.0,0,0,0,0,0,0,True,False,False,False,False,False,True,False,False,False,False,True,False,0,0,1,0,0,0
414,1,4.4,566.0,0,0,0,0,0,0,True,False,False,False,False,False,True,False,False,False,False,True,False,0,0,1,0,0,0
428,1,4.5,1722.0,0,0,0,0,0,0,True,False,False,False,False,False,True,False,False,False,False,True,False,0,1,0,0,0,0
429,1,4.6,51.0,0,0,0,0,0,0,True,False,False,True,False,False,False,False,False,False,False,True,False,0,1,0,0,0,0
431,1,4.2,93.0,0,0,0,0,0,0,True,False,False,False,False,False,True,False,False,False,False,True,False,0,1,0,0,0,0
432,1,4.4,327.0,0,0,0,0,0,0,True,False,False,False,False,False,True,False,False,False,False,True,False,0,1,0,0,0,0
435,1,4.5,101.0,0,0,0,0,0,0,False,True,False,False,False,False,True,False,False,False,False,True,False,0,0,1,0,0,0
437,1,5.0,146.0,0,0,1,0,0,0,False,True,False,False,False,True,False,False,False,False,False,True,False,0,0,1,0,0,0
440,1,4.5,697.0,0,0,0,0,0,0,False,False,True,False,False,False,True,False,False,False,False,True,False,0,0,1,0,0,0
442,1,4.3,194.0,0,0,0,0,0,0,False,True,False,False,False,False,True,False,False,False,False,True,False,0,0,1,0,0,0
443,1,4.2,562.0,0,0,0,0,0,0,False,True,False,True,False,False,False,False,False,False,True,False,False,0,1,0,0,0,0
444,1,4.3,320.0,0,0,0,0,0,0,False,True,False,False,False,False,True,False,False,False,False,True,False,0,0,1,0,0,0
448,1,4.6,66.0,0,0,0,0,0,0,False,True,False,False,False,False,True,False,False,False,False,True,False,0,0,1,0,0,0
453,1,4.2,880.0,0,0,0,0,0,0,True,False,False,False,False,False,True,False,False,False,False,True,False,0,1,0,0,1,0
456,1,4.7,600.0,0,0,0,0,0,0,False,True,False,False,False,False,True,False,False,False,False,True,False,0,0,1,0,0,0
457,1,4.2,258.0,0,0,0,0,0,0,True,False,False,False,False,False,True,False,False,False,False,True,False,0,1,0,0,0,0
458,1,4.1,1483.0,0,0,0,0,0,0,False,True,False,False,False,False,True,False,False,False,False,True,False,0,0,1,0,0,0
460,1,4.6,421.0,0,0,0,0,0,0,False,True,False,False,False,False,True,False,False,False,False,True,False,0,0,1,0,0,0
464,0,4.8,498.0,0,0,0,0,0,0,False,True,False,False,False,False,True,False,False,False,False,True,False,0,0,1,0,0,0
465,1,4.5,1951.0,0,0,0,0,0,0,True,False,False,False,False,False,True,False,False,False,True,False,False,0,1,0,0,1,0
470,1,4.2,463.0,0,0,0,0,0,0,True,False,False,False,False,False,True,False,False,False,False,True,False,0,0,1,0,0,0
471,1,4.5,3189.0,0,0,0,0,0,0,True,False,False,False,False,False,True,False,False,False,False,True,False,0,0,1,0,0,0
472,0,4.4,422.0,0,0,0,0,0,0,True,False,False,False,False,False,True,False,False,False,False,True,False,0,0,1,0,0,0
475,1,4.3,1272.0,0,0,0,0,0,0,True,False,False,False,False,False,True,False,False,False,True,False,False,0,1,0,0,1,0
477,1,4.4,201.0,0,0,0,0,0,0,False,True,False,False,False,False,True,False,False,False,False,True,False,0,0,1,0,0,0
478,1,4.5,38.0,0,0,0,0,0,0,False,True,False,False,False,False,True,False,False,False,False,True,False,0,0,1,0,0,0
481,1,5.0,10.0,0,0,1,0,0,0,False,True,False,False,False,True,False,False,False,False,False,True,False,0,1,0,0,0,0
482,0,4.1,314.0,0,0,0,0,0,0,True,False,False,False,False,False,True,False,False,False,False,True,False,0,0,1,0,0,0
484,1,4.3,2775.0,0,1,0,0,0,0,True,False,False,False,False,False,True,False,False,False,True,False,False,0,1,0,0,1,0
485,1,4.2,1062.0,0,0,0,0,0,0,True,False,False,False,False,False,True,False,False,False,False,True,False,0,1,0,0,1,0
488,1,4.4,657.0,0,0,0,0,0,0,False,True,False,False,False,False,True,False,False,False,False,True,False,0,1,0,0,0,0
490,1,4.7,1168.0,0,0,0,0,0,0,True,False,False,False,False,False,True,False,False,False,False,True,False,0,0,1,0,0,0
491,1,4.6,212.0,0,0,0,0,0,0,False,False,True,False,False,False,True,False,False,False,False,True,False,0,0,1,0,0,0
492,1,4.4,870.0,0,0,0,0,0,0,False,True,False,False,False,False,True,False,False,False,False,True,False,0,0,1,0,0,0
495,0,4.4,2521.0,0,0,0,0,0,0,False,True,False,False,False,False,True,False,False,False,False,True,False,0,0,1,0,0,0
496,1,4.7,922.0,0,0,0,0,0,0,False,True,False,False,False,False,True,False,False,False,False,True,False,0,0,1,0,0,0
497,0,4.1,417.0,0,0,0,0,0,0,False,True,False,False,False,False,True,False,False,False,False,True,False,0,0,1,0,0,0
498,1,4.1,3729.0,0,0,0,0,0,0,True,False,False,False,False,False,True,False,False,False,False,True,False,0,1,0,0,0,0
499,1,4.4,867.0,0,0,0,0,0,0,True,False,False,False,False,False,True,False,False,False,False,True,False,0,1,0,0,0,0
500,1,4.1,4391.0,0,0,0,0,0,0,True,False,False,False,False,False,True,False,False,False,False,True,False,0,1,0,0,0,0
501,1,4.1,814.0,0,0,0,0,0,0,True,False,False,False,False,False,True,False,False,False,False,True,False,0,1,0,0,0,0
504,1,4.1,620.0,0,0,0,0,0,0,True,False,False,False,False,False,True,False,False,False,False,True,False,0,1,0,0,1,0
507,1,4.4,201.0,0,0,0,0,0,0,False,True,False,False,False,False,True,False,False,False,False,True,False,0,0,1,0,0,0
508,1,4.4,862.0,0,0,0,0,0,0,False,False,True,False,False,False,True,False,False,False,False,True,False,0,0,0,0,0,1
510,1,4.4,7560.0,0,0,0,0,0,0,False,False,True,False,False,False,True,False,False,False,False,True,False,0,0,0,0,0,1
514,0,4.8,37.0,0,0,1,0,0,0,True,False,False,False,False,False,False,True,False,False,False,True,False,0,0,1,0,0,0
515,1,4.6,797.0,0,0,0,0,0,0,True,False,False,False,False,False,True,False,False,False,False,True,False,0,0,1,0,0,0
516,1,4.2,396.0,0,0,0,0,0,0,True,False,False,False,False,False,True,False,False,False,False,True,False,0,0,1,0,0,0
517,1,4.7,249.0,0,0,0,0,0,0,True,False,False,False,False,False,True,False,False,False,False,True,False,0,0,1,0,0,0
520,0,4.2,9.0,0,0,1,0,0,0,False,True,False,False,False,True,False,False,False,False,False,True,False,0,1,0,0,0,0
521,1,4.7,65.0,0,0,1,0,0,0,False,True,False,False,False,True,False,False,False,False,False,True,False,0,1,0,0,0,0
522,1,4.8,23.0,0,0,1,0,0,0,False,True,False,False,False,True,False,False,False,False,False,True,False,0,0,1,0,0,0
523,1,4.9,49.0,0,0,1,0,0,0,False,True,False,False,False,True,False,False,False,False,False,True,False,0,0,1,0,0,0
524,1,4.7,179.0,0,0,1,0,0,0,False,False,True,False,True,False,False,False,False,False,False,True,False,0,0,0,1,0,0
525,1,4.9,258.0,0,0,1,0,0,0,False,False,True,False,True,False,False,False,False,False,False,True,False,0,0,0,1,0,0
526,1,4.7,336.0,0,0,0,0,0,1,True,False,False,False,False,False,True,False,False,False,False,True,False,0,0,1,0,0,0
527,1,4.4,51.0,0,0,0,0,0,0,True,False,False,False,False,False,True,False,False,False,False,True,False,0,0,1,0,0,0
532,1,4.3,1199.0,0,0,0,0,0,0,False,True,False,False,False,False,True,False,False,False,False,True,False,1,0,0,0,0,0
534,1,4.4,172.0,0,0,0,0,0,0,False,True,False,False,False,False,True,False,False,False,False,True,False,1,0,0,0,0,0
535,1,4.7,1899.0,0,0,1,0,0,0,False,True,False,False,False,True,False,False,False,False,False,False,True,0,0,1,0,0,0
538,1,4.7,140.0,0,1,0,0,0,0,True,False,False,False,False,False,True,False,False,False,True,False,False,0,0,1,0,0,0
539,1,4.7,2488.0,0,0,0,0,0,0,True,False,False,False,False,False,True,False,False,False,False,True,False,0,1,0,0,0,0
540,1,4.5,1482.0,0,1,0,0,0,0,True,False,False,True,False,False,False,False,False,False,False,True,False,0,1,0,0,0,0
541,1,4.3,53.0,0,0,0,0,0,0,True,False,False,False,False,False,True,False,False,False,False,True,False,0,1,0,0,0,0
542,0,4.8,73.0,0,0,1,0,0,0,False,False,True,False,True,False,False,False,False,False,False,True,False,0,0,0,1,0,0
544,0,4.6,1271.0,0,1,0,0,0,0,True,False,False,False,False,False,True,False,False,False,False,True,False,0,0,0,0,1,0
546,1,4.1,1836.0,0,0,0,0,0,0,False,True,False,False,False,False,True,False,False,False,False,True,False,0,1,0,0,0,0
547,1,4.3,699.0,0,0,0,0,0,0,False,True,False,False,False,False,True,False,False,False,False,True,False,0,1,0,0,0,0
548,1,4.5,95.0,0,0,0,0,0,0,False,True,False,False,False,False,True,False,False,False,False,True,False,0,1,0,0,0,0
551,1,4.4,431.0,0,0,0,0,0,0,True,False,False,False,False,False,True,False,False,False,False,True,False,0,0,1,0,0,0
552,0,4.1,1692.0,0,0,0,0,0,0,False,True,False,False,False,False,True,False,False,False,False,True,False,0,1,0,0,0,0
553,1,4.2,858.0,0,0,0,0,0,0,False,False,True,False,False,False,True,False,False,False,False,True,False,0,0,0,1,0,0
554,1,4.8,116.0,0,0,1,0,0,0,False,False,True,False,True,False,False,False,False,False,False,True,False,0,0,0,1,0,0
555,1,4.9,124.0,0,0,1,0,0,0,False,False,True,False,True,False,False,False,False,False,False,True,False,0,0,0,1,0,0
556,1,4.8,18.0,0,0,1,0,0,0,False,False,True,False,True,False,False,False,False,False,False,True,False,0,0,0,1,0,0
557,1,4.7,59.0,0,0,1,0,0,0,False,False,True,False,True,False,False,False,False,False,False,True,False,0,0,0,1,0,0
558,1,4.3,563.0,0,0,1,0,0,0,False,False,True,False,True,False,False,False,False,False,False,True,False,0,0,0,1,0,0
559,1,4.1,37.0,0,0,0,0,0,0,True,False,False,False,False,False,True,False,False,False,False,True,False,0,0,1,0,0,0
561,1,4.7,909.0,0,0,0,0,0,0,True,False,False,False,False,False,True,False,False,False,False,True,False,0,0,1,0,0,0
562,0,4.2,1660.0,0,0,0,0,0,0,True,False,False,False,False,False,True,False,False,False,False,True,False,0,0,1,0,0,0
566,1,4.5,816.0,0,0,0,0,0,0,True,False,False,False,False,False,True,False,False,False,False,True,False,0,0,1,0,0,0
568,1,4.5,128.0,0,0,1,0,0,0,True,False,False,False,False,False,False,True,False,False,False,True,False,0,0,1,0,0,0
570,1,4.5,6.0,0,0,0,0,0,0,True,False,False,False,False,False,True,False,False,False,False,True,False,0,1,0,0,0,0
579,1,4.2,1106.0,0,0,0,0,0,0,False,True,False,False,False,False,True,False,False,False,True,False,False,0,1,0,0,0,0
580,1,4.4,773.0,0,0,0,0,0,0,False,False,True,False,False,False,True,False,False,False,False,True,False,0,0,1,0,0,0
581,0,4.7,271.0,0,0,0,0,0,0,False,False,True,False,False,False,True,False,False,False,False,True,False,0,0,1,0,0,0
582,0,4.1,1768.0,0,0,0,0,0,0,False,True,False,False,False,False,True,False,False,False,False,True,False,0,1,0,0,0,0
583,1,4.6,210.0,0,0,0,0,0,0,False,True,False,False,False,False,True,False,False,False,False,True,False,0,0,1,0,0,0
588,1,4.5,2227.0,0,0,0,0,0,0,False,False,True,False,False,False,True,False,False,False,False,True,False,0,0,1,0,0,0
590,1,4.6,89.0,0,0,1,0,0,0,False,False,True,False,False,False,False,True,False,False,False,True,False,0,0,1,0,0,0
591,1,4.5,185.0,0,0,0,0,0,0,False,False,True,False,False,False,True,False,False,False,False,True,False,0,0,1,0,0,0
592,1,4.5,2153.0,0,0,0,0,0,0,False,True,False,False,False,False,True,False,False,False,False,True,False,0,1,0,0,0,0
593,0,4.4,1628.0,0,0,0,0,0,0,True,False,False,False,False,False,True,False,False,False,False,True,False,0,0,1,0,0,0
596,1,4.6,1542.0,0,0,0,0,0,0,True,False,False,True,False,False,False,False,False,False,True,False,False,0,0,1,0,0,0
600,0,4.5,128.0,0,0,1,0,0,0,True,False,False,False,False,False,False,True,False,False,False,True,False,0,0,1,0,0,0
601,1,4.7,209.0,0,0,0,0,0,0,True,False,False,False,False,False,True,False,False,False,False,True,False,0,0,1,0,0,0
602,1,4.1,1980.0,0,0,0,0,0,0,False,True,False,False,False,False,True,False,False,False,False,True,False,0,1,0,0,0,0
603,1,4.4,2572.0,0,0,0,0,0,0,False,False,True,False,False,False,True,False,False,False,True,False,False,0,0,1,0,0,0
604,0,4.3,465.0,1,0,0,0,0,0,True,False,False,False,False,False,True,False,False,False,True,False,False,0,0,0,0,1,0
605,1,4.5,668.0,0,0,0,0,0,0,True,False,False,False,False,False,True,False,False,False,False,True,False,0,1,0,0,0,0
606,1,4.5,853.0,0,0,0,0,0,0,False,True,False,False,False,False,True,False,False,False,True,False,False,0,0,1,0,0,0
607,0,4.3,1301.0,0,0,0,0,0,0,False,True,False,False,False,False,True,False,False,False,False,True,False,0,1,0,0,0,0
610,1,4.4,361.0,0,0,0,0,0,0,True,False,False,False,False,False,True,False,False,False,False,True,False,0,0,1,0,0,0
611,1,4.2,2395.0,0,0,0,0,0,0,False,True,False,False,False,False,True,False,False,False,False,True,False,0,1,0,0,0,0
612,1,4.4,792.0,0,0,0,0,0,0,False,True,False,False,False,False,True,False,False,False,False,True,False,0,1,0,0,0,0
613,1,4.2,2004.0,0,0,0,0,0,0,True,False,False,False,False,False,True,False,False,False,False,True,False,0,0,0,0,1,0
618,1,4.6,267.0,0,0,0,0,0,0,True,False,False,False,False,False,True,False,False,False,False,True,False,0,0,1,0,0,0
621,1,4.4,427.0,0,0,0,0,0,0,False,True,False,False,False,False,True,False,False,False,False,True,False,0,1,0,0,0,0
625,1,4.6,440.0,0,0,0,0,0,0,False,True,False,False,False,False,True,False,False,False,False,True,False,0,0,1,0,0,0
626,1,4.1,2001.0,0,0,1,0,0,0,True,False,False,False,False,False,False,True,False,False,False,True,False,0,0,0,0,1,0
629,1,4.4,913.0,0,0,0,0,0,0,True,False,False,True,False,False,False,False,False,False,True,False,False,0,1,0,0,0,0
630,1,4.2,808.0,0,0,0,0,0,0,True,False,False,True,False,False,False,False,False,False,True,False,False,0,1,0,0,0,0
634,0,4.7,737.0,0,1,0,0,0,0,True,False,False,True,False,False,False,False,False,False,False,True,False,0,0,1,0,0,0
635,0,4.5,869.0,1,1,0,0,0,0,False,True,False,False,False,False,True,False,False,False,True,False,False,1,0,0,0,0,0
636,1,4.3,1057.0,0,0,0,0,0,0,False,True,False,False,False,False,True,False,False,False,False,True,False,0,1,0,0,0,0
637,1,4.4,1152.0,0,1,0,0,0,0,False,True,False,False,False,False,True,False,False,False,True,False,False,1,0,0,0,0,0
639,0,4.3,470.0,0,0,0,0,0,0,True,False,False,False,False,False,True,False,False,False,False,True,False,0,0,0,0,1,0
640,0,4.6,1048.0,1,1,0,0,0,0,False,False,True,False,False,False,True,False,False,False,True,False,False,0,0,1,0,0,0
642,0,4.2,451.0,0,0,0,0,0,0,True,False,False,False,False,False,True,False,False,False,False,True,False,0,0,1,0,0,0
643,0,4.2,1250.0,0,1,0,0,0,0,True,False,False,False,False,False,True,False,False,False,True,False,False,0,0,0,0,1,0
644,0,4.4,255.0,0,1,0,0,0,0,False,True,False,False,False,False,True,False,False,False,False,True,False,1,0,0,0,0,0
645,0,4.6,683.0,1,1,0,0,0,0,False,True,False,False,False,False,True,False,False,False,True,False,False,0,0,1,0,0,0
646,0,4.7,401.0,0,1,0,0,0,0,True,False,False,False,False,False,True,False,False,False,True,False,False,0,0,1,0,0,0
647,0,4.7,792.0,0,1,0,0,0,0,False,False,True,False,False,False,True,False,False,False,True,False,False,0,0,0,0,0,1
648,0,4.5,933.0,0,0,1,0,0,0,True,False,False,False,False,True,False,False,False,False,True,False,False,0,1,0,0,0,0
649,0,4.9,444.0,0,0,1,0,0,0,False,False,True,False,True,False,False,False,False,False,False,True,False,0,0,0,1,0,0
650,0,4.5,933.0,0,1,0,0,0,0,True,False,False,False,False,False,True,False,False,False,True,False,False,0,1,0,0,0,0
652,0,4.5,810.0,0,1,0,0,0,0,False,False,True,False,False,False,True,False,False,False,True,False,False,0,0,0,0,0,1
653,0,4.7,664.0,1,1,0,0,0,0,True,False,False,False,False,False,True,False,False,False,False,True,False,0,0,1,0,0,0
654,0,4.7,2483.0,0,1,0,0,0,0,False,True,False,False,False,False,True,False,False,False,False,False,True,1,0,0,0,0,0
655,0,4.3,1588.0,0,0,0,0,0,0,False,False,True,False,False,False,True,False,False,False,False,True,False,0,0,0,0,0,1
656,0,4.8,66.0,0,0,1,0,0,0,False,False,True,False,True,False,False,False,False,False,False,True,False,0,0,0,1,0,0
657,1,4.7,101.0,0,0,1,0,0,0,False,False,True,False,True,False,False,False,False,False,False,True,False,0,0,0,1,0,0
658,0,4.7,81.0,0,0,0,0,0,0,True,False,False,False,False,False,True,False,False,False,False,True,False,0,0,1,0,0,0
659,0,4.5,673.0,0,0,0,0,0,0,False,False,True,False,False,False,True,False,False,False,False,True,False,0,0,1,0,0,0
664,0,4.5,410.0,0,0,0,0,0,0,False,True,False,False,False,False,True,False,False,False,False,True,False,0,0,1,0,0,0
666,0,4.2,524.0,0,0,0,0,0,0,True,False,False,False,False,False,True,False,False,False,False,True,False,0,1,0,0,0,0
670,1,4.2,2385.0,0,0,0,0,0,0,False,False,True,False,False,False,True,False,False,False,False,True,False,0,0,0,0,0,1
672,0,4.2,213.0,0,0,0,0,0,0,False,True,False,False,False,False,True,False,False,False,False,True,False,0,1,0,0,0,0
673,0,4.3,379.0,0,0,0,0,0,0,False,True,False,True,False,False,False,False,False,False,False,True,False,0,1,0,0,0,0
675,0,4.1,2819.0,0,0,0,0,0,0,False,True,False,False,False,False,True,False,False,False,False,True,False,0,1,0,0,0,0
676,0,4.4,640.0,0,0,0,0,0,0,True,False,False,False,False,False,True,False,False,False,False,True,False,0,1,0,0,0,0
677,0,4.8,90.0,0,0,1,0,0,0,False,False,True,False,True,False,False,False,False,False,False,True,False,0,0,0,1,0,0
678,0,4.4,5032.0,0,0,0,0,0,0,False,True,False,False,False,False,True,False,False,False,False,True,False,0,1,0,0,0,0
679,0,5.0,52.0,0,0,0,0,0,0,False,True,False,False,False,False,True,False,False,False,False,True,False,0,1,0,0,0,0
680,0,5.0,15.0,0,0,1,0,0,0,False,True,False,False,False,True,False,False,False,False,False,True,False,0,1,0,0,0,0
681,0,4.2,444.0,0,0,0,0,0,0,False,True,False,False,False,False,True,False,False,False,False,True,False,1,0,0,0,0,0
682,0,4.5,586.0,0,0,0,0,0,0,False,True,False,False,False,False,True,False,False,False,False,True,False,0,1,0,0,0,0
685,0,4.6,880.0,0,0,0,0,0,0,False,True,False,False,False,False,True,False,False,False,False,True,False,0,0,1,0,0,0
687,0,4.7,209.0,0,0,0,0,0,0,True,False,False,False,False,False,True,False,False,False,False,True,False,0,0,1,0,0,0
688,0,4.5,171.0,0,0,0,0,0,0,True,False,False,False,False,False,True,False,False,False,False,True,False,0,0,1,0,0,0
690,0,4.1,536.0,0,1,0,0,0,0,True,False,False,False,False,False,True,False,False,False,True,False,False,0,0,0,0,1,0
691,0,4.9,16.0,0,0,1,0,0,0,False,False,True,False,False,True,False,False,False,False,False,True,False,0,0,1,0,0,0
692,0,4.8,112.0,0,0,1,0,0,0,False,False,True,False,True,False,False,False,False,False,False,True,False,0,0,0,1,0,0
693,0,4.6,161.0,1,1,0,0,0,0,False,True,False,False,False,False,True,False,False,False,False,False,True,0,0,1,0,0,0
694,0,4.8,99.0,0,0,1,0,0,0,False,False,True,False,True,False,False,False,False,False,False,True,False,0,0,0,1,0,0
695,0,4.9,36.0,0,0,1,0,0,0,False,False,True,False,True,False,False,False,False,False,False,True,False,0,0,0,1,0,0
696,0,4.5,329.0,1,1,0,0,0,0,False,True,False,False,False,False,True,False,False,False,False,False,True,1,0,0,0,0,0
697,0,4.7,158.0,1,1,0,0,0,0,True,False,False,False,False,False,True,False,False,False,False,False,True,0,0,0,0,1,0
698,0,4.8,340.0,1,0,0,0,0,0,False,True,False,False,False,False,True,False,False,False,True,False,False,0,0,1,0,0,0
699,0,4.5,395.0,0,1,0,0,0,0,True,False,False,False,False,False,True,False,False,False,True,False,False,0,0,0,0,1,0
700,0,4.4,85.0,0,0,0,0,0,0,True,False,False,False,False,False,True,False,False,False,False,True,False,0,0,1,0,0,0
702,0,4.8,198.0,0,0,0,0,0,0,False,True,False,False,False,False,True,False,False,False,False,True,False,0,1,0,0,0,0
703,0,4.7,127.0,0,0,0,0,0,0,True,False,False,False,False,False,True,False,False,False,False,True,False,0,0,1,0,0,0
705,0,4.5,885.0,0,0,0,0,0,0,True,False,False,True,False,False,False,False,False,False,False,True,False,0,1,0,0,0,0
706,0,4.3,256.0,0,0,0,0,0,0,True,False,False,False,False,False,True,False,False,False,False,True,False,0,1,0,0,0,0
707,0,4.4,597.0,0,0,0,0,0,0,True,False,False,False,False,False,True,False,False,False,False,True,False,0,1,0,0,0,0
708,1,5.0,2.0,0,0,0,1,0,0,True,False,False,False,False,False,False,False,False,True,False,True,False,0,1,0,0,0,0
709,1,5.0,6.0,0,0,0,0,0,1,True,False,False,False,False,False,False,False,True,False,False,True,False,0,0,1,0,0,0
711,1,5.0,20.0,0,0,0,1,0,0,True,False,False,False,False,False,False,False,False,True,False,True,False,0,0,1,0,0,0
712,1,4.6,77.0,0,0,0,0,0,1,True,False,False,False,False,False,False,False,True,False,False,True,False,0,0,1,0,0,0
713,1,4.3,6.0,0,0,0,1,0,0,False,True,False,False,False,False,False,False,False,True,False,True,False,0,0,1,0,0,0
714,1,4.4,78.0,0,0,0,0,0,1,True,False,False,False,False,False,False,False,True,False,False,True,False,0,0,1,0,0,0
715,1,4.3,91.0,0,0,0,0,1,0,True,False,False,False,False,False,False,False,False,True,False,True,False,0,1,0,0,0,0
718,1,4.4,13.0,0,0,0,1,0,0,True,False,False,False,False,False,False,False,False,True,False,True,False,0,0,1,0,0,0
719,1,4.7,31.0,0,0,0,1,0,0,True,False,False,False,False,False,False,False,False,True,False,True,False,0,0,1,0,0,0
720,1,4.6,58.0,0,0,0,0,1,0,False,True,False,False,False,False,False,False,False,True,False,True,False,0,1,0,0,0,0
722,1,4.6,103.0,0,0,0,1,0,0,False,False,True,False,False,False,False,False,False,True,False,True,False,0,0,1,0,0,0
723,1,4.9,74.0,0,0,0,0,0,1,False,False,True,False,False,False,False,False,True,False,False,True,False,0,0,1,0,0,0
724,1,4.8,57.0,0,0,0,0,0,1,False,True,False,False,False,False,False,False,True,False,False,True,False,0,0,1,0,0,0
727,1,4.6,199.0,0,0,0,0,0,1,True,False,False,False,False,False,False,False,True,False,False,True,False,0,0,1,0,0,0
729,1,4.6,12.0,0,0,0,0,0,1,True,False,False,False,False,False,False,False,True,False,False,True,False,0,0,1,0,0,0
730,1,4.7,34.0,0,0,0,0,0,1,True,False,False,False,False,False,False,False,True,False,False,True,False,0,0,1,0,0,0
731,1,5.0,5.0,0,0,0,1,0,0,False,False,True,False,False,False,False,False,False,True,False,True,False,0,0,1,0,0,0
733,1,4.1,8.0,0,0,0,1,0,0,True,False,False,False,False,False,False,False,False,True,False,True,False,0,1,0,0,0,0
734,1,4.6,7.0,0,0,0,0,0,1,True,False,False,False,False,False,False,False,True,False,False,True,False,0,0,1,0,0,0
735,1,4.8,9.0,0,0,0,0,0,1,False,False,True,False,False,False,False,False,True,False,False,True,False,0,0,1,0,0,0
736,1,4.7,383.0,0,0,0,0,0,1,False,False,True,False,False,False,False,False,True,False,False,True,False,0,0,1,0,0,0
737,1,4.3,7.0,0,0,0,0,0,1,False,False,True,False,False,False,False,False,True,False,False,True,False,0,0,1,0,0,0
739,1,4.4,3666.0,0,0,0,1,0,0,True,False,False,False,False,False,False,False,False,True,False,True,False,0,0,1,0,0,0
740,1,4.8,8.0,0,0,0,1,0,0,False,True,False,False,False,False,False,False,False,True,False,True,False,0,0,1,0,0,0
741,1,4.8,35.0,0,0,0,1,0,0,False,True,False,False,False,False,False,False,False,True,False,True,False,0,0,1,0,0,0
742,1,4.8,227.0,0,0,0,1,0,0,False,True,False,False,False,False,False,False,False,True,False,True,False,0,0,1,0,0,0
743,1,4.6,34.0,0,0,0,1,0,0,False,True,False,False,False,False,False,False,False,True,False,True,False,0,0,1,0,0,0
745,1,4.8,54.0,0,0,0,1,0,0,True,False,False,False,False,False,False,False,False,True,False,True,False,0,0,1,0,0,0
746,1,4.9,42.0,0,0,0,1,0,0,False,False,True,False,False,False,False,False,False,True,False,True,False,0,0,0,1,0,0
747,0,4.5,68.0,0,0,0,1,0,0,False,False,True,False,False,False,False,False,False,True,False,True,False,0,0,0,1,0,0
748,1,4.4,52.0,0,0,0,1,0,0,True,False,False,False,False,False,False,False,False,True,False,True,False,0,0,1,0,0,0
751,1,4.6,21.0,0,0,0,1,0,0,True,False,False,False,False,False,False,False,False,True,False,True,False,0,1,0,0,0,0
752,1,4.5,933.0,0,0,0,1,0,0,True,False,False,False,False,False,False,False,False,True,True,False,False,0,1,0,0,0,0
753,1,4.7,537.0,0,0,0,1,0,0,True,False,False,False,False,False,False,False,False,True,False,True,False,0,1,0,0,0,0
754,1,4.7,147.0,0,0,0,1,0,0,True,False,False,False,False,False,False,False,False,True,False,True,False,0,1,0,0,0,0
755,1,4.9,14.0,0,0,0,1,0,0,False,True,False,False,False,False,False,False,False,True,False,True,False,0,0,1,0,0,0
757,1,4.8,75.0,0,0,0,1,0,0,False,False,True,False,False,False,False,False,False,True,False,True,False,0,0,1,0,0,0
759,0,4.5,38.0,0,0,0,0,1,0,False,False,True,False,False,False,False,False,False,True,False,True,False,0,0,0,0,0,1
760,0,5.0,22.0,0,0,0,1,0,0,False,False,True,False,False,False,False,False,False,True,False,True,False,0,0,1,0,0,0
762,0,4.5,46.0,0,0,0,0,1,0,False,True,False,False,False,False,False,False,False,True,False,True,False,0,1,0,0,0,0
763,0,4.7,49.0,0,0,0,0,1,0,False,True,False,False,False,False,False,False,False,True,False,True,False,0,1,0,0,0,0
765,0,5.0,45.0,0,0,0,0,0,1,False,False,True,False,False,False,False,False,False,True,False,True,False,0,0,1,0,0,0
767,1,4.6,70.0,0,0,1,0,0,0,True,False,False,False,False,False,False,False,False,True,False,True,False,0,0,1,0,0,0
772,1,4.3,186.0,0,0,1,0,0,0,False,False,True,False,False,False,False,False,False,True,False,True,False,0,0,0,0,0,1
773,1,4.2,106.0,0,0,1,0,0,0,False,False,True,False,False,False,False,False,False,True,False,True,False,0,0,0,0,0,1
775,1,4.2,372.0,0,0,1,0,0,0,False,True,False,False,False,False,False,False,False,True,False,True,False,1,0,0,0,0,0
