Id_user,Sexo,Edad,Municipio,Concierto_Festival,Fiestas_Feria,Teatro,Danza,Conferencia_Jornadas_Presentacion,Cine_Audiovisuales,Bertsolarismo,Exposicion,Formacion,Concurso,Target_Review
U00001,F,70,Bilbao,0,1,1,1,1,1,1,1,0,0,4
U00002,F,48,Vitoria-Gasteiz,1,1,0,0,1,1,1,0,0,1,3
U00003,M,57,Portugalete,1,0,1,0,0,1,0,0,0,1,4
U00004,M,49,Llodio,1,0,1,1,0,1,1,1,0,1,4
U00005,F,64,Vitoria-Gasteiz,1,1,0,1,1,1,1,1,0,0,4
U00006,F,61,Bermeo,1,0,1,1,1,0,0,1,0,0,3
U00007,M,48,Barakaldo,1,1,0,0,0,0,1,0,0,1,4
U00008,M,64,Bilbao,0,0,0,1,1,0,1,1,1,0,3
U00009,M,59,Bilbao,0,0,1,0,0,0,0,1,0,0,3
U00010,M,34,Vitoria-Gasteiz,1,0,0,0,0,0,1,0,1,1,3
U00011,M,64,Bilbao,1,0,1,0,1,0,0,0,1,0,3
U00012,F,57,Bermeo,0,1,1,1,1,1,1,1,1,0,5
U00013,M,60,Donostia-San Sebastián,1,0,1,1,1,1,1,1,0,0,4
U00014,M,61,Donostia-San Sebastián,0,1,1,1,1,1,1,0,0,1,3
U00015,F,64,Eibar,0,1,1,1,1,1,0,1,0,0,3
U00016,F,51,Durango,1,1,1,0,0,1,0,1,0,0,4
U00017,M,65,Irun,1,1,1,1,1,1,1,1,1,1,5
U00018,F,45,Mungia,1,1,1,0,0,1,1,0,0,0,3
U00019,F,51,Errenteria,1,1,1,1,1,1,1,1,1,0,5
U00020,M,41,Bilbao,0,1,1,1,0,0,1,1,1,1,3
U00021,F,57,Bilbao,1,1,0,1,0,1,1,1,0,1,4
U00022,F,49,Barakaldo,1,1,1,1,1,1,1,0,1,1,4
U00023,M,65,Bilbao,1,0,1,0,0,0,1,1,0,1,3
U00024,F,45,Errenteria,0,0,1,0,1,0,1,1,0,0,4
U00025,M,47,Leioa,0,1,0,0,0,1,1,1,1,0,3
U00026,F,68,Bilbao,0,1,0,0,1,1,0,1,1,0,5
U00027,F,57,Zarautz,1,1,1,1,1,1,0,1,1,0,4
U00028,M,58,Bilbao,1,1,0,1,0,1,0,0,0,0,3
U00029,F,64,Durango,1,0,1,0,1,0,1,1,0,1,4
U00030,F,62,Portugalete,1,1,0,0,0,1,1,1,1,0,4
U00031,M,58,Tolosa,1,0,1,0,0,1,1,1,0,1,4
U00032,M,61,Vitoria-Gasteiz,0,1,1,1,0,1,1,1,1,1,4
U00033,F,50,Donostia-San Sebastián,0,1,1,0,0,0,1,0,1,0,3
U00034,M,33,Donostia-San Sebastián,0,1,1,0,1,1,0,1,0,0,4
U00035,M,62,Bilbao,1,1,0,0,0,0,1,1,1,0,4
U00036,F,61,Zarautz,0,1,1,0,1,1,1,1,1,1,4
U00037,M,49,Bilbao,0,1,0,0,1,0,1,1,1,0,3
U00038,M,47,Errenteria,1,0,0,1,0,1,1,0,1,0,3
U00039,F,50,Leioa,0,0,1,1,1,0,0,1,0,0,4
U00040,F,63,Vitoria-Gasteiz,1,1,1,0,1,1,1,1,1,1,5
U00041,M,36,Barakaldo,0,0,1,1,0,0,0,1,0,0,4
U00042,F,39,Basauri,1,0,1,0,0,0,0,1,1,0,4
U00043,F,61,Donostia-San Sebastián,0,1,0,1,1,0,1,0,1,1,4
U00044,F,64,Portugalete,1,1,0,0,0,1,0,0,0,0,3
U00045,M,59,Donostia-San Sebastián,1,1,1,1,0,1,1,1,1,0,4
U00046,F,59,Getxo,1,1,1,0,0,0,1,0,0,0,4
U00047,F,60,Zarautz,1,0,1,1,0,1,1,1,1,1,4
U00048,F,56,Irun,1,1,1,1,0,0,1,1,0,0,3
U00049,F,58,Irun,0,1,1,1,1,1,1,0,0,0,4
U00050,M,58,Vitoria-Gasteiz,0,1,1,0,0,1,1,0,1,1,4
U00051,F,65,Bilbao,1,1,1,0,1,1,0,1,1,0,5
U00052,M,62,Errenteria,1,1,1,1,1,0,1,0,1,0,4
U00053,M,61,Donostia-San Sebastián,1,1,0,0,1,1,0,1,1,0,4
U00054,F,45,Bilbao,0,1,1,0,1,1,1,1,1,0,4
U00055,F,69,Durango,1,1,0,1,0,1,0,0,0,0,3
U00056,M,59,Barakaldo,1,1,0,0,0,1,0,1,0,1,4
U00057,F,46,Bilbao,1,0,1,1,0,1,0,1,1,1,4
U00058,M,54,Donostia-San Sebastián,0,1,1,1,1,1,1,1,1,0,4
U00059,F,63,Bilbao,1,1,1,1,1,1,0,0,1,0,4
U00060,F,49,Getxo,1,1,0,0,0,1,0,0,0,0,3
U00061,M,45,Donostia-San Sebastián,1,0,0,1,0,1,1,1,0,1,4
U00062,F,48,Portugalete,1,1,1,0,0,1,0,1,0,0,4
U00063,M,60,Zarautz,1,1,0,0,0,0,0,0,0,0,3
U00064,M,55,Barakaldo,1,0,1,1,0,1,1,0,0,0,3
U00065,M,48,Getxo,0,0,0,0,1,1,0,0,1,0,4
U00066,F,48,Eibar,1,0,1,1,0,0,0,1,1,1,3
U00067,F,59,Amurrio,0,1,1,0,1,1,1,1,1,1,4
U00068,F,48,Durango,0,1,0,1,1,0,1,1,1,1,5
U00069,F,50,Vitoria-Gasteiz,0,1,0,0,1,0,1,1,0,0,3
U00070,M,53,Errenteria,1,1,1,0,1,0,1,1,1,0,4
U00071,M,59,Santurtzi,1,0,0,0,0,0,0,1,0,0,3
U00072,F,34,Barakaldo,1,1,1,1,0,0,0,0,1,0,3
U00073,M,70,Errenteria,0,0,1,1,1,1,1,1,1,0,4
U00074,M,49,Tolosa,1,1,1,0,0,1,1,0,0,0,4
U00075,F,46,Getxo,0,1,0,0,1,0,1,0,0,1,3
U00076,F,45,Bilbao,1,1,0,0,0,1,0,0,0,0,3
U00077,M,57,Donostia-San Sebastián,1,1,1,0,0,0,1,0,0,1,4
U00078,M,54,Vitoria-Gasteiz,1,1,1,0,0,0,1,1,1,0,4
U00079,M,38,Bilbao,1,1,0,0,1,0,1,0,1,0,3
U00080,M,53,Hernani,1,0,1,0,0,1,1,1,1,1,4
U00081,F,48,Donostia-San Sebastián,0,0,1,1,0,1,1,0,1,0,3
U00082,F,61,Santurtzi,0,1,1,1,1,1,1,0,1,0,3
U00083,M,57,Donostia-San Sebastián,1,1,1,0,0,1,1,1,1,0,4
U00084,F,63,Bilbao,1,0,0,0,1,0,1,0,0,0,4
U00085,F,59,Hernani,1,0,1,1,1,1,0,0,1,0,4
U00086,F,47,Vitoria-Gasteiz,1,1,0,0,0,1,1,1,1,0,4
U00087,F,40,Donostia-San Sebastián,1,0,0,1,1,1,1,1,1,0,4
U00088,M,64,Donostia-San Sebastián,0,1,1,0,1,1,0,1,1,1,4
U00089,F,46,Portugalete,1,0,1,1,1,1,0,1,1,1,4
U00090,F,60,Santurtzi,1,1,0,1,0,1,0,1,1,0,4
U00091,M,55,Bilbao,0,1,1,1,0,0,1,0,1,0,4
U00092,M,65,Bilbao,1,1,0,0,0,0,1,0,0,0,3
U00093,M,72,Errenteria,0,0,1,0,0,1,1,1,1,1,4
U00094,M,53,Bilbao,1,0,1,1,1,1,1,1,0,1,4
U00095,F,50,Beasain,0,1,1,0,0,0,1,1,1,0,3
U00096,F,47,Vitoria-Gasteiz,1,1,0,1,1,0,0,0,1,0,4
U00097,M,65,Eibar,0,0,1,1,1,1,1,1,1,0,4
U00098,M,54,Irun,1,0,1,1,1,1,1,1,1,0,4
U00099,F,62,Llodio,1,0,0,1,1,0,0,1,0,1,4
U00100,M,61,Llodio,1,1,0,0,1,0,0,0,0,1,3
U00101,M,62,Portugalete,0,1,1,1,1,1,0,1,0,0,4
U00102,M,63,Donostia-San Sebastián,1,1,1,0,1,1,1,1,1,0,4
U00103,M,64,Bilbao,0,1,0,0,0,1,1,0,1,1,3
U00104,F,64,Barakaldo,0,1,0,1,1,1,0,1,1,0,4
U00105,M,53,Donostia-San Sebastián,1,0,1,1,1,1,1,0,1,0,4
U00106,M,55,Donostia-San Sebastián,0,1,0,1,0,1,1,0,0,0,4
U00107,M,52,Basauri,1,1,1,0,1,0,1,1,0,0,3
U00108,F,54,Donostia-San Sebastián,0,0,0,1,0,1,1,1,0,0,4
U00109,F,57,Irun,0,0,1,1,0,1,1,1,1,0,4
U00110,M,25,Barakaldo,1,1,0,1,0,1,0,0,0,1,4
U00111,M,47,Zarautz,0,0,1,0,0,0,0,1,1,0,3
U00112,M,61,Bilbao,0,1,1,1,0,1,1,1,1,1,5
U00113,M,49,Donostia-San Sebastián,1,0,1,1,0,1,1,1,0,1,4
U00114,M,55,Bilbao,1,0,1,0,0,1,0,1,0,0,4
U00115,F,49,Donostia-San Sebastián,1,0,0,0,0,0,1,1,0,0,3
U00116,F,59,Bilbao,1,1,1,1,0,1,1,0,1,0,5
U00117,F,49,Irun,1,0,0,0,1,1,0,0,0,1,3
U00118,F,50,Irun,1,0,1,1,1,1,0,1,0,0,4
U00119,F,47,Bilbao,1,1,0,0,0,1,1,0,0,0,4
U00120,F,54,Bilbao,1,1,1,1,1,0,1,1,1,1,4
U00121,M,46,Leioa,0,1,0,0,0,0,0,1,1,0,3
U00122,F,43,Irun,1,1,0,1,1,1,1,1,0,0,4
U00123,M,64,Donostia-San Sebastián,1,1,1,0,1,1,1,1,0,0,5
U00124,F,62,Eibar,1,1,0,1,0,1,0,0,0,1,4
U00125,F,57,Barakaldo,0,0,0,1,0,1,0,1,0,0,3
U00126,M,50,Barakaldo,1,1,1,1,1,1,1,0,0,0,4
U00127,F,58,Durango,1,1,0,0,1,0,0,1,1,0,4
U00128,M,65,Errenteria,1,0,1,0,1,0,0,1,1,1,4
U00129,M,57,Donostia-San Sebastián,0,0,0,0,1,0,1,1,0,0,3
U00130,M,50,Llodio,1,0,1,1,1,0,1,0,0,1,4
U00131,M,48,Eibar,1,0,0,0,0,1,1,0,0,1,3
U00132,F,48,Bilbao,0,0,0,0,0,1,1,1,1,0,3
U00133,F,58,Portugalete,0,1,0,0,1,1,0,0,1,0,4
U00134,M,58,Donostia-San Sebastián,1,1,1,1,1,1,1,1,1,0,4
U00135,F,55,Bilbao,1,1,1,1,0,1,1,0,0,1,3
U00136,F,51,Getxo,1,1,1,1,1,1,0,1,0,0,4
U00137,F,63,Hernani,1,1,1,1,1,1,1,1,1,0,5
U00138,F,45,Bilbao,1,1,1,0,0,1,1,1,0,0,4
U00139,M,60,Bilbao,1,1,0,0,0,0,0,1,1,1,4
U00140,M,46,Vitoria-Gasteiz,0,1,0,0,0,0,0,0,0,1,4
U00141,F,53,Getxo,1,1,1,1,1,1,1,1,1,0,4
U00142,F,46,Zarautz,1,0,1,0,1,1,1,1,0,0,4
U00143,F,55,Portugalete,1,1,1,1,1,0,0,1,1,0,5
U00144,M,71,Basauri,1,0,1,0,0,1,1,0,1,1,4
U00145,M,64,Getxo,1,1,1,0,0,1,1,1,1,1,4
U00146,M,62,Santurtzi,0,1,0,1,0,1,0,0,0,0,3
U00147,F,54,Azpeitia,1,0,1,1,1,1,1,1,0,0,3
U00148,M,63,Errenteria,1,0,1,1,1,1,1,1,0,0,4
U00149,F,60,Hernani,0,1,1,1,1,1,1,1,1,0,4
U00150,F,46,Bermeo,0,1,1,0,1,1,0,1,0,1,4
U00151,M,63,Leioa,1,0,1,0,0,0,1,1,0,1,4
U00152,M,51,Errenteria,0,1,0,0,0,1,1,0,0,0,3
U00153,F,52,Barakaldo,1,0,1,0,0,0,1,1,1,0,4
U00154,F,55,Bilbao,1,0,1,0,0,1,1,0,1,1,4
U00155,F,65,Durango,1,0,1,0,1,1,1,1,1,0,5
U00156,M,47,Basauri,1,1,0,0,0,0,1,1,1,0,3
U00157,M,57,Llodio,1,1,1,1,0,1,0,0,0,0,3
U00158,M,31,Bilbao,1,1,0,0,0,1,0,1,0,1,4
U00159,F,32,Bilbao,1,0,1,0,1,0,0,1,0,0,3
U00160,F,46,Vitoria-Gasteiz,1,1,1,0,1,1,1,0,1,1,4
U00161,F,45,Donostia-San Sebastián,0,0,1,0,0,1,0,0,1,1,3
U00162,M,50,Salvatierra,1,1,1,0,0,0,1,0,0,1,4
U00163,F,45,Errenteria,0,1,0,0,1,1,1,0,0,0,4
U00164,F,50,Donostia-San Sebastián,0,0,0,1,0,1,0,0,0,0,4
U00165,M,62,Llodio,1,0,1,1,0,0,0,0,0,1,2
U00166,F,45,Vitoria-Gasteiz,1,1,0,0,0,1,1,1,0,0,3
U00167,M,57,Bilbao,0,1,1,0,1,0,1,0,1,1,4
U00168,F,65,Donostia-San Sebastián,1,1,1,1,0,1,1,1,1,0,4
U00169,M,61,Vitoria-Gasteiz,1,1,1,1,1,0,1,1,0,0,4
U00170,M,65,Portugalete,1,0,0,1,1,0,0,1,0,1,4
U00171,M,63,Bilbao,0,0,1,1,1,0,0,1,0,0,3
U00172,F,50,Getxo,0,0,1,1,1,1,0,1,0,1,3
U00173,F,51,Santurtzi,1,0,1,1,0,0,1,1,0,0,4
U00174,F,60,Errenteria,1,0,1,1,0,1,0,0,0,1,4
U00175,F,51,Zarautz,1,1,1,1,1,0,1,1,0,1,4
U00176,F,49,Vitoria-Gasteiz,1,1,0,0,0,1,1,0,0,1,4
U00177,M,57,Bilbao,1,0,0,1,1,1,0,1,1,1,4
U00178,F,59,Irun,1,1,0,1,1,1,0,1,0,0,3
U00179,F,53,Durango,1,1,1,1,1,1,0,1,0,0,3
U00180,M,62,Bermeo,0,1,1,1,1,1,1,1,0,0,5
U00181,M,59,Zarautz,0,1,1,1,1,0,0,1,0,1,4
U00182,F,60,Vitoria-Gasteiz,1,1,0,0,0,0,0,0,0,0,3
U00183,M,64,Bilbao,1,0,0,1,1,1,1,1,1,0,4
U00184,F,47,Bermeo,1,0,1,1,1,1,1,1,1,0,3
U00185,M,50,Donostia-San Sebastián,1,0,1,0,0,1,0,1,0,1,4
U00186,M,54,Irun,1,1,0,0,0,1,0,0,0,0,3
U00187,F,49,Basauri,0,1,1,1,1,1,0,1,1,0,4
U00188,M,63,Donostia-San Sebastián,1,1,0,0,0,1,1,0,0,1,4
U00189,F,54,Bilbao,0,1,0,1,0,1,0,0,1,0,3
U00190,M,52,Llodio,1,1,1,0,1,1,1,0,1,1,3
U00191,F,55,Eibar,1,1,1,1,1,1,1,0,1,0,4
U00192,M,47,Donostia-San Sebastián,1,1,0,1,0,0,1,0,0,0,3
U00193,F,25,Basauri,0,1,1,1,0,1,1,1,1,0,4
U00194,M,65,Barakaldo,1,1,1,1,0,0,0,1,1,0,4
U00195,M,41,Bilbao,0,1,1,0,1,1,0,0,0,0,3
U00196,M,57,Vitoria-Gasteiz,1,1,1,1,0,1,1,0,0,0,4
U00197,M,46,Donostia-San Sebastián,1,0,0,0,0,1,0,0,0,0,3
U00198,M,52,Irun,1,1,0,1,1,1,0,1,0,0,4
U00199,F,50,Irun,1,1,1,0,1,1,1,1,1,0,4
U00200,F,54,Vitoria-Gasteiz,1,1,0,1,0,1,0,1,1,0,3
U00201,F,54,Leioa,0,0,0,0,1,1,0,1,1,0,3
U00202,M,58,Bermeo,1,0,0,0,1,0,1,1,0,0,3
U00203,F,51,Portugalete,1,0,1,1,0,1,0,1,1,1,4
U00204,M,53,Tolosa,1,1,0,1,0,1,0,0,0,1,3
U00205,M,63,Portugalete,1,0,0,0,0,1,0,0,0,0,3
U00206,F,50,Leioa,0,0,0,0,0,1,1,1,1,1,3
U00207,M,65,Bilbao,0,1,1,0,1,0,0,1,1,1,4
U00208,F,53,Vitoria-Gasteiz,1,0,1,1,1,0,1,0,1,1,4
U00209,F,61,Bilbao,1,1,0,1,0,1,1,0,0,0,3
U00210,M,57,Donostia-San Sebastián,1,1,1,1,0,1,0,1,1,0,4
U00211,M,55,Bilbao,0,0,1,1,0,1,1,1,0,0,4
U00212,F,60,Beasain,1,0,1,1,1,1,0,1,1,0,4
U00213,M,47,Vitoria-Gasteiz,0,1,0,1,1,1,0,1,1,1,3
U00214,F,63,Errenteria,1,1,1,1,1,1,1,1,0,1,5
U00215,F,31,Donostia-San Sebastián,0,1,1,0,1,1,0,0,0,0,4
U00216,F,51,Irun,1,1,0,0,0,0,1,0,0,1,4
U00217,F,48,Bilbao,0,1,1,0,1,1,1,1,1,0,3
U00218,F,63,Bilbao,1,1,1,1,0,0,0,0,0,1,4
U00219,M,59,Vitoria-Gasteiz,1,1,0,0,0,1,0,1,0,0,3
U00220,F,48,Donostia-San Sebastián,0,1,1,0,1,1,0,0,0,0,3
U00221,M,55,Vitoria-Gasteiz,1,1,0,0,1,0,1,0,1,0,3
U00222,F,49,Vitoria-Gasteiz,1,0,1,0,0,0,0,0,0,1,3
U00223,M,57,Irun,1,1,0,0,1,0,1,0,0,0,3
U00224,F,52,Donostia-San Sebastián,1,1,1,0,1,1,0,1,1,0,4
U00225,F,55,Durango,1,0,1,0,0,1,1,0,0,0,4
U00226,F,57,Errenteria,1,1,1,1,1,0,0,0,0,0,4
U00227,F,51,Bilbao,1,1,1,1,1,1,0,1,1,0,4
U00228,F,54,Bilbao,0,0,0,0,1,1,0,1,1,0,3
U00229,M,59,Bilbao,1,1,1,1,1,1,1,1,1,0,4
U00230,F,54,Barakaldo,0,1,1,1,1,1,0,1,1,0,4
U00231,F,59,Hernani,1,1,0,0,1,0,0,0,0,1,3
U00232,M,57,Donostia-San Sebastián,1,1,0,0,1,0,1,0,0,1,4
U00233,M,52,Donostia-San Sebastián,1,1,1,1,0,0,0,1,0,1,4
U00234,M,50,Irun,1,1,1,0,0,1,0,1,0,1,4
U00235,F,61,Irun,1,1,1,1,0,1,0,0,0,0,3
U00236,F,60,Llodio,0,0,0,1,1,1,0,1,1,0,3
U00237,F,57,Bilbao,0,0,1,0,0,1,1,0,1,0,3
U00238,M,47,Donostia-San Sebastián,1,0,1,0,0,0,0,1,0,1,3
U00239,F,65,Donostia-San Sebastián,0,1,1,0,1,1,1,1,1,1,4
U00240,F,54,Azpeitia,1,1,0,1,0,1,0,0,1,0,3
U00241,M,51,Donostia-San Sebastián,0,1,0,0,1,1,1,0,1,0,4
U00242,F,63,Donostia-San Sebastián,1,1,0,1,0,1,1,1,0,0,4
U00243,M,62,Donostia-San Sebastián,0,0,1,1,1,1,1,1,1,0,4
U00244,M,35,Azpeitia,0,1,1,1,1,0,0,1,1,1,3
U00245,F,55,Durango,1,0,1,0,1,1,1,1,1,0,4
U00246,F,45,Tolosa,0,1,0,0,1,1,0,1,1,1,4
U00247,M,61,Bermeo,1,0,0,0,0,0,1,0,0,1,3
U00248,F,55,Vitoria-Gasteiz,0,1,1,1,1,1,0,1,1,0,4
U00249,F,57,Donostia-San Sebastián,0,1,1,1,1,0,1,1,1,1,5
U00250,M,61,Vitoria-Gasteiz,1,0,1,0,1,1,1,1,1,0,4
U00251,F,63,Errenteria,1,1,1,0,1,0,1,0,1,0,3
U00252,F,71,Getxo,0,0,0,1,0,1,0,1,1,0,3
U00253,F,31,Bilbao,1,1,1,1,0,1,0,0,0,0,4
U00254,F,53,Azpeitia,1,0,1,0,0,1,1,1,0,0,4
U00255,M,50,Vitoria-Gasteiz,0,1,0,0,1,1,1,0,0,1,4
U00256,M,48,Eibar,0,1,1,1,1,1,0,1,0,0,4
U00257,M,51,Basauri,1,0,0,0,0,1,0,0,0,1,2
U00258,M,51,Basauri,1,1,1,0,0,1,1,0,0,1,4
U00259,M,61,Basauri,1,0,0,0,1,1,1,1,1,1,4
U00260,M,63,Vitoria-Gasteiz,1,1,1,0,1,1,1,1,0,0,4
U00261,F,45,Leioa,1,1,1,0,1,0,1,1,1,1,4
U00262,F,58,Santurtzi,1,1,0,1,0,1,0,0,1,0,3
U00263,F,52,Basauri,0,0,1,0,1,1,1,1,0,1,4
U00264,M,51,Bilbao,1,0,0,0,0,0,0,1,0,0,3
U00265,F,49,Llodio,1,1,1,0,0,0,0,0,0,1,3
U00266,F,56,Bilbao,1,0,1,1,1,1,0,1,0,0,3
U00267,F,51,Irun,1,1,1,0,1,1,1,1,0,0,4
U00268,M,45,Leioa,0,1,1,0,0,1,1,0,0,1,4
U00269,M,56,Bilbao,0,1,0,0,1,1,1,0,0,0,3
U00270,F,53,Vitoria-Gasteiz,1,1,1,0,1,0,0,1,1,0,4
U00271,F,64,Irun,1,1,0,0,0,1,0,0,1,1,4
U00272,F,56,Eibar,1,0,1,0,1,1,1,1,1,0,4
U00273,M,33,Hernani,0,1,1,0,0,1,1,0,0,0,3
U00274,F,62,Bilbao,1,0,1,1,0,1,1,0,0,0,4
U00275,F,53,Irun,1,1,1,0,0,1,0,1,0,1,4
U00276,F,63,Mungia,0,0,0,1,1,1,1,1,1,0,4
U00277,M,47,Vitoria-Gasteiz,0,1,0,0,0,1,0,1,0,0,3
U00278,F,65,Tolosa,1,1,1,1,1,1,0,1,1,0,5
U00279,M,58,Bilbao,1,1,1,1,0,1,0,1,1,0,4
U00280,M,62,Tolosa,0,0,1,1,1,1,0,1,1,0,4
U00281,F,60,Errenteria,1,1,0,0,0,1,0,0,0,0,4
U00282,M,60,Getxo,0,0,1,1,0,1,1,1,1,1,4
U00283,F,36,Barakaldo,1,0,1,1,1,1,0,0,1,1,4
U00284,M,49,Basauri,1,0,1,1,1,1,1,0,1,0,4
U00285,M,57,Vitoria-Gasteiz,1,0,0,0,0,1,1,0,0,0,3
U00286,M,56,Portugalete,0,1,1,0,0,0,1,0,0,1,3
U00287,F,65,Vitoria-Gasteiz,1,1,1,0,0,1,1,1,1,0,4
U00288,F,64,Tolosa,0,1,1,1,1,1,0,1,1,0,4
U00289,M,48,Bilbao,0,1,1,1,0,1,0,1,1,0,4
U00290,M,59,Getxo,1,1,0,0,0,0,0,0,0,1,2
U00291,M,57,Portugalete,1,0,1,0,1,0,1,1,1,0,4
U00292,M,50,Durango,0,1,1,1,1,1,1,1,1,0,3
U00293,F,46,Barakaldo,1,1,1,0,1,1,0,0,0,1,4
U00294,F,56,Zarautz,1,1,0,1,1,1,1,1,1,0,4
U00295,F,70,Portugalete,1,0,1,0,1,1,0,1,1,0,4
U00296,M,64,Bilbao,1,1,0,1,0,1,1,0,1,1,4
U00297,F,46,Bilbao,1,1,0,1,0,1,1,0,0,1,5
U00298,M,64,Barakaldo,1,0,0,1,1,1,0,1,0,0,4
U00299,M,62,Vitoria-Gasteiz,1,1,1,0,0,1,0,0,1,1,3
U00300,M,57,Bilbao,1,1,1,1,0,1,0,0,0,1,4
U00301,F,50,Errenteria,0,1,0,0,1,0,1,1,1,0,4
U00302,F,61,Eibar,1,1,1,1,0,0,1,1,1,0,4
U00303,M,63,Errenteria,1,1,0,0,0,0,0,0,0,0,3
U00304,M,48,Barakaldo,1,0,0,0,1,1,1,1,0,1,4
U00305,M,62,Beasain,0,1,1,0,0,1,0,1,0,0,3
U00306,F,71,Bilbao,1,0,1,1,1,0,1,1,1,1,4
U00307,F,49,Bilbao,1,1,0,1,1,0,1,0,1,0,4
U00308,M,60,Barakaldo,1,1,1,0,0,1,1,0,0,0,4
U00309,M,52,Getxo,1,1,0,0,0,0,1,0,0,1,4
U00310,M,50,Leioa,0,1,0,1,1,1,0,1,1,1,5
U00311,M,30,Bilbao,1,1,1,1,1,0,1,1,0,0,5
U00312,M,63,Donostia-San Sebastián,1,1,1,0,1,1,1,1,1,1,4
U00313,M,48,Vitoria-Gasteiz,1,1,0,0,0,0,0,1,0,0,3
U00314,F,61,Bilbao,0,0,1,0,0,1,0,0,1,0,3
U00315,F,65,Zarautz,1,0,0,1,0,1,0,1,0,1,4
U00316,M,63,Tolosa,0,0,1,1,1,0,0,1,1,0,4
U00317,F,61,Barakaldo,1,1,1,1,1,1,0,1,1,0,4
U00318,F,51,Basauri,1,1,1,0,1,1,1,1,0,0,4
U00319,M,45,Basauri,1,0,0,0,0,0,1,0,0,1,3
U00320,F,49,Santurtzi,1,1,0,0,1,0,1,1,0,1,4
U00321,F,59,Vitoria-Gasteiz,1,0,0,1,0,1,1,1,1,1,4
U00322,M,47,Bilbao,1,1,0,0,1,0,1,1,1,0,4
U00323,F,47,Bilbao,1,0,0,0,0,1,1,0,0,1,4
U00324,M,55,Llodio,1,0,0,0,0,0,1,1,1,0,3
U00325,F,47,Errenteria,1,1,1,1,1,1,1,1,1,0,4
U00326,F,59,Errenteria,1,0,1,1,1,1,0,1,1,0,4
U00327,F,58,Bilbao,1,0,1,1,1,0,0,1,1,1,4
U00328,F,50,Leioa,0,1,1,0,1,0,1,0,1,1,4
U00329,M,59,Vitoria-Gasteiz,1,1,1,1,1,1,0,1,1,0,4
U00330,F,50,Amurrio,1,0,1,1,1,1,0,1,1,0,4
U00331,M,60,Salvatierra,0,1,1,0,1,0,0,1,1,0,4
U00332,M,59,Bilbao,1,0,0,1,1,1,1,1,1,0,4
U00333,F,49,Leioa,1,1,0,0,0,0,1,0,0,0,2
U00334,F,52,Irun,1,0,0,1,0,1,1,0,0,1,4
U00335,F,62,Barakaldo,1,1,0,1,1,1,1,1,1,0,4
U00336,F,63,Barakaldo,0,1,1,1,0,1,1,1,0,0,4
U00337,M,48,Irun,1,1,0,0,1,0,1,0,0,0,4
U00338,M,61,Bilbao,1,1,0,0,0,0,0,1,0,0,3
U00339,M,46,Llodio,0,0,0,1,1,1,1,1,1,0,3
U00340,F,62,Vitoria-Gasteiz,1,1,0,0,1,1,1,1,0,1,4
U00341,M,58,Basauri,1,1,0,0,0,0,1,0,1,1,2
U00342,F,60,Bilbao,0,0,1,1,0,1,0,1,0,0,3
U00343,F,61,Basauri,0,1,1,1,1,1,0,1,0,0,4
U00344,M,50,Donostia-San Sebastián,1,0,0,0,1,1,0,0,1,1,3
U00345,F,56,Leioa,1,0,0,0,1,0,1,1,1,1,4
U00346,M,63,Vitoria-Gasteiz,0,1,1,0,0,0,1,1,1,0,3
U00347,F,51,Tolosa,0,1,1,0,0,1,0,1,1,0,3
U00348,M,57,Leioa,1,1,0,1,0,1,0,0,0,0,3
U00349,F,48,Errenteria,1,1,0,1,1,1,1,1,1,0,4
U00350,M,51,Zarautz,1,0,1,1,1,1,0,1,1,0,4
U00351,M,59,Errenteria,1,1,0,0,0,0,1,1,0,1,4
U00352,M,62,Donostia-San Sebastián,1,1,0,1,1,0,0,1,0,0,4
U00353,M,63,Bilbao,1,1,1,1,1,1,1,1,1,0,5
U00354,F,61,Getxo,1,0,1,0,1,1,1,0,1,0,4
U00355,F,49,Tolosa,1,0,1,1,1,1,0,1,1,1,4
U00356,M,59,Bilbao,1,1,1,0,0,0,1,1,1,1,4
U00357,M,53,Vitoria-Gasteiz,1,1,0,1,0,0,0,1,0,0,3
U00358,F,60,Bilbao,0,0,1,0,0,1,0,1,1,0,3
U00359,F,49,Bilbao,0,1,0,0,1,1,1,1,1,0,4
U00360,M,52,Getxo,1,1,1,1,0,0,0,1,1,0,4
U00361,F,51,Leioa,0,1,1,0,0,1,1,1,0,1,3
U00362,M,57,Irun,1,1,0,0,0,1,0,1,0,1,3
U00363,M,65,Vitoria-Gasteiz,1,0,1,0,0,1,1,1,0,0,4
U00364,M,53,Portugalete,1,1,0,0,1,1,0,0,1,1,4
U00365,M,52,Zarautz,0,1,1,1,1,1,1,0,0,1,4
U00366,M,74,Vitoria-Gasteiz,1,1,0,1,0,1,1,0,0,1,4
U00367,M,58,Vitoria-Gasteiz,1,0,0,1,0,1,1,0,0,1,2
U00368,M,55,Portugalete,1,1,1,0,0,1,1,1,0,0,4
U00369,F,60,Bilbao,1,1,0,1,1,0,1,1,1,0,4
U00370,F,50,Donostia-San Sebastián,0,0,1,1,0,0,1,1,1,0,4
U00371,M,48,Tolosa,0,1,1,1,0,0,1,1,1,0,4
U00372,F,65,Donostia-San Sebastián,0,0,1,0,0,1,1,1,1,0,3
U00373,M,48,Bilbao,1,1,1,1,0,1,1,0,1,1,4
U00374,F,65,Vitoria-Gasteiz,0,0,1,0,0,0,1,1,0,0,3
U00375,F,49,Bilbao,0,1,0,1,1,0,0,0,1,0,4
U00376,F,58,Basauri,1,0,1,0,1,1,1,1,1,0,4
U00377,M,75,Donostia-San Sebastián,1,1,1,1,0,0,1,1,0,0,3
U00378,F,49,Eibar,0,1,1,0,1,1,1,1,1,0,4
U00379,F,63,Basauri,0,0,1,1,1,1,0,1,0,0,4
U00380,F,52,Bilbao,1,0,1,1,0,1,0,1,0,0,3
U00381,M,52,Santurtzi,1,1,1,0,0,0,0,0,1,0,4
U00382,F,52,Errenteria,1,0,1,0,0,1,1,1,1,0,4
U00383,M,29,Bilbao,1,1,1,0,1,1,0,1,1,0,5
U00384,F,56,Bilbao,1,0,1,1,0,1,0,0,0,1,3
U00385,M,51,Irun,1,1,0,0,0,1,0,0,1,1,4
U00386,M,45,Irun,0,1,1,0,0,0,1,1,0,1,3
U00387,M,64,Donostia-San Sebastián,1,1,1,0,0,1,0,0,0,1,4
U00388,M,57,Vitoria-Gasteiz,0,0,0,1,0,1,1,1,0,0,3
U00389,F,49,Vitoria-Gasteiz,1,0,0,1,0,1,0,1,1,0,4
U00390,F,31,Irun,0,1,1,1,1,1,0,0,1,0,4
U00391,F,51,Zarautz,0,0,1,1,1,1,1,0,1,1,4
U00392,M,49,Donostia-San Sebastián,0,1,0,0,0,1,0,1,0,0,3
U00393,F,52,Leioa,1,1,1,1,0,1,0,1,1,0,4
U00394,F,53,Beasain,1,1,0,1,0,1,0,1,0,0,4
U00395,M,46,Barakaldo,1,1,0,0,0,1,1,1,0,1,3
U00396,M,67,Llodio,1,1,0,1,1,0,1,0,1,0,4
U00397,M,59,Vitoria-Gasteiz,1,1,0,0,1,0,1,1,1,0,4
U00398,F,48,Azpeitia,0,0,1,1,1,0,1,1,1,0,4
U00399,F,75,Vitoria-Gasteiz,0,1,1,0,0,0,1,1,1,0,5
U00400,M,46,Eibar,1,1,1,1,1,0,0,1,0,1,3
U00401,M,57,Durango,0,0,1,0,0,0,1,1,1,0,3
U00402,F,60,Irun,0,1,1,1,1,1,1,1,1,1,5
U00403,F,45,Barakaldo,1,1,1,0,0,1,1,0,0,0,3
U00404,M,64,Bilbao,1,0,1,0,1,0,1,1,0,1,4
U00405,M,55,Donostia-San Sebastián,0,1,1,0,0,0,1,1,1,0,3
U00406,F,49,Bilbao,1,0,1,1,0,1,0,1,1,1,4
U00407,F,65,Donostia-San Sebastián,1,0,1,1,0,1,1,1,0,1,4
U00408,M,55,Barakaldo,1,0,0,1,1,1,1,0,1,0,3
U00409,F,61,Zarautz,1,0,1,1,1,1,1,1,0,0,3
U00410,F,48,Irun,1,1,0,1,0,0,0,0,0,1,4
U00411,M,53,Bilbao,1,1,0,0,0,0,1,0,0,0,3
U00412,F,50,Barakaldo,0,0,1,0,0,1,0,1,0,1,4
U00413,M,30,Leioa,1,0,1,0,1,1,0,0,0,0,3
U00414,M,59,Getxo,0,0,1,0,1,1,1,1,1,1,4
U00415,F,45,Bilbao,1,0,1,1,0,1,0,1,1,0,3
U00416,F,53,Bilbao,1,0,1,1,0,1,0,1,1,0,4
U00417,M,54,Llodio,1,1,1,1,1,0,0,0,1,1,4
U00418,F,55,Donostia-San Sebastián,1,0,1,1,1,1,0,1,0,0,3
U00419,M,45,Getxo,0,0,1,1,0,1,0,0,0,1,3
U00420,F,60,Barakaldo,0,0,0,0,1,1,1,0,1,1,3
U00421,F,49,Barakaldo,0,1,0,0,1,1,1,1,1,0,3
U00422,F,49,Zarautz,1,0,1,1,1,1,1,1,0,0,4
U00423,F,38,Llodio,1,1,1,0,0,1,0,0,0,0,3
U00424,F,60,Tolosa,1,1,1,0,0,1,0,1,0,0,4
U00425,M,48,Bilbao,1,1,0,1,1,0,1,0,1,1,4
U00426,F,65,Bilbao,0,0,1,1,1,1,1,1,1,0,4
U00427,M,47,Irun,1,1,0,0,0,1,0,1,0,0,4
U00428,F,50,Basauri,1,1,0,1,1,1,1,1,0,0,4
U00429,M,65,Vitoria-Gasteiz,1,1,0,1,1,1,0,0,0,1,3
U00430,M,63,Azpeitia,1,1,1,1,0,1,0,1,0,0,3
U00431,F,49,Bilbao,1,1,0,0,0,1,1,1,0,0,3
U00432,F,60,Barakaldo,1,1,1,0,0,1,1,0,1,0,4
U00433,M,60,Portugalete,1,0,1,0,0,1,0,1,1,0,5
U00434,M,46,Leioa,1,1,1,0,1,0,1,0,0,0,4
U00435,M,60,Salvatierra,1,1,0,1,0,1,0,0,0,1,4
U00436,M,54,Hernani,0,1,1,1,1,1,1,1,1,1,4
U00437,M,58,Donostia-San Sebastián,1,1,1,1,0,0,1,0,1,0,4
U00438,M,53,Vitoria-Gasteiz,1,1,0,0,1,1,0,0,1,1,4
U00439,F,45,Donostia-San Sebastián,1,0,1,0,0,1,0,1,0,1,4
U00440,F,65,Portugalete,1,0,1,1,1,1,0,1,0,1,4
U00441,F,60,Donostia-San Sebastián,1,1,1,1,0,0,0,1,0,0,3
U00442,M,51,Bilbao,1,1,1,1,0,1,1,1,0,1,4
U00443,F,54,Getxo,0,1,0,0,1,1,1,1,1,0,4
U00444,F,53,Bilbao,0,1,1,0,1,1,1,1,0,1,4
U00445,M,53,Durango,1,0,0,0,0,1,1,1,1,0,4
U00446,M,60,Bilbao,1,0,0,1,1,0,1,1,0,0,3
U00447,M,50,Donostia-San Sebastián,0,0,1,1,1,1,1,1,0,0,4
U00448,M,40,Bilbao,1,0,1,0,1,1,0,1,0,0,3
U00449,F,56,Irun,0,0,0,1,1,1,1,1,1,0,3
U00450,M,46,Azpeitia,1,1,1,0,0,0,0,1,0,0,3
U00451,M,56,Basauri,1,1,1,0,0,1,0,0,1,0,4
U00452,F,42,Portugalete,0,1,0,0,0,1,1,0,1,1,4
U00453,M,61,Getxo,1,0,1,1,1,0,1,1,0,0,4
U00454,M,48,Durango,1,1,1,0,0,0,1,0,1,1,3
U00455,F,53,Donostia-San Sebastián,0,1,0,1,0,1,0,0,0,1,4
U00456,M,56,Getxo,1,1,0,0,0,1,1,0,0,0,3
U00457,F,63,Errenteria,1,1,1,0,0,1,1,0,0,0,3
U00458,M,53,Bilbao,0,0,1,1,1,1,0,1,1,0,4
U00459,F,60,Santurtzi,1,0,1,0,1,1,1,1,1,1,4
U00460,M,61,Donostia-San Sebastián,1,1,1,0,0,1,1,0,1,0,3
U00461,M,62,Bilbao,0,1,0,1,1,1,1,1,1,0,4
U00462,M,56,Eibar,1,1,1,0,1,1,1,0,0,0,3
U00463,M,55,Vitoria-Gasteiz,0,1,1,1,0,1,0,1,0,0,3
U00464,M,58,Getxo,1,0,1,1,1,0,1,1,1,0,4
U00465,M,60,Leioa,1,1,0,0,0,1,0,0,0,0,3
U00466,F,56,Bilbao,0,1,1,1,1,0,0,1,1,1,4
U00467,M,48,Zarautz,0,0,1,0,1,1,0,1,1,1,4
U00468,F,49,Leioa,0,1,0,1,0,0,1,1,0,0,3
U00469,M,45,Azpeitia,0,0,0,1,0,0,1,1,0,1,3
U00470,F,54,Bilbao,1,0,1,1,1,1,1,1,0,0,4
U00471,F,57,Beasain,0,1,1,1,1,0,0,0,1,0,4
U00472,F,53,Bilbao,1,0,1,1,0,0,0,0,0,0,3
U00473,F,56,Vitoria-Gasteiz,1,1,1,1,1,1,1,1,1,0,4
U00474,F,56,Portugalete,0,1,0,1,1,1,0,1,0,0,3
U00475,M,49,Leioa,0,1,1,1,1,1,1,1,0,1,4
U00476,M,53,Vitoria-Gasteiz,1,1,1,1,1,0,0,1,1,0,4
U00477,F,51,Donostia-San Sebastián,1,1,0,1,0,1,1,0,0,0,4
U00478,F,47,Hernani,1,1,0,0,0,0,0,0,0,1,3
U00479,M,54,Vitoria-Gasteiz,0,0,1,1,1,0,0,1,1,0,3
U00480,F,59,Portugalete,0,1,1,0,0,1,1,1,1,0,4
U00481,F,59,Durango,0,0,0,1,1,1,0,1,1,0,4
U00482,F,56,Bilbao,0,0,1,1,0,1,0,1,1,0,3
U00483,F,63,Llodio,0,0,0,0,0,0,1,0,1,0,3
U00484,M,52,Santurtzi,1,1,1,1,0,1,0,0,0,0,4
U00485,M,49,Vitoria-Gasteiz,1,1,1,1,1,0,1,1,1,0,5
U00486,M,65,Donostia-San Sebastián,0,1,1,0,1,1,1,1,1,0,3
U00487,M,59,Bilbao,0,0,0,0,0,0,1,0,0,1,3
U00488,F,45,Durango,1,1,1,0,1,1,1,1,1,1,4
U00489,M,51,Bilbao,1,1,1,0,0,1,1,0,0,1,4
U00490,F,60,Tolosa,1,1,1,1,1,0,1,1,0,0,4
U00491,M,73,Vitoria-Gasteiz,0,0,1,1,0,0,1,1,0,1,4
U00492,F,53,Basauri,0,0,1,1,0,0,0,1,0,0,3
U00493,F,56,Santurtzi,0,0,0,1,1,0,0,1,1,1,3
U00494,M,54,Donostia-San Sebastián,1,0,1,0,1,1,1,0,1,0,4
U00495,F,61,Portugalete,1,1,1,0,0,1,1,0,1,0,3
U00496,F,62,Getxo,0,0,0,1,1,1,1,1,1,0,4
U00497,F,38,Vitoria-Gasteiz,0,0,0,0,1,1,1,1,0,0,4
U00498,F,49,Azpeitia,1,0,1,1,0,1,1,1,1,1,3
U00499,F,53,Irun,0,1,1,1,1,0,1,0,0,0,3
U00500,F,61,Getxo,1,1,1,0,1,1,0,0,1,1,5
U00501,F,59,Santurtzi,1,1,1,1,1,1,0,1,1,0,5
U00502,M,59,Basauri,1,1,1,1,0,1,0,0,0,1,4
U00503,F,71,Amurrio,0,1,1,0,0,0,1,0,1,0,4
U00504,F,61,Bilbao,1,0,1,0,1,0,0,0,0,0,3
U00505,M,56,Irun,0,1,1,0,1,0,0,0,0,1,3
U00506,F,54,Basauri,1,1,1,0,0,1,1,0,0,0,4
U00507,F,55,Santurtzi,1,0,1,1,1,0,1,1,0,0,3
U00508,F,62,Basauri,1,1,1,1,0,1,1,1,1,0,4
U00509,M,65,Donostia-San Sebastián,1,1,1,1,0,0,0,0,0,0,3
U00510,M,45,Bermeo,1,1,1,0,1,1,0,1,0,0,4
U00511,F,61,Irun,0,1,1,1,1,0,1,1,1,1,4
U00512,M,65,Donostia-San Sebastián,1,0,1,0,1,0,1,1,0,0,3
U00513,M,64,Barakaldo,0,0,1,0,1,1,0,1,0,0,2
U00514,M,54,Barakaldo,1,0,1,0,0,0,1,0,0,0,3
U00515,M,64,Barakaldo,1,1,0,0,1,1,1,0,1,0,3
U00516,M,48,Leioa,1,0,1,0,1,0,1,1,1,0,4
U00517,F,60,Santurtzi,0,1,0,0,0,0,1,1,1,1,3
U00518,M,47,Santurtzi,0,1,1,0,0,0,1,0,0,0,3
U00519,M,56,Basauri,0,1,1,1,1,0,0,1,1,0,3
U00520,F,73,Donostia-San Sebastián,0,0,1,1,1,1,0,1,0,0,4
U00521,M,52,Irun,1,1,1,0,0,0,0,0,0,0,3
U00522,F,52,Portugalete,0,1,0,1,1,1,1,0,1,0,4
U00523,M,53,Donostia-San Sebastián,1,1,0,0,0,0,1,0,0,0,4
U00524,F,45,Getxo,1,0,1,1,1,1,1,1,1,0,4
U00525,M,60,Donostia-San Sebastián,1,1,1,0,0,1,0,0,0,0,3
U00526,M,58,Vitoria-Gasteiz,1,1,1,1,0,1,1,1,1,0,3
U00527,M,60,Vitoria-Gasteiz,0,1,1,0,1,1,0,0,0,1,4
U00528,F,54,Barakaldo,1,1,1,1,0,1,0,1,1,1,4
U00529,F,46,Bilbao,1,1,1,0,0,1,1,1,0,0,3
U00530,M,61,Barakaldo,1,0,1,1,1,1,1,1,0,0,4
U00531,F,74,Portugalete,0,1,1,0,1,1,1,1,0,0,4
U00532,M,48,Barakaldo,1,1,1,0,0,1,1,0,0,1,3
U00533,M,48,Bilbao,1,1,1,1,0,1,1,0,0,1,4
U00534,F,58,Bilbao,0,1,1,1,1,0,1,1,0,0,4
U00535,M,50,Barakaldo,0,1,0,1,1,1,1,1,1,1,4
U00536,F,54,Bilbao,1,1,0,1,1,0,1,1,0,0,4
U00537,M,49,Donostia-San Sebastián,1,1,0,1,0,1,0,1,0,0,3
U00538,M,46,Portugalete,0,1,1,0,0,1,1,0,1,0,3
U00539,F,48,Errenteria,1,1,0,0,0,0,0,0,0,1,3
U00540,F,54,Barakaldo,0,1,1,0,1,1,0,1,0,0,3
U00541,M,73,Donostia-San Sebastián,1,1,1,1,1,0,1,1,1,0,4
U00542,F,61,Durango,0,0,1,1,0,0,1,0,0,1,3
U00543,F,53,Barakaldo,0,1,1,0,0,1,1,0,0,1,4
U00544,M,60,Barakaldo,0,1,1,0,0,1,0,1,0,0,4
U00545,F,75,Donostia-San Sebastián,1,0,1,1,0,1,1,0,0,0,4
U00546,F,53,Donostia-San Sebastián,1,1,1,0,0,1,1,0,1,0,4
U00547,M,51,Bilbao,0,0,1,1,0,0,0,1,1,0,4
U00548,F,25,Vitoria-Gasteiz,1,1,0,1,0,0,1,0,0,0,4
U00549,M,74,Vitoria-Gasteiz,0,1,0,1,0,0,1,1,0,0,3
U00550,F,61,Donostia-San Sebastián,1,0,1,0,1,1,1,0,0,1,4
U00551,F,49,Getxo,0,0,1,1,0,1,1,1,1,0,4
U00552,F,62,Errenteria,0,1,1,0,0,1,1,1,0,0,3
U00553,M,49,Bilbao,0,0,1,1,0,1,0,1,1,0,3
U00554,M,50,Donostia-San Sebastián,1,1,0,0,0,0,1,1,0,1,3
U00555,M,55,Irun,0,1,0,1,0,1,0,1,0,1,4
U00556,M,75,Zarautz,1,0,1,1,1,1,1,1,1,0,4
U00557,F,46,Portugalete,0,1,1,0,0,0,1,1,0,1,3
U00558,M,53,Errenteria,0,1,1,0,0,1,1,0,0,1,3
U00559,M,55,Vitoria-Gasteiz,1,1,1,1,1,1,0,1,1,1,4
U00560,F,70,Durango,1,1,1,0,1,1,0,1,0,1,4
U00561,M,56,Irun,1,0,0,1,0,1,1,1,0,0,4
U00562,F,48,Barakaldo,0,0,1,0,0,1,1,1,1,0,3
U00563,F,46,Donostia-San Sebastián,1,1,1,0,0,0,1,0,0,0,3
U00564,F,62,Donostia-San Sebastián,1,1,1,1,1,1,1,1,1,0,4
U00565,M,51,Bilbao,1,1,0,0,0,0,1,0,0,1,3
U00566,F,65,Bilbao,1,0,0,0,1,0,1,0,1,0,4
U00567,F,60,Vitoria-Gasteiz,1,1,0,0,0,1,1,0,1,1,3
U00568,F,64,Eibar,1,0,1,1,1,1,0,1,0,0,3
U00569,F,56,Durango,1,0,1,0,0,1,1,1,1,0,3
U00570,F,49,Donostia-San Sebastián,1,0,0,0,1,0,1,0,0,0,3
U00571,M,56,Donostia-San Sebastián,1,1,1,0,1,0,1,1,1,1,4
U00572,M,51,Bilbao,1,1,0,0,0,1,0,0,0,0,3
U00573,F,48,Basauri,1,0,1,1,0,0,1,1,0,1,3
U00574,F,56,Donostia-San Sebastián,1,1,1,1,0,0,1,1,0,1,4
U00575,M,49,Vitoria-Gasteiz,0,1,1,0,1,1,0,1,0,0,4
U00576,M,55,Barakaldo,1,1,1,0,1,1,1,1,1,0,4
U00577,M,65,Zarautz,0,1,1,1,0,1,0,1,1,0,4
U00578,M,68,Donostia-San Sebastián,1,0,0,0,0,1,0,0,0,1,3
U00579,F,62,Eibar,1,0,1,0,1,0,0,1,0,0,3
U00580,F,55,Hernani,0,1,1,1,1,1,0,1,0,1,3
U00581,F,55,Bilbao,0,0,0,0,0,1,1,1,1,0,4
U00582,F,64,Barakaldo,1,1,0,0,1,1,1,1,1,1,4
U00583,F,51,Vitoria-Gasteiz,1,1,1,1,0,0,1,1,0,0,4
U00584,F,58,Zarautz,1,1,0,0,1,1,1,0,1,0,4
U00585,F,46,Bilbao,0,1,1,1,1,1,1,0,1,0,4
U00586,F,63,Mungia,0,1,1,1,1,1,1,1,0,0,4
U00587,M,42,Vitoria-Gasteiz,0,1,1,0,0,0,0,1,0,0,2
U00588,F,64,Donostia-San Sebastián,0,1,1,0,1,1,1,1,1,0,4
U00589,F,45,Vitoria-Gasteiz,1,0,1,0,0,0,0,1,1,1,4
U00590,F,65,Vitoria-Gasteiz,0,1,1,0,1,1,1,0,1,0,4
U00591,M,45,Bilbao,0,1,1,1,0,1,0,1,1,1,4
U00592,M,27,Tolosa,0,0,0,0,1,1,1,0,1,0,3
U00593,F,45,Getxo,1,1,0,0,0,0,0,0,0,1,4
U00594,F,56,Bilbao,1,1,1,1,0,1,1,0,0,1,4
U00595,M,64,Errenteria,1,1,1,0,0,1,1,1,0,0,4
U00596,F,51,Vitoria-Gasteiz,1,1,0,1,1,0,1,1,1,0,4
U00597,F,65,Donostia-San Sebastián,0,1,1,1,1,1,0,1,1,1,4
U00598,F,46,Tolosa,1,0,1,1,1,0,0,1,1,0,4
U00599,M,56,Basauri,1,1,1,0,0,0,0,0,1,1,4
U00600,F,58,Donostia-San Sebastián,1,1,0,1,1,1,1,1,1,0,4
U00601,F,32,Barakaldo,1,1,1,0,0,1,1,0,0,1,4
U00602,F,58,Irun,1,0,0,0,0,0,1,1,1,1,3
U00603,F,25,Bilbao,1,1,1,0,1,0,0,1,0,0,3
U00604,M,61,Barakaldo,1,1,0,0,1,0,1,0,0,1,4
U00605,F,63,Donostia-San Sebastián,0,1,1,1,0,1,1,1,1,0,4
U00606,M,59,Errenteria,1,1,0,1,1,1,1,0,1,1,4
U00607,F,49,Hernani,1,1,1,0,0,0,0,1,1,1,4
U00608,M,52,Bilbao,0,1,1,0,0,0,0,1,1,0,3
U00609,F,65,Basauri,1,1,0,0,0,1,1,1,1,1,3
U00610,F,63,Amurrio,0,0,1,1,0,1,0,1,0,1,3
U00611,F,52,Durango,1,1,1,0,0,1,0,1,0,0,4
U00612,F,28,Donostia-San Sebastián,1,0,1,1,0,1,0,1,1,0,4
U00613,M,57,Bermeo,1,1,1,1,0,0,1,1,0,1,4
U00614,F,51,Bilbao,0,1,1,0,1,0,0,1,1,0,3
U00615,M,62,Vitoria-Gasteiz,0,1,1,0,1,1,1,0,0,0,4
U00616,F,45,Donostia-San Sebastián,0,1,0,0,1,1,1,1,1,1,5
U00617,F,65,Getxo,0,1,1,1,0,1,1,1,1,0,4
U00618,M,60,Eibar,0,0,1,0,0,1,0,1,1,0,3
U00619,M,48,Donostia-San Sebastián,1,0,1,1,1,1,0,1,0,1,4
U00620,M,47,Bilbao,0,1,1,1,0,1,1,0,1,1,4
U00621,M,44,Bilbao,1,1,0,1,1,1,1,1,1,0,4
U00622,M,54,Tolosa,0,0,0,0,0,1,1,0,0,0,3
U00623,M,58,Bilbao,0,1,1,0,0,1,1,0,0,1,3
U00624,M,57,Bilbao,1,0,1,0,1,1,0,0,0,0,4
U00625,F,46,Durango,1,1,0,1,0,0,0,0,0,0,4
U00626,F,53,Zarautz,0,0,1,0,1,0,1,1,1,1,3
U00627,F,46,Basauri,1,0,1,1,1,1,1,1,0,0,4
U00628,F,72,Donostia-San Sebastián,1,0,1,1,1,0,1,0,0,0,3
U00629,F,63,Eibar,0,1,0,0,0,1,1,0,1,1,4
U00630,F,65,Donostia-San Sebastián,1,0,1,0,1,1,0,1,1,0,3
U00631,F,46,Llodio,1,1,1,0,0,1,1,1,1,0,3
U00632,M,45,Vitoria-Gasteiz,0,1,0,1,0,1,1,0,0,0,4
U00633,F,65,Bilbao,1,0,0,0,1,0,1,1,0,1,4
U00634,F,55,Getxo,1,0,1,1,1,1,0,1,1,0,4
U00635,F,53,Portugalete,0,1,1,0,1,0,1,1,1,0,3
U00636,F,62,Bilbao,1,0,1,0,1,1,0,1,0,0,3
U00637,F,27,Vitoria-Gasteiz,0,1,1,1,1,1,1,1,1,1,4
U00638,F,60,Donostia-San Sebastián,0,1,1,0,1,1,0,0,1,0,4
U00639,M,65,Getxo,0,1,1,0,1,1,1,1,0,1,4
U00640,F,59,Llodio,0,0,1,1,0,1,0,1,1,1,5
U00641,F,48,Azpeitia,0,1,1,1,1,0,0,1,1,0,3
U00642,F,67,Barakaldo,1,1,1,0,1,0,1,0,1,1,4
U00643,M,49,Eibar,1,0,1,1,1,1,0,1,1,1,4
U00644,M,65,Bilbao,1,1,1,1,0,0,1,1,1,0,4
U00645,F,54,Vitoria-Gasteiz,0,1,1,0,1,1,1,0,1,0,3
U00646,M,49,Donostia-San Sebastián,1,0,0,1,0,0,0,1,1,0,3
U00647,M,59,Donostia-San Sebastián,1,0,1,1,0,0,1,0,0,0,4
U00648,M,61,Barakaldo,0,1,1,0,0,0,1,0,0,1,3
U00649,M,60,Bilbao,0,1,0,0,1,0,0,1,1,1,3
U00650,M,74,Tolosa,1,0,1,0,0,1,1,0,0,0,3
U00651,M,47,Tolosa,1,0,0,0,1,1,1,1,1,0,4
U00652,M,62,Leioa,0,1,1,1,0,1,1,1,0,1,3
U00653,F,61,Vitoria-Gasteiz,1,1,1,1,0,0,1,0,1,1,4
U00654,F,60,Vitoria-Gasteiz,1,0,0,0,1,0,1,1,1,0,4
U00655,M,63,Getxo,1,1,1,1,1,0,1,0,0,1,5
U00656,F,45,Bilbao,1,1,1,1,0,1,1,0,1,1,4
U00657,F,49,Durango,0,1,0,0,0,1,1,1,0,0,4
U00658,F,49,Leioa,0,1,1,1,1,1,0,1,0,0,3
U00659,F,55,Bilbao,1,0,1,1,1,0,1,0,0,1,3
U00660,M,51,Beasain,1,0,0,1,1,1,0,1,0,0,3
U00661,M,47,Llodio,1,1,0,0,1,1,1,0,0,0,4
U00662,F,52,Bilbao,1,1,1,0,0,0,0,1,1,0,4
U00663,F,64,Irun,1,0,0,1,0,0,0,1,0,0,3
U00664,F,52,Bilbao,0,1,1,1,1,1,0,1,1,1,4
U00665,M,58,Vitoria-Gasteiz,1,0,1,1,1,1,1,1,0,0,4
U00666,M,60,Leioa,1,0,1,1,1,0,1,1,0,0,4
U00667,M,28,Tolosa,1,1,1,0,0,0,1,1,1,0,4
U00668,F,56,Eibar,1,1,0,1,0,1,1,1,0,1,4
U00669,M,61,Bilbao,1,0,1,1,1,1,1,1,1,1,4
U00670,F,48,Bilbao,1,0,1,1,0,0,0,1,0,1,3
U00671,F,56,Getxo,0,0,0,1,1,1,1,1,1,0,3
U00672,F,69,Santurtzi,0,0,1,0,1,1,0,1,0,0,3
U00673,F,61,Zarautz,1,1,0,1,0,0,1,1,1,0,4
U00674,F,63,Irun,1,1,1,0,0,0,0,1,1,0,3
U00675,F,55,Getxo,1,1,0,1,1,1,0,1,1,0,5
U00676,M,62,Zarautz,1,1,0,0,0,1,0,0,0,1,2
U00677,M,68,Santurtzi,0,0,1,0,0,1,1,1,1,0,4
U00678,F,52,Vitoria-Gasteiz,1,1,1,0,1,1,1,1,1,0,4
U00679,F,57,Donostia-San Sebastián,1,1,1,0,1,0,0,1,1,0,4
U00680,F,50,Beasain,0,0,1,0,1,1,1,1,0,0,4
U00681,F,52,Vitoria-Gasteiz,1,1,1,1,0,1,1,1,0,0,4
U00682,F,55,Santurtzi,1,1,1,0,0,0,1,1,0,1,3
U00683,M,52,Vitoria-Gasteiz,0,1,0,0,1,1,1,1,1,1,4
U00684,M,55,Bilbao,1,0,0,1,1,1,0,1,0,0,3
U00685,F,49,Mungia,1,1,1,1,0,1,1,1,1,0,4
U00686,F,48,Santurtzi,1,0,1,0,0,0,0,1,0,0,4
U00687,F,58,Vitoria-Gasteiz,1,0,1,1,0,0,0,1,0,0,3
U00688,F,60,Santurtzi,1,1,1,1,0,0,1,1,0,0,4
U00689,M,55,Santurtzi,1,1,0,1,0,0,0,1,1,0,4
U00690,M,56,Bilbao,0,1,1,0,1,1,0,1,1,0,3
U00691,F,62,Hernani,1,0,1,0,1,0,1,1,1,0,3
U00692,M,57,Barakaldo,0,1,0,1,1,1,1,1,1,1,4
U00693,F,49,Bilbao,0,0,1,1,1,0,1,1,1,1,4
U00694,M,48,Amurrio,0,1,1,1,0,1,1,0,1,0,4
U00695,F,53,Bilbao,0,1,0,0,1,0,0,1,1,0,3
U00696,F,55,Errenteria,0,0,0,1,1,1,1,0,1,0,3
U00697,F,52,Donostia-San Sebastián,0,1,0,1,1,1,1,1,0,0,3
U00698,F,61,Donostia-San Sebastián,0,0,0,1,1,1,0,1,1,1,3
U00699,M,31,Barakaldo,1,0,1,0,0,1,1,1,1,1,4
U00700,F,48,Irun,1,0,1,1,0,1,0,0,0,0,3
U00701,F,65,Barakaldo,0,0,0,1,0,1,1,1,0,0,3
U00702,F,63,Durango,0,0,0,1,0,1,0,0,1,1,3
U00703,F,58,Vitoria-Gasteiz,0,0,1,1,1,0,0,0,0,0,3
U00704,F,52,Errenteria,0,1,0,0,1,0,1,0,0,0,4
U00705,M,45,Bilbao,0,0,0,1,0,1,1,1,1,1,4
U00706,M,54,Donostia-San Sebastián,1,0,1,0,1,0,1,0,1,0,3
U00707,M,50,Vitoria-Gasteiz,0,1,0,0,0,1,0,0,0,0,3
U00708,M,52,Vitoria-Gasteiz,1,1,0,0,1,1,1,1,1,1,4
U00709,F,70,Barakaldo,1,1,1,0,0,1,1,1,1,0,3
U00710,F,51,Bilbao,0,1,0,0,1,1,1,1,1,0,3
U00711,M,56,Getxo,1,1,1,1,0,1,1,1,0,0,4
U00712,F,60,Santurtzi,0,1,0,0,1,0,1,1,1,0,4
U00713,F,65,Donostia-San Sebastián,1,1,1,0,0,0,0,1,1,0,3
U00714,M,46,Basauri,1,1,1,0,0,1,0,1,0,0,3
U00715,F,46,Zarautz,1,1,0,1,0,0,0,0,0,1,4
U00716,F,47,Barakaldo,0,0,1,0,0,0,1,1,1,0,3
U00717,M,59,Bilbao,1,1,1,1,1,1,0,1,0,0,4
U00718,M,60,Bilbao,0,1,1,0,1,0,1,0,1,1,4
U00719,M,57,Barakaldo,1,1,0,0,0,0,0,1,0,0,3
U00720,M,61,Bilbao,0,1,0,0,0,1,1,0,0,1,2
U00721,F,52,Santurtzi,0,1,1,1,1,1,0,1,1,1,4
U00722,F,59,Azpeitia,1,0,0,0,1,1,1,0,1,0,3
U00723,F,50,Donostia-San Sebastián,0,1,1,1,0,1,0,1,0,0,4
U00724,M,57,Vitoria-Gasteiz,0,0,0,1,0,0,1,1,1,0,4
U00725,M,62,Bermeo,1,1,1,0,0,1,0,0,0,0,3
U00726,F,46,Donostia-San Sebastián,1,1,1,1,0,1,0,0,0,1,4
U00727,F,47,Donostia-San Sebastián,1,0,1,0,0,1,0,1,0,1,3
U00728,M,62,Azpeitia,1,1,0,0,1,1,0,1,1,0,3
U00729,M,61,Llodio,0,0,1,0,1,1,1,1,0,1,4
U00730,F,65,Portugalete,1,0,1,1,1,1,1,1,0,1,3
U00731,F,53,Donostia-San Sebastián,1,0,0,0,1,1,0,0,1,0,4
U00732,F,45,Bilbao,0,0,0,1,1,1,1,1,1,0,4
U00733,M,34,Getxo,0,1,1,1,0,1,0,1,1,1,4
U00734,F,52,Leioa,1,1,0,0,0,1,1,0,0,1,3
U00735,M,59,Vitoria-Gasteiz,0,1,1,1,1,1,1,0,1,1,4
U00736,F,60,Portugalete,1,0,0,1,1,0,1,0,0,0,4
U00737,F,49,Portugalete,1,0,1,1,0,1,0,1,1,0,4
U00738,M,66,Donostia-San Sebastián,1,0,1,0,1,1,0,1,0,0,4
U00739,F,56,Eibar,1,1,1,0,0,0,1,1,1,0,4
U00740,F,59,Irun,0,0,1,1,0,1,0,1,1,1,5
U00741,M,51,Donostia-San Sebastián,1,1,0,0,0,0,0,1,0,0,3
U00742,M,56,Basauri,0,1,0,0,0,1,1,1,0,0,3
U00743,F,56,Vitoria-Gasteiz,0,0,1,1,1,1,1,0,1,0,3
U00744,F,52,Bilbao,0,0,0,0,0,1,1,1,1,0,3
U00745,F,59,Donostia-San Sebastián,1,1,0,1,0,1,0,0,1,0,4
U00746,F,61,Santurtzi,1,1,1,1,0,1,1,1,1,1,5
U00747,F,59,Donostia-San Sebastián,1,1,1,1,0,1,1,0,0,1,3
U00748,F,29,Portugalete,1,1,1,0,0,0,0,0,0,1,2
U00749,M,65,Tolosa,1,0,1,1,1,0,1,0,0,1,4
U00750,F,52,Vitoria-Gasteiz,1,1,1,0,0,0,1,0,0,0,3
U00751,M,52,Bilbao,1,1,0,1,1,1,0,0,1,0,3
U00752,M,58,Llodio,1,1,0,0,0,1,1,0,1,1,4
U00753,F,47,Bilbao,0,1,0,1,0,1,1,1,0,0,3
U00754,F,56,Durango,0,1,1,0,1,0,0,1,0,1,4
U00755,M,53,Donostia-San Sebastián,1,1,0,0,0,1,0,0,0,0,3
U00756,F,51,Leioa,1,1,1,0,1,1,1,1,0,1,4
U00757,M,45,Donostia-San Sebastián,0,1,1,1,0,0,0,0,1,0,4
U00758,F,47,Basauri,1,0,0,1,1,1,0,1,0,1,3
U00759,F,57,Donostia-San Sebastián,0,1,1,1,0,0,0,1,0,1,3
U00760,M,49,Irun,1,1,1,1,1,0,1,1,1,0,4
U00761,M,49,Salvatierra,1,0,1,1,1,0,1,0,1,1,4
U00762,F,61,Hernani,0,0,1,1,0,0,1,0,1,0,4
U00763,M,62,Bilbao,0,0,1,1,1,1,1,1,0,1,3
U00764,M,52,Bilbao,0,1,1,1,1,0,0,0,1,0,4
U00765,M,54,Zarautz,0,0,1,0,1,0,0,1,1,0,3
U00766,M,50,Hernani,1,1,1,0,1,1,0,1,1,0,4
U00767,F,63,Donostia-San Sebastián,0,0,1,1,1,1,1,1,1,0,3
U00768,F,59,Eibar,1,0,1,0,1,1,1,1,0,0,3
U00769,M,46,Donostia-San Sebastián,1,0,1,0,0,1,0,1,0,0,4
U00770,F,70,Bilbao,1,0,0,0,0,1,1,1,1,0,4
U00771,M,47,Portugalete,1,1,0,0,0,1,1,1,0,1,3
U00772,M,60,Bilbao,0,1,0,0,0,0,1,0,1,1,3
U00773,F,57,Durango,1,1,1,1,0,0,0,1,1,1,5
U00774,M,60,Bilbao,1,1,0,0,0,1,1,0,0,1,4
U00775,M,63,Hernani,1,0,1,1,1,1,1,1,0,0,3
U00776,F,47,Donostia-San Sebastián,1,1,1,1,1,1,1,0,1,0,4
U00777,M,56,Irun,1,1,0,0,1,1,1,0,1,0,4
U00778,F,49,Durango,1,0,1,0,0,1,1,1,1,0,3
U00779,F,63,Vitoria-Gasteiz,1,1,0,0,0,1,1,0,1,0,3
U00780,F,46,Bilbao,1,1,1,1,0,0,1,1,0,0,3
U00781,M,48,Mungia,1,0,1,0,1,0,1,0,1,1,4
U00782,F,49,Bilbao,0,0,1,1,0,1,0,1,0,0,3
U00783,F,42,Zarautz,0,1,1,1,1,0,0,0,1,0,3
U00784,M,50,Zarautz,1,1,1,0,0,1,0,0,0,0,3
U00785,F,63,Eibar,1,1,0,1,1,1,1,0,1,0,3
U00786,F,46,Donostia-San Sebastián,1,1,1,1,0,0,0,1,1,0,3
U00787,M,45,Eibar,0,1,0,1,0,1,1,0,1,0,4
U00788,M,49,Eibar,0,1,1,0,1,1,0,1,1,0,4
U00789,F,63,Tolosa,1,1,1,0,1,1,0,1,1,0,5
U00790,M,47,Vitoria-Gasteiz,0,0,1,0,1,1,0,1,0,0,3
U00791,M,52,Barakaldo,0,0,1,1,0,1,0,1,0,0,4
U00792,F,53,Basauri,1,0,0,1,1,0,1,0,1,0,3
U00793,F,62,Vitoria-Gasteiz,1,0,1,1,0,1,1,1,1,0,3
U00794,F,63,Bilbao,0,1,0,1,0,1,0,1,1,1,4
U00795,M,53,Bilbao,0,0,1,1,1,0,0,1,0,0,4
U00796,F,55,Vitoria-Gasteiz,0,0,1,1,0,0,0,1,1,0,4
U00797,M,63,Vitoria-Gasteiz,0,1,0,0,1,0,0,0,1,1,3
U00798,F,65,Vitoria-Gasteiz,0,1,0,0,0,0,1,1,1,1,4
U00799,M,52,Irun,0,0,0,1,1,0,1,1,0,0,4
U00800,M,61,Irun,1,0,0,1,1,1,1,1,0,0,4
U00801,F,54,Barakaldo,1,1,1,1,1,1,1,1,1,1,4
U00802,M,58,Santurtzi,1,0,0,1,1,1,1,1,1,0,3
U00803,M,56,Donostia-San Sebastián,1,0,1,0,0,1,0,1,0,0,3
U00804,M,32,Bilbao,1,0,0,1,0,1,0,0,0,1,3
U00805,M,51,Santurtzi,1,1,1,1,0,1,1,0,0,1,4
U00806,M,53,Getxo,1,1,0,0,0,0,1,0,0,0,3
U00807,F,49,Bilbao,1,0,1,0,1,1,1,0,0,1,4
U00808,F,50,Bilbao,0,1,0,1,1,0,1,0,1,0,3
U00809,M,60,Bilbao,1,0,1,0,0,1,0,0,1,0,4
U00810,F,55,Amurrio,0,1,1,1,1,1,0,1,1,0,4
U00811,F,63,Eibar,1,1,0,0,1,0,1,1,1,0,4
U00812,F,54,Vitoria-Gasteiz,1,0,1,1,1,0,1,1,0,0,3
U00813,F,57,Donostia-San Sebastián,1,1,0,0,0,1,0,1,0,1,3
U00814,F,25,Eibar,1,0,0,0,0,1,1,0,0,1,3
U00815,M,64,Basauri,1,1,0,0,0,1,1,0,0,0,4
U00816,F,75,Donostia-San Sebastián,1,1,0,0,0,0,1,0,0,1,3
U00817,F,52,Getxo,1,0,1,1,0,1,0,1,1,0,3
U00818,M,64,Portugalete,0,0,1,1,1,1,0,0,1,1,4
U00819,M,55,Donostia-San Sebastián,1,0,1,0,0,1,0,0,0,1,4
U00820,M,62,Bilbao,0,1,1,1,0,1,0,1,0,0,4
U00821,F,61,Azpeitia,1,1,1,1,1,1,0,1,1,1,4
U00822,F,52,Portugalete,1,1,1,1,1,0,0,1,1,0,4
U00823,F,46,Donostia-San Sebastián,1,1,0,1,1,1,1,1,1,0,4
U00824,M,52,Bilbao,0,0,0,1,1,1,0,1,0,1,3
U00825,M,62,Beasain,1,1,1,0,1,1,0,1,1,0,4
U00826,M,65,Barakaldo,1,0,1,0,1,0,1,1,1,0,3
U00827,F,50,Bilbao,1,0,1,0,1,0,1,0,1,0,3
U00828,F,61,Getxo,1,1,0,0,1,1,0,0,1,0,4
U00829,M,57,Eibar,0,1,0,0,1,1,0,0,0,0,3
U00830,M,49,Donostia-San Sebastián,0,1,1,0,0,0,1,1,0,0,3
U00831,F,47,Irun,1,1,0,0,0,1,0,0,0,0,3
U00832,M,29,Bilbao,0,1,1,1,0,1,0,1,1,0,4
U00833,F,48,Irun,0,0,0,1,0,1,0,1,0,1,3
U00834,F,61,Bilbao,1,0,0,1,0,1,1,1,1,1,4
U00835,F,64,Donostia-San Sebastián,1,1,1,1,1,1,1,0,1,0,4
U00836,M,59,Bilbao,1,0,1,0,0,1,1,1,1,0,3
U00837,M,50,Vitoria-Gasteiz,1,1,1,1,1,0,1,1,0,1,4
U00838,F,52,Irun,0,0,1,0,0,1,0,1,1,0,3
U00839,M,56,Bilbao,1,0,0,0,0,1,1,0,0,0,4
U00840,M,46,Bilbao,0,0,1,1,1,1,1,1,0,0,4
U00841,M,37,Portugalete,1,0,1,0,1,1,0,1,0,1,4
U00842,F,45,Leioa,1,0,0,1,0,1,0,1,0,0,4
U00843,M,65,Errenteria,0,1,1,0,1,0,0,1,1,0,3
U00844,F,57,Llodio,0,1,1,1,1,0,0,1,0,0,3
U00845,M,58,Donostia-San Sebastián,0,1,1,0,1,1,0,1,0,0,3
U00846,F,45,Bilbao,1,0,0,0,0,1,1,1,1,1,3
U00847,F,53,Getxo,1,1,0,0,1,1,1,0,0,0,3
U00848,F,48,Barakaldo,1,1,0,1,1,1,0,0,0,0,3
U00849,M,64,Santurtzi,0,1,1,1,1,0,0,1,0,1,4
U00850,F,47,Barakaldo,1,1,0,1,1,1,1,1,1,1,4
U00851,F,52,Donostia-San Sebastián,0,1,1,0,1,1,1,1,0,0,3
U00852,F,59,Leioa,1,0,1,1,1,0,0,0,0,1,4
U00853,F,57,Irun,0,1,0,0,1,0,1,1,1,1,4
U00854,M,46,Irun,1,0,0,1,1,0,1,1,0,0,3
U00855,F,27,Vitoria-Gasteiz,0,1,1,0,0,0,0,1,0,1,4
U00856,F,53,Portugalete,0,1,1,0,0,0,1,1,1,0,4
U00857,F,41,Donostia-San Sebastián,1,0,1,0,1,1,1,1,1,1,4
U00858,F,50,Bilbao,0,1,1,0,1,1,0,1,1,0,4
U00859,F,48,Portugalete,0,0,0,1,0,1,1,1,1,0,4
U00860,F,57,Donostia-San Sebastián,1,0,1,1,1,0,1,1,1,0,4
U00861,M,50,Irun,1,0,0,0,0,1,1,0,0,1,3
U00862,M,54,Vitoria-Gasteiz,1,1,1,0,0,1,0,0,1,1,4
U00863,F,68,Vitoria-Gasteiz,1,1,0,0,0,0,1,0,0,1,3
U00864,F,47,Bilbao,1,1,0,0,0,0,1,0,1,1,4
U00865,F,50,Irun,0,1,0,1,1,1,1,0,1,0,4
U00866,M,49,Donostia-San Sebastián,1,0,0,0,0,0,0,1,0,1,3
U00867,M,64,Leioa,1,0,1,0,0,1,0,1,1,1,4
U00868,F,53,Barakaldo,0,1,0,1,1,0,1,1,0,0,3
U00869,F,63,Vitoria-Gasteiz,1,0,1,0,0,1,1,1,1,0,4
U00870,M,47,Donostia-San Sebastián,0,1,1,1,0,0,1,0,1,0,3
U00871,M,60,Getxo,0,0,1,1,1,1,1,0,1,1,4
U00872,M,60,Bilbao,0,0,1,1,0,0,1,1,0,0,3
U00873,M,57,Durango,1,0,1,1,1,1,0,0,1,0,3
U00874,F,54,Vitoria-Gasteiz,1,0,1,0,0,0,1,0,1,1,4
U00875,M,65,Eibar,1,1,1,1,0,1,1,0,0,1,3
U00876,F,72,Bilbao,0,0,1,1,1,1,1,1,0,0,4
U00877,F,51,Bilbao,0,1,1,1,1,1,0,1,0,0,3
U00878,F,51,Irun,1,1,1,1,0,1,0,1,1,0,4
U00879,M,75,Barakaldo,0,1,0,1,1,0,1,0,0,1,4
U00880,M,56,Bilbao,1,0,1,1,0,0,1,1,1,0,3
U00881,M,47,Beasain,0,1,1,0,0,0,1,0,1,0,3
U00882,M,50,Eibar,0,1,0,0,0,0,1,1,1,0,4
U00883,F,61,Basauri,1,1,1,0,1,0,0,0,1,0,3
U00884,F,62,Barakaldo,1,0,0,0,1,1,1,1,1,1,4
U00885,F,56,Vitoria-Gasteiz,1,1,0,1,1,0,1,1,1,0,4
U00886,M,63,Bilbao,1,1,1,0,0,0,1,1,1,0,4
U00887,F,37,Vitoria-Gasteiz,1,1,1,0,0,1,0,1,0,1,4
U00888,F,55,Donostia-San Sebastián,0,0,1,1,1,1,1,1,1,0,3
U00889,M,64,Donostia-San Sebastián,1,0,1,1,1,1,0,1,1,1,4
U00890,M,45,Tolosa,1,1,1,0,1,0,0,1,1,0,4
U00891,F,52,Bilbao,1,1,0,0,0,1,0,0,0,0,3
U00892,M,49,Hernani,0,0,1,0,1,0,1,1,1,0,4
U00893,M,29,Basauri,0,1,1,1,1,0,1,1,0,0,4
U00894,F,64,Donostia-San Sebastián,1,0,1,1,1,0,1,1,0,1,4
U00895,F,37,Bilbao,0,0,0,1,1,1,1,1,0,0,4
U00896,F,50,Irun,1,1,1,0,0,0,0,0,0,0,4
U00897,M,52,Leioa,0,0,0,0,0,1,0,0,0,1,3
U00898,F,47,Zarautz,1,1,0,0,0,0,0,0,0,1,3
U00899,M,47,Azpeitia,1,0,1,0,1,1,0,1,1,0,3
U00900,M,51,Irun,1,1,1,1,1,0,0,1,0,0,3
U00901,F,62,Bilbao,1,1,0,1,1,1,0,0,0,1,4
U00902,M,59,Bilbao,1,1,0,1,0,1,1,1,1,1,3
U00903,M,62,Bilbao,1,0,1,1,1,0,0,1,1,0,4
U00904,F,56,Vitoria-Gasteiz,1,1,1,1,0,1,1,1,0,0,4
U00905,F,54,Vitoria-Gasteiz,0,1,1,0,1,1,0,1,1,0,4
U00906,F,26,Santurtzi,1,1,1,0,0,1,1,0,1,0,4
U00907,M,48,Zarautz,1,1,0,0,1,0,1,1,0,0,3
U00908,F,53,Zarautz,0,1,1,1,0,0,0,1,1,1,4
U00909,F,68,Errenteria,0,1,1,0,0,1,1,0,0,0,3
U00910,M,63,Eibar,0,1,1,0,1,0,0,1,1,0,3
U00911,M,62,Tolosa,1,0,1,1,0,1,0,0,0,1,4
U00912,F,58,Salvatierra,1,0,1,0,1,0,0,1,1,0,4
U00913,F,56,Donostia-San Sebastián,1,1,1,1,1,1,1,1,1,0,4
U00914,M,57,Zarautz,1,1,1,1,0,1,1,0,1,1,4
U00915,F,31,Bilbao,1,1,0,1,1,1,0,0,0,0,3
U00916,F,56,Zarautz,1,0,0,1,0,0,1,0,0,0,3
U00917,M,54,Santurtzi,1,1,0,1,1,1,1,1,1,0,4
U00918,F,50,Eibar,1,1,1,0,1,1,1,1,1,0,4
U00919,M,46,Durango,1,1,0,0,1,0,1,0,0,1,3
U00920,F,60,Santurtzi,1,0,1,1,0,0,1,1,0,0,4
U00921,F,45,Irun,1,1,1,1,0,0,1,0,1,1,4
U00922,F,63,Errenteria,0,1,0,0,0,1,1,1,0,0,3
U00923,M,45,Durango,0,1,0,0,0,1,1,0,0,0,3
U00924,F,45,Vitoria-Gasteiz,1,1,0,0,0,1,0,1,0,0,3
U00925,F,57,Azpeitia,1,1,0,0,0,1,1,0,1,1,4
U00926,F,47,Hernani,1,0,1,0,1,1,1,1,1,0,3
U00927,F,59,Errenteria,1,1,0,1,1,1,1,0,1,1,4
U00928,M,66,Durango,1,1,1,0,1,0,0,1,1,1,3
U00929,F,62,Basauri,1,1,1,0,0,0,0,1,0,0,3
U00930,M,58,Santurtzi,1,1,0,1,0,1,0,0,0,1,4
U00931,M,63,Basauri,1,1,0,1,0,0,1,0,0,1,3
U00932,M,62,Vitoria-Gasteiz,1,1,0,0,1,0,1,1,0,1,4
U00933,M,58,Portugalete,0,1,0,0,0,1,1,1,0,0,4
U00934,F,55,Bilbao,0,1,0,1,1,1,0,1,1,1,4
U00935,M,57,Vitoria-Gasteiz,0,0,1,0,1,1,0,1,1,1,3
U00936,M,46,Bilbao,0,1,1,1,1,1,0,1,0,0,3
U00937,M,58,Tolosa,0,0,1,1,1,0,1,0,0,0,4
U00938,M,56,Getxo,1,0,1,1,0,1,0,1,0,0,4
U00939,M,36,Portugalete,1,1,1,0,0,1,0,1,1,0,4
U00940,M,63,Donostia-San Sebastián,1,1,1,1,0,0,0,1,1,0,4
U00941,M,51,Leioa,1,1,1,0,0,0,0,0,1,0,4
U00942,F,55,Portugalete,0,1,1,1,1,1,1,1,0,0,3
U00943,F,46,Durango,0,1,1,1,0,1,0,0,1,1,4
U00944,M,55,Durango,1,0,1,1,1,1,0,0,0,1,4
U00945,M,34,Santurtzi,0,0,0,0,1,0,1,1,1,0,3
U00946,F,45,Zarautz,0,1,1,0,1,0,1,1,1,1,3
U00947,M,57,Vitoria-Gasteiz,0,1,0,0,1,1,1,0,1,0,4
U00948,M,54,Basauri,1,1,0,0,1,1,0,1,0,1,4
U00949,F,53,Zarautz,0,1,1,0,1,0,1,1,1,0,3
U00950,M,45,Errenteria,1,1,0,0,0,0,0,0,0,0,2
U00951,F,31,Bilbao,1,1,0,1,1,1,1,0,0,0,3
U00952,M,50,Beasain,0,1,1,0,1,1,0,1,1,0,3
U00953,F,65,Bilbao,0,0,0,0,1,1,0,1,1,0,3
U00954,F,63,Barakaldo,1,1,0,0,0,0,0,1,1,1,4
U00955,F,33,Vitoria-Gasteiz,1,0,1,1,0,0,0,1,1,0,3
U00956,F,58,Bilbao,1,0,1,1,1,1,0,1,0,0,4
U00957,F,64,Donostia-San Sebastián,0,1,0,0,0,1,1,1,1,0,3
U00958,F,59,Irun,0,0,1,0,1,0,0,1,1,0,3
U00959,M,47,Donostia-San Sebastián,1,1,0,0,1,1,1,0,0,1,4
U00960,M,63,Bilbao,1,1,1,0,0,1,0,1,0,0,4
U00961,M,57,Portugalete,1,1,1,0,1,1,1,1,1,1,4
U00962,F,56,Donostia-San Sebastián,0,0,1,1,1,1,0,1,1,0,4
U00963,F,63,Beasain,1,1,1,1,0,1,1,0,0,1,4
U00964,M,55,Bilbao,0,0,1,1,0,0,0,1,0,1,3
U00965,M,54,Bilbao,0,0,0,1,1,0,1,1,1,1,4
U00966,F,50,Bilbao,1,0,1,0,0,1,1,1,1,0,4
U00967,F,45,Bilbao,0,0,1,1,0,0,1,1,1,1,3
U00968,M,54,Basauri,1,1,0,1,1,0,1,1,1,0,4
U00969,F,53,Tolosa,0,1,1,1,1,1,1,1,0,0,4
U00970,F,51,Bilbao,1,1,0,0,0,1,0,0,0,0,3
U00971,F,51,Barakaldo,0,1,0,1,1,0,0,1,0,1,4
U00972,M,50,Bilbao,1,0,1,1,1,1,1,1,1,1,4
U00973,M,61,Barakaldo,1,1,0,1,1,1,1,0,0,0,3
U00974,M,52,Tolosa,1,1,0,1,0,1,1,0,0,1,4
U00975,F,61,Eibar,0,0,1,1,0,1,0,1,0,1,3
U00976,M,50,Barakaldo,0,1,0,0,1,0,1,0,0,1,3
U00977,M,65,Durango,1,1,0,0,0,0,1,0,0,0,2
U00978,F,64,Bilbao,0,1,1,0,0,1,1,1,1,0,4
U00979,M,64,Getxo,1,0,0,1,1,0,0,1,1,0,3
U00980,M,61,Bilbao,0,1,1,0,0,1,0,1,1,0,4
U00981,F,48,Portugalete,1,0,1,0,1,0,0,1,1,0,3
U00982,F,64,Eibar,0,1,0,1,0,0,1,1,1,1,3
U00983,F,58,Bilbao,1,0,1,1,0,1,1,1,1,0,3
U00984,F,50,Leioa,1,0,1,0,0,1,0,1,1,0,4
U00985,M,49,Bilbao,0,1,0,0,1,1,0,1,0,0,3
U00986,F,62,Beasain,0,1,1,1,0,1,0,1,1,0,4
U00987,M,60,Donostia-San Sebastián,1,1,1,1,1,1,1,0,0,0,5
U00988,F,60,Bilbao,0,0,1,0,1,0,1,1,1,1,4
U00989,F,64,Zarautz,1,0,1,1,1,1,1,1,1,0,5
U00990,F,58,Bilbao,1,1,1,0,0,1,1,0,0,0,3
U00991,M,57,Durango,1,1,1,0,0,0,0,0,0,1,4
U00992,F,45,Donostia-San Sebastián,0,1,1,0,0,0,0,1,0,1,3
U00993,F,58,Leioa,0,0,1,0,0,1,0,1,1,0,3
U00994,M,49,Bilbao,1,1,1,0,0,1,1,0,0,0,3
U00995,M,45,Bilbao,1,1,1,0,1,1,1,1,1,0,4
U00996,M,52,Donostia-San Sebastián,0,0,1,0,1,1,0,1,0,0,3
U00997,F,58,Bilbao,1,1,0,1,0,1,0,0,0,0,3
U00998,M,32,Portugalete,0,1,0,1,0,1,0,1,0,0,3
U00999,M,36,Irun,1,1,0,1,0,0,0,0,0,0,3
U01000,F,49,Santurtzi,1,1,1,0,1,1,0,0,1,0,3
U01001,F,53,Bilbao,0,1,0,1,0,0,1,0,1,0,3
U01002,F,48,Barakaldo,1,0,1,0,0,1,1,1,1,0,4
U01003,M,50,Bilbao,0,0,1,1,1,1,0,1,1,0,4
U01004,F,46,Basauri,0,1,1,1,1,1,0,1,1,1,4
U01005,F,51,Bilbao,0,0,1,1,0,1,1,1,1,0,3
U01006,F,59,Tolosa,1,1,1,1,0,1,1,1,0,0,4
U01007,F,57,Irun,0,0,0,1,1,0,0,0,0,1,3
U01008,F,67,Bermeo,1,1,1,0,1,0,1,0,1,1,4
U01009,M,51,Leioa,1,0,1,0,0,1,1,1,0,1,4
U01010,F,53,Vitoria-Gasteiz,0,1,1,1,1,1,0,1,1,0,3
U01011,M,55,Irun,0,0,1,1,1,0,0,1,0,0,3
U01012,M,64,Getxo,1,0,0,0,0,1,1,1,0,1,4
U01013,F,48,Leioa,1,1,1,0,1,1,1,1,0,1,5
U01014,F,53,Getxo,0,1,1,1,1,1,1,0,0,0,4
U01015,F,50,Bilbao,1,0,1,0,1,1,1,0,1,1,4
U01016,F,53,Durango,0,1,0,1,0,1,0,0,0,1,3
U01017,F,58,Vitoria-Gasteiz,1,1,0,0,0,1,0,1,0,0,3
U01018,F,50,Getxo,1,1,1,0,1,1,1,0,1,0,4
U01019,M,63,Irun,1,1,1,0,1,0,1,1,0,0,3
U01020,M,53,Portugalete,0,1,0,0,0,0,0,0,0,0,3
U01021,M,34,Basauri,0,1,0,0,0,1,1,0,0,1,4
U01022,F,64,Durango,1,1,0,1,1,0,0,1,1,0,3
U01023,F,64,Irun,0,1,1,1,1,1,0,1,1,0,3
U01024,F,52,Donostia-San Sebastián,0,1,0,1,0,0,1,0,1,0,3
U01025,F,60,Getxo,0,1,0,0,1,0,1,0,1,0,4
U01026,F,53,Beasain,0,0,1,1,1,1,0,1,1,0,3
U01027,M,61,Vitoria-Gasteiz,1,0,0,1,0,0,1,1,1,1,3
U01028,F,54,Bilbao,0,1,0,0,1,0,1,1,1,0,4
U01029,M,72,Vitoria-Gasteiz,1,1,1,0,0,0,1,0,1,0,3
U01030,F,68,Donostia-San Sebastián,0,1,0,1,1,0,0,1,1,0,4
U01031,F,53,Barakaldo,1,1,0,1,1,1,1,1,1,0,5
U01032,M,53,Donostia-San Sebastián,1,0,1,1,0,0,0,1,0,0,4
U01033,F,48,Llodio,1,1,1,0,1,1,1,1,0,1,4
U01034,F,55,Donostia-San Sebastián,1,0,1,1,1,1,1,1,0,0,4
U01035,F,73,Vitoria-Gasteiz,0,0,1,1,0,0,0,1,1,0,3
U01036,M,59,Getxo,1,1,1,0,0,1,0,1,0,1,4
U01037,F,58,Barakaldo,1,1,0,0,0,1,1,1,0,1,4
U01038,M,60,Bilbao,0,1,1,1,1,1,0,0,0,0,4
U01039,M,64,Zarautz,1,0,1,1,0,1,1,0,1,0,4
U01040,F,61,Vitoria-Gasteiz,0,1,0,1,0,0,1,1,1,1,4
U01041,F,34,Barakaldo,1,0,0,1,0,1,0,0,0,1,3
U01042,M,39,Donostia-San Sebastián,1,1,0,1,0,0,1,1,0,0,3
U01043,M,57,Portugalete,1,0,0,0,0,1,0,0,0,0,3
U01044,F,72,Llodio,0,1,1,0,0,1,1,1,1,1,4
U01045,M,55,Eibar,1,1,0,0,1,0,0,0,0,1,3
U01046,M,61,Leioa,1,0,1,0,0,0,0,1,1,0,3
U01047,F,46,Bilbao,1,0,0,1,0,1,0,1,1,0,4
U01048,M,36,Irun,1,0,0,1,0,1,0,1,0,1,4
U01049,F,60,Donostia-San Sebastián,1,0,1,1,0,1,0,1,1,1,4
U01050,F,46,Basauri,0,0,0,1,1,0,1,0,0,1,4
U01051,M,53,Zarautz,0,1,1,0,0,0,1,0,0,1,4
U01052,M,55,Bilbao,0,0,1,0,0,1,1,1,0,0,3
U01053,F,59,Vitoria-Gasteiz,0,1,1,1,1,0,1,1,1,0,4
U01054,F,45,Bilbao,0,1,0,0,0,0,1,0,0,0,3
U01055,M,51,Zarautz,1,1,1,1,0,1,0,0,0,1,4
U01056,M,56,Errenteria,1,0,1,0,0,0,0,1,1,1,3
U01057,M,54,Tolosa,1,1,0,0,0,1,1,1,0,0,4
U01058,F,27,Barakaldo,1,1,0,0,0,0,0,0,0,0,3
U01059,M,58,Bilbao,0,1,0,0,1,1,1,0,0,0,3
U01060,F,48,Hernani,1,0,1,0,0,1,1,1,0,1,4
U01061,F,54,Bilbao,1,0,1,0,1,0,0,0,1,0,3
U01062,M,65,Bilbao,1,1,1,1,1,1,1,1,1,0,4
U01063,M,64,Bilbao,1,1,0,1,1,0,1,0,0,1,4
U01064,M,61,Bilbao,1,0,1,1,1,1,0,1,1,0,5
U01065,F,51,Donostia-San Sebastián,1,1,1,0,0,0,1,0,0,0,3
U01066,M,59,Donostia-San Sebastián,1,1,1,0,0,1,0,0,0,0,3
U01067,F,57,Barakaldo,0,0,1,0,1,1,1,1,0,0,4
U01068,M,61,Bilbao,1,1,1,0,1,1,0,1,0,0,3
U01069,F,64,Bilbao,0,0,1,1,1,1,1,0,1,0,4
U01070,F,63,Barakaldo,1,0,1,1,1,0,0,1,0,1,3
U01071,F,57,Barakaldo,1,1,1,1,0,1,0,1,0,0,4
U01072,M,48,Amurrio,1,0,0,1,1,1,0,1,1,0,4
U01073,F,55,Bilbao,0,0,1,0,0,1,1,1,0,0,4
U01074,F,51,Leioa,0,1,1,0,1,1,1,1,1,0,5
U01075,F,60,Azpeitia,0,1,0,0,1,0,1,1,1,1,4
U01076,F,48,Bilbao,1,1,0,0,0,1,1,1,0,0,4
U01077,M,62,Bilbao,1,1,0,0,0,0,0,1,1,0,3
U01078,F,52,Getxo,1,0,0,0,1,0,1,1,1,1,3
U01079,F,64,Irun,0,1,1,1,1,1,1,1,0,0,5
U01080,M,63,Vitoria-Gasteiz,0,1,1,0,1,0,0,1,0,0,2
U01081,F,61,Hernani,1,0,1,0,1,0,1,0,0,0,3
U01082,M,65,Leioa,1,1,0,0,1,1,0,0,0,0,3
U01083,M,51,Bilbao,1,1,1,0,0,1,0,1,0,1,4
U01084,M,64,Vitoria-Gasteiz,0,1,1,1,1,0,1,1,1,0,4
U01085,F,45,Amurrio,1,1,1,0,0,1,1,0,0,1,4
U01086,M,56,Eibar,1,1,0,0,0,0,0,0,1,1,4
U01087,M,46,Santurtzi,0,1,1,1,1,0,1,0,1,0,3
U01088,F,52,Portugalete,1,1,0,1,0,0,0,1,0,1,4
U01089,F,54,Bilbao,1,0,1,1,1,1,1,1,1,1,4
U01090,M,54,Bilbao,1,1,1,1,0,1,0,1,1,0,4
U01091,M,65,Errenteria,1,1,1,0,0,1,1,1,0,1,4
U01092,F,61,Basauri,1,0,1,0,0,1,1,1,1,0,4
U01093,M,49,Zarautz,1,1,1,0,0,1,1,0,0,1,4
U01094,F,65,Bilbao,0,1,1,1,1,1,0,1,1,1,4
U01095,F,63,Donostia-San Sebastián,1,1,1,1,0,0,1,0,0,0,3
U01096,M,52,Bilbao,0,0,1,1,0,1,1,1,0,1,3
U01097,F,45,Llodio,1,1,1,1,0,1,0,1,1,1,4
U01098,M,46,Beasain,1,1,1,0,0,1,1,1,0,1,3
U01099,F,45,Donostia-San Sebastián,0,0,0,0,0,1,1,0,0,0,2
U01100,M,26,Durango,0,0,1,0,0,1,1,0,0,1,4
U01101,F,68,Santurtzi,0,0,1,1,0,1,0,1,0,0,3
U01102,F,63,Vitoria-Gasteiz,0,0,1,1,0,1,0,1,1,0,4
U01103,M,60,Irun,1,1,0,0,0,1,1,0,0,1,3
U01104,F,55,Leioa,1,0,1,0,1,1,1,1,0,0,4
U01105,F,52,Salvatierra,1,0,0,1,0,1,0,0,0,0,3
U01106,F,47,Errenteria,1,1,1,0,0,1,0,0,0,1,4
U01107,F,57,Basauri,0,1,1,0,0,0,1,1,1,0,3
U01108,M,45,Eibar,1,0,0,1,1,0,0,1,0,1,3
U01109,F,59,Barakaldo,1,0,0,0,0,1,0,1,0,0,3
U01110,M,58,Barakaldo,1,0,1,1,0,1,1,1,0,1,5
U01111,M,60,Vitoria-Gasteiz,1,0,1,0,1,1,1,1,1,1,4
U01112,F,56,Basauri,0,1,1,0,0,0,1,1,1,1,4
U01113,F,71,Portugalete,1,1,1,1,0,1,0,1,0,0,3
U01114,F,62,Vitoria-Gasteiz,1,0,1,1,0,1,1,0,1,0,4
U01115,F,48,Hernani,0,1,1,1,1,1,1,1,1,0,4
U01116,M,48,Leioa,1,0,1,1,0,1,0,0,0,1,4
U01117,F,48,Hernani,1,1,0,0,0,1,1,1,0,0,4
U01118,F,45,Barakaldo,1,1,0,1,0,1,1,0,0,1,4
U01119,M,63,Barakaldo,1,1,0,0,1,1,1,1,1,1,4
U01120,F,56,Getxo,0,0,1,1,1,0,0,1,0,0,3
U01121,M,55,Bilbao,1,1,0,0,0,1,1,0,0,0,3
U01122,M,65,Bilbao,1,1,1,1,0,1,0,0,0,1,4
U01123,M,62,Vitoria-Gasteiz,1,1,1,1,1,0,1,1,0,0,4
U01124,F,64,Irun,1,1,1,0,0,0,1,0,1,1,3
U01125,M,65,Bilbao,1,1,0,0,1,1,1,1,1,1,4
U01126,F,64,Mungia,0,0,1,1,0,1,0,1,0,0,3
U01127,F,52,Llodio,1,1,1,0,0,0,1,1,1,0,3
U01128,F,57,Bilbao,1,1,1,1,0,1,1,0,0,1,4
U01129,M,64,Leioa,0,0,0,1,0,1,1,1,1,1,4
U01130,F,27,Leioa,1,1,0,0,0,0,0,0,0,0,3
U01131,M,62,Irun,0,0,1,0,1,1,0,1,0,0,3
U01132,F,47,Bilbao,1,0,0,0,0,1,0,1,1,0,3
U01133,F,48,Portugalete,0,1,1,0,1,1,1,1,0,0,4
U01134,M,54,Portugalete,0,1,1,1,1,0,1,1,0,1,4
U01135,M,26,Donostia-San Sebastián,1,1,0,0,0,1,0,0,0,1,4
U01136,M,62,Bilbao,1,0,0,1,1,1,0,1,0,1,3
U01137,M,62,Bilbao,1,0,1,0,0,0,1,0,1,0,3
U01138,M,60,Eibar,1,1,0,0,0,1,1,1,0,1,3
U01139,M,51,Basauri,0,0,1,0,0,1,1,1,1,0,3
U01140,F,28,Bilbao,1,1,0,0,1,1,0,0,0,0,4
U01141,F,64,Hernani,0,1,1,1,1,0,0,1,1,0,4
U01142,M,65,Bilbao,1,0,1,0,1,1,0,1,0,0,3
U01143,M,50,Amurrio,1,1,1,0,0,1,0,0,0,0,3
U01144,F,56,Leioa,1,1,0,1,1,1,1,1,0,1,4
U01145,F,51,Donostia-San Sebastián,0,1,0,0,1,1,1,1,1,1,4
U01146,F,52,Donostia-San Sebastián,1,1,1,1,1,0,1,1,1,1,4
U01147,M,63,Durango,1,1,0,0,1,1,1,0,0,1,4
U01148,F,68,Portugalete,0,0,1,1,0,1,1,0,1,1,3
U01149,M,49,Donostia-San Sebastián,1,1,1,1,0,0,0,1,0,1,4
U01150,M,55,Errenteria,1,1,0,0,1,1,1,0,1,1,4
U01151,M,53,Eibar,1,1,1,0,0,0,0,0,0,0,3
U01152,F,70,Basauri,1,1,1,1,1,1,0,1,1,0,5
U01153,F,52,Donostia-San Sebastián,1,0,1,1,0,1,1,1,1,0,4
U01154,F,59,Donostia-San Sebastián,1,1,0,0,0,1,1,1,1,0,5
U01155,F,58,Durango,1,1,0,1,0,1,1,1,0,1,4
U01156,M,51,Santurtzi,0,0,0,1,0,1,1,1,0,0,3
U01157,F,57,Donostia-San Sebastián,1,0,0,0,0,0,0,1,1,1,3
U01158,F,49,Llodio,1,1,1,0,0,1,0,0,0,1,3
U01159,F,70,Bilbao,0,0,1,1,0,0,1,1,0,0,3
U01160,M,42,Bilbao,1,1,0,1,0,0,1,0,1,0,4
U01161,F,62,Donostia-San Sebastián,1,1,0,1,0,1,1,1,0,1,4
U01162,M,71,Vitoria-Gasteiz,0,1,1,1,1,1,1,1,1,0,4
U01163,M,73,Donostia-San Sebastián,0,1,1,0,1,1,1,1,0,0,4
U01164,M,57,Hernani,1,0,1,1,0,1,0,1,1,1,4
U01165,F,36,Getxo,0,0,1,0,0,1,1,1,1,0,3
U01166,M,56,Hernani,1,1,1,1,0,1,1,1,0,1,4
U01167,M,63,Bilbao,0,1,1,1,0,0,1,0,0,1,4
U01168,F,51,Irun,1,1,1,0,0,0,1,0,0,0,3
U01169,F,63,Zarautz,0,1,1,1,1,1,0,1,1,0,3
U01170,M,57,Bilbao,1,1,0,1,1,0,1,0,0,0,4
U01171,F,48,Llodio,1,0,1,1,1,0,0,1,0,0,4
U01172,M,57,Beasain,1,1,0,0,0,1,1,0,0,1,3
U01173,F,54,Salvatierra,1,1,0,0,0,1,0,1,0,0,3
U01174,F,63,Donostia-San Sebastián,1,1,1,0,0,0,0,0,1,1,3
U01175,F,55,Zarautz,0,1,0,0,1,0,0,1,0,1,3
U01176,F,57,Amurrio,1,1,1,1,0,1,0,1,1,0,5
U01177,M,53,Bilbao,1,0,0,0,1,1,0,0,0,0,3
U01178,F,52,Vitoria-Gasteiz,1,1,0,0,0,0,1,0,0,1,4
U01179,F,60,Vitoria-Gasteiz,1,1,1,1,1,1,1,1,1,0,4
U01180,M,53,Hernani,1,1,0,0,1,1,0,0,0,1,3
U01181,M,61,Hernani,1,0,1,1,0,1,0,1,0,0,4
U01182,M,56,Bilbao,1,0,1,0,1,1,1,0,0,0,3
U01183,F,53,Bilbao,1,1,0,0,1,1,1,1,0,1,4
U01184,M,67,Bilbao,1,0,1,1,1,1,0,1,1,0,4
U01185,M,65,Leioa,0,0,1,0,1,1,0,1,1,0,4
U01186,F,47,Zarautz,1,1,1,1,1,0,1,0,1,0,4
U01187,M,56,Irun,0,1,0,0,0,1,1,1,0,0,3
U01188,F,58,Irun,1,0,1,1,0,0,0,1,0,1,3
U01189,F,61,Donostia-San Sebastián,0,0,0,0,1,0,1,1,0,0,3
U01190,M,35,Donostia-San Sebastián,0,1,1,1,0,0,1,1,1,0,4
U01191,F,48,Durango,1,1,1,1,0,1,0,1,1,0,4
U01192,F,55,Vitoria-Gasteiz,1,0,1,1,0,0,1,1,1,1,4
U01193,M,65,Tolosa,0,0,1,1,1,0,1,1,0,0,4
U01194,F,55,Bilbao,1,1,0,1,0,1,1,1,0,0,4
U01195,F,71,Vitoria-Gasteiz,1,1,0,0,1,1,1,1,1,0,4
U01196,F,54,Donostia-San Sebastián,1,1,0,0,1,1,0,1,0,0,4
U01197,M,55,Bilbao,1,1,0,1,0,1,1,1,0,0,4
U01198,F,47,Getxo,1,1,1,0,0,1,0,0,1,0,4
U01199,F,65,Donostia-San Sebastián,0,1,1,1,1,1,1,0,1,0,4
U01200,F,47,Leioa,0,1,1,0,1,0,1,0,1,0,3
U01201,M,57,Irun,0,1,0,1,0,1,1,1,1,0,3
U01202,F,45,Donostia-San Sebastián,1,1,0,1,0,1,0,1,1,0,4
U01203,M,31,Leioa,0,1,1,0,0,0,1,0,1,0,3
U01204,M,54,Bilbao,1,0,1,1,1,1,0,1,1,0,3
U01205,F,61,Bilbao,1,0,0,1,1,1,0,1,0,1,3
U01206,M,54,Beasain,1,1,0,0,0,0,0,0,0,0,3
U01207,M,50,Llodio,1,0,0,1,0,0,1,1,0,0,4
U01208,F,49,Barakaldo,1,1,0,0,1,1,1,1,0,0,3
U01209,F,54,Vitoria-Gasteiz,1,0,1,1,1,1,0,1,1,0,4
U01210,F,67,Donostia-San Sebastián,0,0,1,0,1,1,1,0,1,1,4
U01211,M,59,Donostia-San Sebastián,0,0,1,1,1,1,1,0,1,0,4
U01212,M,65,Zarautz,1,1,0,0,1,1,0,0,1,0,4
U01213,F,46,Getxo,0,1,1,0,1,1,1,1,1,1,5
U01214,M,63,Donostia-San Sebastián,1,1,0,0,0,0,1,0,0,0,3
U01215,M,36,Portugalete,1,1,0,0,1,0,1,0,0,1,4
U01216,F,59,Basauri,1,1,1,0,0,0,0,0,0,1,3
U01217,M,45,Getxo,0,1,0,0,1,1,1,1,1,0,4
U01218,F,45,Vitoria-Gasteiz,1,0,1,1,0,0,0,0,0,0,3
U01219,F,48,Vitoria-Gasteiz,0,0,1,1,1,0,1,1,1,0,4
U01220,F,63,Portugalete,1,0,1,1,0,0,0,1,1,1,3
U01221,F,51,Barakaldo,0,1,1,0,0,1,1,1,0,0,3
U01222,F,55,Bilbao,1,1,1,0,0,1,1,1,0,1,5
U01223,F,52,Donostia-San Sebastián,1,1,0,1,1,1,1,1,1,0,4
U01224,M,64,Hernani,1,1,1,1,1,0,0,1,1,1,4
U01225,M,59,Vitoria-Gasteiz,0,1,1,1,0,1,1,1,0,0,4
U01226,F,51,Eibar,1,0,1,1,1,0,0,1,1,0,3
U01227,F,46,Salvatierra,1,1,1,0,0,1,1,0,0,0,4
U01228,M,57,Errenteria,1,0,0,1,1,0,1,1,0,1,4
U01229,F,62,Donostia-San Sebastián,0,1,1,0,0,1,1,0,1,0,4
U01230,F,50,Bilbao,0,1,1,0,0,0,1,1,1,0,3
U01231,F,47,Bilbao,1,1,0,1,0,1,1,0,1,0,3
U01232,M,55,Leioa,1,1,0,0,0,1,0,0,0,0,3
U01233,F,52,Salvatierra,1,0,1,0,1,0,0,1,1,0,4
U01234,F,48,Barakaldo,1,1,0,0,0,1,1,0,0,1,4
U01235,M,56,Donostia-San Sebastián,1,1,1,1,1,1,1,1,1,1,4
U01236,F,48,Donostia-San Sebastián,0,0,1,1,0,1,0,1,0,0,3
U01237,M,30,Bilbao,0,1,0,0,0,0,1,0,0,1,3
U01238,M,61,Bilbao,0,0,1,1,0,1,1,1,1,0,3
U01239,F,57,Bilbao,0,1,0,1,1,1,1,1,0,0,3
U01240,F,57,Bilbao,1,1,1,0,0,0,1,0,0,1,3
U01241,F,64,Barakaldo,1,0,1,1,1,0,1,1,1,0,3
U01242,F,49,Hernani,1,1,0,0,1,0,1,0,0,1,4
U01243,F,62,Donostia-San Sebastián,0,1,1,1,1,0,1,1,1,0,4
U01244,M,52,Eibar,1,1,1,1,1,0,1,0,1,0,4
U01245,M,60,Bilbao,0,1,1,1,1,1,1,1,0,1,3
U01246,F,58,Donostia-San Sebastián,0,0,0,1,1,1,1,1,1,0,3
U01247,F,48,Portugalete,1,1,1,1,1,1,1,1,0,1,5
U01248,F,64,Durango,0,0,0,0,1,1,0,0,0,1,3
U01249,F,49,Vitoria-Gasteiz,1,0,0,1,0,1,0,1,0,1,4
U01250,F,52,Vitoria-Gasteiz,0,0,0,0,1,1,1,1,0,0,3
U01251,M,41,Donostia-San Sebastián,1,1,0,0,0,1,1,1,0,1,4
U01252,M,49,Zarautz,1,1,1,1,0,0,0,1,0,0,3
U01253,M,47,Bilbao,0,1,1,0,0,0,1,1,1,0,4
U01254,M,62,Portugalete,1,1,1,1,0,1,1,1,1,0,4
U01255,M,61,Bilbao,1,1,1,1,0,1,1,1,1,1,4
U01256,M,57,Barakaldo,0,1,0,0,0,1,0,0,0,1,3
U01257,M,60,Bilbao,1,1,1,1,1,0,1,1,1,0,3
U01258,F,61,Donostia-San Sebastián,0,0,1,1,1,1,1,0,1,0,4
U01259,F,54,Bilbao,0,0,0,1,1,0,0,0,1,0,3
U01260,F,62,Bilbao,0,1,1,0,0,0,1,1,0,1,4
U01261,M,51,Hernani,1,0,0,1,1,0,1,0,0,0,2
U01262,M,61,Vitoria-Gasteiz,1,0,0,0,1,1,0,1,0,0,3
U01263,F,51,Portugalete,0,0,1,1,0,1,1,0,0,0,3
U01264,F,59,Basauri,1,0,1,0,1,0,0,1,1,0,3
U01265,M,25,Azpeitia,0,0,1,1,1,1,1,1,0,0,4
U01266,F,50,Santurtzi,1,1,1,1,1,1,0,1,0,0,4
U01267,F,56,Bilbao,1,0,1,0,1,1,0,1,0,1,4
U01268,F,61,Bilbao,0,1,1,1,0,0,0,0,1,1,3
U01269,M,48,Azpeitia,1,1,1,0,1,1,1,0,0,1,4
U01270,F,49,Llodio,1,1,0,1,0,0,1,1,0,0,4
U01271,M,25,Bilbao,1,1,1,1,0,0,0,1,1,0,4
U01272,M,56,Barakaldo,1,1,1,1,0,0,0,0,0,1,4
U01273,M,63,Vitoria-Gasteiz,0,1,1,0,1,1,1,1,1,1,5
U01274,M,54,Bilbao,1,1,0,0,0,1,0,0,0,1,4
U01275,F,30,Bilbao,1,0,1,1,1,1,1,1,1,0,4
U01276,M,62,Tolosa,0,0,0,0,0,1,1,1,0,0,3
U01277,M,58,Barakaldo,1,1,0,0,1,0,1,0,0,0,3
U01278,F,53,Vitoria-Gasteiz,1,1,1,1,1,1,1,0,0,1,4
U01279,M,45,Donostia-San Sebastián,1,1,0,1,0,1,0,0,0,1,4
U01280,F,48,Eibar,1,1,1,1,0,1,1,1,0,0,4
U01281,M,46,Hernani,0,0,0,0,0,0,1,0,0,0,2
U01282,F,61,Donostia-San Sebastián,1,1,1,0,0,1,0,0,0,1,4
U01283,M,54,Donostia-San Sebastián,1,1,0,0,0,1,1,0,0,0,3
U01284,F,48,Donostia-San Sebastián,1,1,1,1,1,1,0,1,1,1,4
U01285,M,46,Donostia-San Sebastián,1,1,0,1,1,1,0,1,0,1,4
U01286,F,52,Zarautz,1,0,1,1,1,1,1,1,0,0,4
U01287,F,61,Bilbao,1,0,1,1,0,1,1,1,1,0,5
U01288,F,57,Tolosa,1,1,0,1,1,1,0,1,0,0,3
U01289,F,60,Donostia-San Sebastián,1,0,0,1,0,1,1,0,1,1,3
U01290,F,57,Bilbao,1,1,0,0,0,1,1,0,0,1,4
U01291,M,51,Vitoria-Gasteiz,1,1,0,1,0,1,1,1,0,1,4
U01292,M,57,Donostia-San Sebastián,1,0,0,0,1,1,1,1,1,1,4
U01293,F,64,Barakaldo,0,1,0,1,0,1,0,1,1,0,4
U01294,M,51,Bilbao,1,0,1,1,0,1,0,1,1,0,4
U01295,M,55,Bilbao,1,1,1,0,0,1,0,0,1,0,3
U01296,F,53,Hernani,1,1,1,1,1,0,1,1,1,0,4
U01297,F,51,Zarautz,1,1,1,0,1,1,0,0,1,0,4
U01298,M,48,Getxo,0,1,0,0,1,1,0,0,0,1,4
U01299,M,58,Santurtzi,1,1,1,0,0,0,0,0,0,0,3
U01300,F,47,Bilbao,1,1,1,1,0,1,1,1,0,0,4
U01301,F,62,Eibar,0,0,1,0,0,1,0,1,1,0,4
U01302,F,61,Donostia-San Sebastián,0,1,1,0,1,1,0,0,1,0,3
U01303,F,49,Donostia-San Sebastián,1,1,0,1,1,1,1,1,1,0,3
U01304,F,60,Portugalete,1,0,1,1,0,1,0,1,0,0,3
U01305,F,47,Vitoria-Gasteiz,1,1,0,1,0,1,1,1,1,0,5
U01306,M,48,Bermeo,1,1,1,1,0,1,1,1,1,0,3
U01307,F,55,Azpeitia,1,0,1,0,1,1,1,0,1,0,4
U01308,F,54,Vitoria-Gasteiz,1,1,1,1,1,1,1,1,1,0,4
U01309,F,56,Bilbao,0,1,1,0,1,1,1,1,1,0,4
U01310,M,37,Bilbao,1,1,1,0,0,1,1,1,0,0,4
U01311,M,59,Donostia-San Sebastián,1,1,1,0,0,0,1,1,1,0,4
U01312,F,63,Bilbao,1,0,0,1,0,1,1,1,1,0,4
U01313,M,52,Portugalete,1,1,0,0,0,0,1,0,0,1,4
U01314,F,45,Bilbao,1,1,0,0,0,1,1,1,0,0,3
U01315,F,50,Bilbao,1,1,0,0,1,0,0,0,0,0,3
U01316,M,58,Barakaldo,1,1,1,0,0,1,1,0,1,1,4
U01317,M,51,Irun,1,1,1,1,0,1,1,0,0,1,3
U01318,M,50,Tolosa,1,1,0,0,0,1,0,1,0,0,3
U01319,M,53,Portugalete,1,1,0,0,0,1,1,0,0,1,4
U01320,M,67,Vitoria-Gasteiz,0,0,1,1,0,0,1,1,1,0,4
U01321,M,51,Donostia-San Sebastián,1,1,0,0,1,1,1,1,1,0,4
U01322,F,56,Portugalete,0,1,0,1,1,1,1,1,1,0,4
U01323,F,48,Barakaldo,1,1,1,1,1,0,1,1,1,0,4
U01324,F,46,Hernani,0,1,1,0,1,0,0,1,1,0,4
U01325,F,62,Mungia,0,1,1,1,0,0,1,1,0,0,4
U01326,F,57,Donostia-San Sebastián,0,0,1,1,0,0,1,0,0,0,3
U01327,M,38,Donostia-San Sebastián,1,0,0,1,1,1,0,1,0,0,4
U01328,F,57,Bermeo,0,1,1,1,0,0,0,1,1,1,4
U01329,F,45,Bilbao,1,1,0,1,1,1,1,1,1,0,4
U01330,M,57,Errenteria,1,0,0,1,1,1,1,0,0,1,3
U01331,F,64,Errenteria,1,0,0,1,0,0,0,1,1,0,3
U01332,F,56,Donostia-San Sebastián,1,0,0,1,0,0,0,0,1,0,3
U01333,M,57,Bilbao,1,1,1,1,0,1,0,0,1,0,5
U01334,F,57,Llodio,1,1,0,1,0,1,1,1,1,0,4
U01335,M,65,Bilbao,1,0,0,0,0,0,0,0,0,1,4
U01336,F,46,Vitoria-Gasteiz,0,0,1,0,1,0,0,1,0,0,2
U01337,M,47,Santurtzi,1,1,1,0,1,1,0,1,1,0,4
U01338,F,41,Irun,0,1,1,0,1,1,0,1,1,1,4
U01339,M,46,Leioa,1,1,0,0,0,0,1,0,0,1,4
U01340,F,59,Donostia-San Sebastián,0,1,1,1,1,0,0,1,1,0,4
U01341,F,52,Durango,1,1,1,0,0,1,1,1,1,0,3
U01342,M,46,Bilbao,0,1,1,0,1,1,1,1,1,0,3
U01343,F,39,Vitoria-Gasteiz,1,0,1,0,0,1,1,0,0,0,2
U01344,F,61,Barakaldo,0,1,1,1,1,0,0,1,1,0,3
U01345,M,63,Vitoria-Gasteiz,0,1,1,0,1,1,1,1,0,1,4
U01346,F,56,Getxo,1,0,0,0,1,1,0,1,1,0,3
U01347,M,49,Vitoria-Gasteiz,0,0,1,0,0,1,0,0,0,1,3
U01348,M,59,Zarautz,1,0,1,1,0,1,1,1,0,0,4
U01349,M,58,Bilbao,1,0,0,0,1,1,0,1,1,0,3
U01350,M,61,Barakaldo,1,1,1,0,0,1,0,1,1,0,4
U01351,M,54,Durango,1,1,0,1,1,1,0,0,1,0,4
U01352,F,62,Donostia-San Sebastián,0,1,0,1,1,1,1,0,1,0,3
U01353,F,51,Zarautz,1,0,1,1,1,0,1,1,0,0,3
U01354,F,60,Getxo,1,0,1,1,1,1,1,1,0,0,4
U01355,F,47,Bermeo,0,1,0,1,1,1,1,1,0,0,4
U01356,F,55,Barakaldo,1,1,1,1,0,0,0,0,1,0,3
U01357,M,56,Hernani,1,1,1,1,1,1,1,0,0,0,4
U01358,M,56,Bilbao,1,1,0,1,0,0,0,1,1,0,3
U01359,M,27,Barakaldo,1,1,0,0,0,1,0,0,1,0,2
U01360,F,61,Vitoria-Gasteiz,0,0,0,0,0,1,1,0,0,1,4
U01361,M,59,Bilbao,1,0,1,0,1,1,1,0,1,1,3
U01362,F,50,Portugalete,1,1,1,1,0,1,1,1,0,0,4
U01363,F,48,Azpeitia,1,1,1,0,1,1,0,1,0,0,3
U01364,M,58,Donostia-San Sebastián,1,1,0,1,0,0,0,0,0,0,4
U01365,F,47,Vitoria-Gasteiz,1,1,0,0,0,1,1,0,1,1,4
U01366,M,45,Eibar,1,0,1,1,0,0,1,1,0,1,3
U01367,M,37,Donostia-San Sebastián,0,0,1,1,1,1,0,0,0,0,3
U01368,F,49,Zarautz,1,0,0,1,0,1,1,1,0,1,4
U01369,M,46,Bilbao,0,1,1,0,1,0,1,1,1,0,3
U01370,M,62,Eibar,1,0,1,0,0,0,1,1,1,0,3
U01371,F,48,Donostia-San Sebastián,1,0,1,1,0,1,1,0,0,0,3
U01372,F,63,Zarautz,1,0,0,0,1,1,0,0,1,0,3
U01373,M,58,Donostia-San Sebastián,1,1,1,0,0,1,1,0,0,1,5
U01374,F,59,Barakaldo,0,0,1,1,1,0,1,0,1,0,3
U01375,M,43,Getxo,0,1,0,0,0,1,0,1,0,1,3
U01376,F,64,Eibar,0,1,0,0,1,0,0,0,1,0,2
U01377,F,50,Donostia-San Sebastián,1,1,1,0,1,1,1,1,1,0,4
U01378,F,75,Bilbao,0,0,1,1,1,1,1,1,1,0,3
U01379,M,54,Mungia,0,0,1,1,1,1,0,1,1,0,4
U01380,M,58,Bilbao,1,0,0,1,0,1,1,1,1,0,4
U01381,M,49,Bilbao,0,1,0,1,1,1,0,1,1,0,3
U01382,F,56,Barakaldo,1,1,1,1,1,0,1,1,1,0,4
U01383,M,51,Bilbao,1,0,1,1,1,0,1,0,0,0,4
U01384,F,46,Zarautz,0,1,1,0,1,0,1,1,0,0,4
U01385,M,62,Bilbao,0,0,0,0,0,1,1,0,0,1,4
U01386,M,57,Zarautz,1,1,0,0,0,1,0,0,0,0,3
U01387,F,64,Durango,1,0,1,1,0,0,0,1,0,1,3
U01388,F,51,Bilbao,1,1,0,0,0,1,0,0,1,1,4
U01389,F,62,Getxo,0,1,1,1,0,0,0,0,1,1,3
U01390,M,47,Bilbao,1,1,1,1,1,1,1,1,1,0,4
U01391,M,61,Vitoria-Gasteiz,1,0,0,1,1,0,1,0,1,1,3
U01392,M,52,Vitoria-Gasteiz,1,0,1,0,1,1,1,1,0,1,4
U01393,F,59,Zarautz,1,0,1,1,1,1,0,1,0,0,3
U01394,M,49,Vitoria-Gasteiz,0,1,1,1,1,0,1,1,0,0,3
U01395,F,46,Bilbao,1,1,0,0,0,0,1,1,0,1,4
U01396,M,45,Mungia,1,1,1,0,0,0,0,0,0,1,3
U01397,M,51,Portugalete,0,0,1,1,1,1,1,1,0,0,4
U01398,M,62,Bilbao,0,0,1,1,0,0,0,1,0,1,3
U01399,M,56,Donostia-San Sebastián,0,0,1,1,0,0,1,1,0,1,3
U01400,F,59,Llodio,1,0,1,1,0,0,0,1,1,0,3
U01401,F,47,Bilbao,1,0,1,1,0,1,1,1,1,0,4
U01402,F,58,Donostia-San Sebastián,0,0,1,0,1,1,0,1,1,0,3
U01403,F,52,Vitoria-Gasteiz,1,1,0,0,0,1,0,1,1,0,4
U01404,M,53,Azpeitia,1,1,1,0,1,0,0,1,1,1,3
U01405,M,56,Donostia-San Sebastián,1,0,0,1,0,1,0,1,0,1,3
U01406,M,62,Vitoria-Gasteiz,0,0,1,0,0,1,1,1,1,1,4
U01407,F,57,Donostia-San Sebastián,1,1,0,1,0,1,1,0,0,0,4
U01408,M,52,Vitoria-Gasteiz,0,0,1,1,1,1,0,0,0,0,3
U01409,F,64,Zarautz,1,0,1,0,0,1,0,1,1,0,4
U01410,F,50,Barakaldo,1,1,1,1,1,1,0,0,0,0,3
U01411,M,55,Bilbao,0,1,0,0,1,0,1,1,1,0,3
U01412,F,50,Donostia-San Sebastián,0,1,1,0,0,0,1,1,0,0,4
U01413,F,51,Eibar,1,1,1,1,1,0,0,0,1,0,4
U01414,M,52,Durango,1,1,1,0,1,1,1,0,0,1,4
U01415,F,65,Donostia-San Sebastián,0,1,1,1,1,1,1,1,1,1,4
U01416,M,48,Zarautz,1,0,0,0,0,0,0,0,0,1,3
U01417,F,55,Portugalete,0,1,0,0,1,1,1,1,0,0,3
U01418,M,30,Vitoria-Gasteiz,0,1,0,0,1,1,0,1,1,0,3
U01419,M,62,Donostia-San Sebastián,1,0,1,1,0,1,0,1,0,0,4
U01420,F,53,Bilbao,0,1,1,0,0,1,1,1,0,0,3
U01421,F,53,Durango,1,0,0,0,1,1,1,0,0,0,4
U01422,F,56,Barakaldo,1,0,1,1,1,0,0,1,1,0,4
U01423,F,57,Basauri,1,1,1,0,0,0,1,1,1,0,3
U01424,M,61,Barakaldo,0,0,1,1,0,0,0,1,1,0,3
U01425,M,55,Bilbao,1,1,0,0,0,1,0,0,0,1,4
U01426,M,50,Irun,1,1,1,1,1,1,1,1,0,0,5
U01427,F,56,Donostia-San Sebastián,1,1,0,1,1,1,0,1,0,0,3
U01428,M,59,Llodio,1,1,1,0,0,0,1,0,1,0,3
U01429,M,62,Tolosa,0,0,0,0,0,1,0,1,1,1,4
U01430,F,65,Bilbao,1,0,1,1,1,1,0,1,0,0,4
U01431,F,50,Basauri,1,0,1,0,1,1,1,1,1,0,4
U01432,F,53,Hernani,0,0,0,1,1,1,0,1,1,0,3
U01433,M,49,Bilbao,1,0,0,1,0,1,1,0,0,1,3
U01434,F,65,Zarautz,0,0,1,1,1,1,0,0,1,0,4
U01435,M,53,Durango,1,1,0,1,1,1,1,0,0,1,5
U01436,F,72,Bermeo,1,0,1,1,1,1,1,0,1,0,4
U01437,M,52,Donostia-San Sebastián,1,1,1,0,0,1,0,1,0,1,4
U01438,F,48,Bilbao,0,1,1,0,1,1,1,1,0,1,4
U01439,F,52,Irun,1,0,1,1,0,0,0,1,0,0,4
U01440,M,27,Bilbao,1,0,1,1,0,1,0,1,1,0,4
U01441,M,55,Portugalete,1,1,0,1,1,0,1,0,0,1,3
U01442,F,62,Barakaldo,1,0,1,1,0,1,1,1,0,1,4
U01443,M,65,Bilbao,1,0,1,0,1,1,0,1,1,1,4
U01444,F,49,Vitoria-Gasteiz,1,0,1,0,0,0,0,1,1,0,4
U01445,F,64,Hernani,1,0,1,1,0,0,0,1,0,0,3
U01446,F,56,Barakaldo,0,1,0,1,1,0,0,1,1,1,3
U01447,F,54,Azpeitia,1,1,1,0,1,1,0,1,1,0,4
U01448,M,53,Eibar,1,1,1,0,0,0,1,0,0,0,3
U01449,F,31,Donostia-San Sebastián,1,1,1,0,0,1,1,0,1,0,3
U01450,F,45,Santurtzi,1,0,1,1,1,1,1,1,1,0,5
U01451,F,57,Donostia-San Sebastián,0,0,0,0,0,0,1,0,1,0,2
U01452,M,69,Bilbao,1,1,1,0,0,1,0,1,1,0,3
U01453,M,60,Zarautz,1,1,0,0,1,1,0,1,1,0,4
U01454,F,65,Barakaldo,1,0,1,1,1,1,1,1,1,0,4
U01455,F,58,Bilbao,1,0,1,0,1,1,0,1,1,1,4
U01456,M,45,Portugalete,1,0,1,1,0,1,1,1,0,1,4
U01457,F,46,Durango,0,0,1,0,1,1,0,1,1,0,4
U01458,F,58,Tolosa,0,1,0,1,0,1,1,1,0,1,3
U01459,M,65,Durango,0,0,0,1,1,0,0,1,0,1,4
U01460,M,54,Donostia-San Sebastián,0,0,1,1,0,1,0,1,0,0,3
U01461,F,51,Santurtzi,0,1,0,1,1,1,1,1,1,0,4
U01462,M,45,Bilbao,1,0,1,1,1,1,0,0,1,1,3
U01463,M,45,Donostia-San Sebastián,1,0,0,1,1,1,1,0,1,0,3
U01464,F,46,Zarautz,0,1,1,1,1,1,0,1,1,1,4
U01465,M,50,Tolosa,0,1,0,1,0,1,1,1,0,1,5
U01466,M,55,Basauri,1,1,1,0,0,1,1,1,0,0,4
U01467,M,75,Vitoria-Gasteiz,1,0,1,1,1,1,1,1,0,0,4
U01468,M,54,Vitoria-Gasteiz,1,1,1,0,0,1,1,0,0,1,4
U01469,F,58,Donostia-San Sebastián,0,0,1,1,1,1,0,1,1,0,4
U01470,M,29,Donostia-San Sebastián,0,1,1,1,0,1,0,0,0,1,3
U01471,F,51,Portugalete,0,0,0,1,1,1,1,0,0,1,4
U01472,M,61,Vitoria-Gasteiz,1,0,1,1,0,1,1,0,1,0,4
U01473,M,57,Durango,1,1,1,1,1,1,1,1,0,1,4
U01474,F,66,Getxo,1,0,1,0,1,1,0,1,1,1,4
U01475,M,65,Donostia-San Sebastián,1,1,0,0,0,1,1,0,1,0,4
U01476,M,64,Azpeitia,0,1,1,0,1,1,1,1,1,0,4
U01477,F,45,Bilbao,1,0,1,1,1,1,1,1,1,1,4
U01478,M,45,Eibar,1,1,1,1,1,1,1,0,0,1,5
U01479,F,27,Leioa,0,0,1,0,1,1,0,0,0,0,3
U01480,F,57,Basauri,1,1,1,1,0,1,0,1,0,0,4
U01481,M,36,Donostia-San Sebastián,1,1,0,0,0,0,1,0,0,1,3
U01482,M,46,Errenteria,1,1,1,0,0,1,1,0,0,1,3
U01483,M,53,Donostia-San Sebastián,0,0,1,0,1,1,0,0,1,0,3
U01484,F,56,Leioa,1,1,0,1,1,0,0,1,1,0,4
U01485,M,60,Irun,1,1,0,1,1,0,1,1,1,0,4
U01486,M,65,Santurtzi,1,1,0,0,1,0,1,1,1,1,5
U01487,M,46,Vitoria-Gasteiz,1,1,0,1,0,1,1,0,0,1,4
U01488,M,55,Vitoria-Gasteiz,0,1,1,0,0,1,1,0,0,1,3
U01489,M,72,Barakaldo,1,0,1,0,0,0,0,1,1,0,3
U01490,F,51,Zarautz,0,1,1,0,0,1,1,1,1,1,4
U01491,F,46,Donostia-San Sebastián,0,0,1,0,1,1,1,0,0,0,4
U01492,F,52,Barakaldo,1,1,0,0,0,1,0,1,1,0,4
U01493,M,50,Donostia-San Sebastián,0,1,0,1,1,0,1,1,1,0,3
U01494,M,52,Donostia-San Sebastián,0,1,1,0,1,1,1,1,0,0,3
U01495,F,61,Mungia,1,1,1,1,1,1,1,1,0,0,4
U01496,F,45,Tolosa,1,1,0,1,0,0,0,1,0,0,3
U01497,M,47,Donostia-San Sebastián,1,1,0,0,0,1,0,0,0,0,3
U01498,M,60,Santurtzi,0,0,0,0,1,1,0,1,0,0,4
U01499,M,50,Errenteria,0,1,1,0,1,1,0,1,0,1,4
U01500,F,52,Leioa,1,0,1,0,1,0,1,1,1,0,4
U01501,F,63,Irun,0,1,1,0,1,1,1,1,1,0,4
U01502,M,60,Eibar,1,0,1,0,1,0,0,0,1,1,4
U01503,F,48,Donostia-San Sebastián,0,1,1,0,0,0,0,0,0,0,3
U01504,F,38,Donostia-San Sebastián,1,0,1,0,1,1,0,1,1,1,4
U01505,F,51,Bilbao,1,0,1,1,1,1,1,1,0,0,4
U01506,F,57,Getxo,1,0,0,0,0,1,1,0,1,0,4
U01507,F,56,Amurrio,1,1,1,0,0,0,0,1,1,1,4
U01508,F,55,Barakaldo,1,0,1,0,0,1,1,1,1,0,4
U01509,F,42,Bilbao,0,0,1,0,0,0,1,1,0,1,3
U01510,F,46,Basauri,0,1,0,0,1,1,1,0,0,1,4
U01511,M,51,Bilbao,1,1,1,1,0,1,0,1,1,1,5
U01512,F,57,Donostia-San Sebastián,0,0,1,0,0,0,0,1,0,0,4
U01513,M,65,Eibar,1,1,1,1,1,1,0,0,1,0,3
U01514,M,54,Vitoria-Gasteiz,0,0,0,0,1,0,1,1,0,1,3
U01515,F,46,Irun,1,0,1,0,0,1,1,0,1,0,3
U01516,F,58,Bilbao,1,0,1,1,1,0,1,1,1,0,5
U01517,M,53,Donostia-San Sebastián,1,1,0,0,0,0,1,1,1,0,4
U01518,M,51,Donostia-San Sebastián,1,0,1,1,1,1,0,0,1,0,4
U01519,F,61,Donostia-San Sebastián,0,0,1,1,0,0,1,1,1,1,4
U01520,M,55,Errenteria,1,0,1,1,1,0,1,1,1,0,5
U01521,F,63,Donostia-San Sebastián,1,1,0,1,0,1,0,0,0,0,4
U01522,F,50,Donostia-San Sebastián,1,1,1,1,0,1,0,1,1,0,4
U01523,F,55,Bilbao,1,1,1,1,0,1,0,0,1,0,4
U01524,F,55,Santurtzi,1,1,0,1,1,1,1,1,1,0,4
U01525,M,49,Irun,0,1,1,0,0,1,1,0,1,0,4
U01526,M,47,Basauri,0,1,0,1,1,1,1,1,1,1,4
U01527,M,55,Donostia-San Sebastián,1,1,0,1,0,1,1,1,0,0,3
U01528,F,58,Tolosa,1,1,1,0,0,0,0,1,0,0,4
U01529,F,49,Eibar,1,1,0,0,0,1,0,1,1,0,4
U01530,M,50,Bilbao,0,1,1,0,0,0,1,0,0,0,3
U01531,M,30,Tolosa,1,0,0,0,1,0,1,1,0,1,4
U01532,M,60,Mungia,1,1,1,0,0,0,0,0,0,1,4
U01533,M,57,Basauri,1,0,0,1,0,1,1,1,1,1,4
U01534,M,60,Bilbao,1,1,0,0,0,1,1,0,0,1,3
U01535,F,52,Tolosa,0,0,1,0,0,1,0,1,0,0,4
U01536,M,46,Donostia-San Sebastián,1,0,1,0,1,1,1,1,0,0,4
U01537,F,48,Barakaldo,0,0,1,1,1,1,1,1,0,0,4
U01538,F,60,Bilbao,1,1,1,1,1,1,1,1,0,0,5
U01539,F,64,Bilbao,0,0,0,0,0,1,0,1,1,1,3
U01540,M,53,Barakaldo,1,1,1,1,0,1,0,1,1,1,4
U01541,M,42,Bilbao,1,1,1,0,1,0,1,1,1,0,4
U01542,F,53,Zarautz,1,0,0,1,1,0,1,1,1,1,4
U01543,M,48,Getxo,1,0,1,1,1,0,0,0,1,1,3
U01544,M,51,Bilbao,1,1,0,1,0,0,0,0,0,1,4
U01545,F,74,Mungia,1,0,1,0,1,1,1,0,1,0,4
U01546,F,29,Irun,1,0,1,1,0,0,1,0,0,0,3
U01547,M,49,Donostia-San Sebastián,1,0,1,0,1,1,0,1,1,1,4
U01548,M,51,Getxo,0,0,0,1,1,0,1,1,1,1,3
U01549,F,57,Santurtzi,0,0,1,1,0,1,1,1,0,0,3
U01550,M,63,Vitoria-Gasteiz,1,1,0,0,1,0,1,1,1,0,4
U01551,M,59,Donostia-San Sebastián,1,1,0,0,1,1,0,1,0,1,4
U01552,M,75,Barakaldo,0,0,1,1,1,1,0,0,0,0,3
U01553,F,52,Tolosa,1,1,0,1,1,0,1,1,1,0,4
U01554,M,47,Donostia-San Sebastián,1,1,1,1,0,0,0,0,0,0,3
U01555,F,62,Bilbao,0,0,1,1,1,1,0,1,1,0,3
U01556,F,74,Azpeitia,1,0,1,0,0,1,1,1,1,0,3
U01557,F,66,Llodio,1,0,1,1,0,1,0,1,0,0,3
U01558,M,47,Portugalete,1,1,1,0,1,1,1,0,0,0,4
U01559,F,61,Santurtzi,1,1,1,1,1,0,1,1,1,1,4
U01560,M,45,Bilbao,0,1,0,1,0,1,0,0,1,0,3
U01561,M,26,Barakaldo,0,1,1,0,1,1,0,1,1,1,5
U01562,F,63,Bilbao,1,0,1,0,1,1,1,1,1,0,4
U01563,F,63,Bilbao,1,0,1,1,0,1,0,1,0,1,3
U01564,F,64,Donostia-San Sebastián,0,0,1,1,0,1,1,1,1,1,3
U01565,M,48,Bilbao,1,1,0,0,1,1,0,0,0,0,3
U01566,F,52,Zarautz,0,0,0,1,0,1,1,1,1,0,3
U01567,F,60,Donostia-San Sebastián,1,0,1,1,1,0,1,0,0,1,3
U01568,F,56,Bilbao,1,1,1,0,1,1,1,0,0,1,4
U01569,F,54,Barakaldo,1,0,1,1,0,0,1,1,1,0,4
U01570,F,63,Barakaldo,1,0,0,1,0,1,1,0,0,1,4
U01571,M,56,Bilbao,0,0,1,0,0,1,0,1,1,0,4
U01572,F,65,Bermeo,1,1,0,0,0,0,0,0,0,1,3
U01573,M,56,Bilbao,1,1,0,0,1,1,1,0,0,0,4
U01574,M,49,Bilbao,1,1,0,0,1,1,1,1,1,1,5
U01575,M,49,Vitoria-Gasteiz,0,0,1,0,0,1,0,1,0,0,3
U01576,M,48,Durango,1,1,0,1,1,1,1,1,0,0,4
U01577,M,73,Bilbao,1,1,0,0,0,1,0,1,0,0,4
U01578,F,54,Barakaldo,1,0,0,0,0,0,0,0,1,1,3
U01579,M,55,Tolosa,0,1,1,0,1,0,0,1,1,0,4
U01580,F,46,Bilbao,1,1,0,1,0,1,0,0,1,0,4
U01581,F,65,Bermeo,1,1,0,0,0,1,1,0,0,0,4
U01582,F,52,Durango,1,0,0,1,1,1,0,1,0,0,3
U01583,F,52,Llodio,1,0,1,1,0,1,0,1,0,0,4
U01584,M,46,Getxo,0,0,1,1,0,1,0,1,1,0,3
U01585,M,47,Bilbao,1,1,0,1,0,1,1,1,0,0,4
U01586,M,40,Eibar,0,0,0,1,1,0,1,1,1,0,3
U01587,F,58,Hernani,1,0,1,1,1,1,0,1,0,0,4
U01588,F,57,Errenteria,0,0,0,1,1,0,1,0,1,0,3
U01589,F,50,Eibar,0,0,1,1,0,1,0,0,0,0,3
U01590,F,62,Barakaldo,1,0,1,1,1,0,1,1,1,0,5
U01591,M,47,Bilbao,1,1,1,0,0,1,1,1,0,1,4
U01592,F,55,Bilbao,1,0,0,0,0,1,0,0,0,0,3
U01593,M,50,Bilbao,0,0,0,0,1,1,0,1,1,0,4
U01594,F,73,Leioa,1,1,0,0,1,0,1,0,0,0,3
U01595,F,73,Errenteria,0,1,0,1,1,0,1,1,1,0,4
U01596,M,52,Zarautz,1,1,0,0,0,1,0,0,0,1,3
U01597,M,57,Durango,1,1,0,1,1,0,1,1,0,1,4
U01598,M,49,Bilbao,0,0,1,0,0,0,1,0,0,1,3
U01599,F,66,Leioa,0,1,1,1,0,0,1,1,1,0,4
U01600,F,60,Portugalete,0,1,0,0,1,1,1,1,1,1,4
U01601,F,46,Errenteria,0,0,1,1,1,1,1,1,1,0,4
U01602,M,61,Vitoria-Gasteiz,1,1,1,0,0,1,0,1,1,0,4
U01603,M,49,Donostia-San Sebastián,1,0,1,0,1,1,1,1,1,0,4
U01604,F,60,Azpeitia,0,0,1,1,1,1,0,1,0,1,4
U01605,M,65,Tolosa,0,1,1,1,0,1,1,1,0,0,4
U01606,F,48,Bilbao,1,0,0,0,1,1,1,1,1,1,4
U01607,M,46,Bermeo,0,1,0,0,0,1,1,1,1,1,4
U01608,M,65,Vitoria-Gasteiz,1,1,0,1,0,1,1,0,1,1,4
U01609,F,49,Vitoria-Gasteiz,1,1,1,1,0,1,1,0,0,1,4
U01610,M,50,Vitoria-Gasteiz,1,0,1,1,1,1,1,1,0,0,4
U01611,F,46,Donostia-San Sebastián,0,1,0,1,0,1,1,1,0,1,4
U01612,F,63,Llodio,1,0,1,1,1,1,0,1,0,1,4
U01613,F,52,Amurrio,1,0,0,1,0,1,0,0,0,0,3
U01614,F,61,Getxo,1,1,0,0,1,0,1,0,1,0,4
U01615,F,53,Donostia-San Sebastián,1,0,1,0,1,0,0,1,0,0,4
U01616,F,47,Bilbao,0,0,1,0,1,1,0,0,1,1,4
U01617,F,53,Basauri,1,1,1,0,0,0,0,1,0,0,3
U01618,F,53,Santurtzi,0,1,1,1,1,1,1,0,1,0,3
U01619,F,51,Getxo,1,0,1,1,1,1,1,1,1,0,4
U01620,M,58,Eibar,0,1,1,1,1,1,0,1,0,0,4
U01621,F,49,Bilbao,1,1,1,0,0,1,1,0,0,0,4
U01622,M,54,Portugalete,1,1,0,1,1,1,1,1,1,0,4
U01623,F,57,Vitoria-Gasteiz,0,0,0,1,1,0,0,1,0,1,3
U01624,F,50,Santurtzi,0,1,0,0,1,0,0,1,1,0,4
U01625,F,45,Getxo,1,1,1,1,1,0,1,0,1,0,4
U01626,F,47,Bilbao,1,1,1,0,0,0,1,1,0,0,3
U01627,M,53,Santurtzi,1,1,1,0,0,0,0,0,0,1,4
U01628,M,73,Leioa,1,0,1,1,0,0,0,1,0,0,3
U01629,M,62,Getxo,0,1,1,0,0,1,1,0,0,0,3
U01630,F,73,Mungia,1,1,1,0,0,1,1,1,1,0,4
U01631,M,51,Leioa,1,1,1,0,0,1,1,1,0,1,5
U01632,M,60,Vitoria-Gasteiz,1,1,1,0,0,1,1,1,1,1,4
U01633,M,63,Bilbao,1,1,1,0,1,1,1,1,1,0,5
U01634,M,58,Zarautz,1,1,1,0,0,1,1,0,0,1,4
U01635,F,65,Santurtzi,0,0,0,1,0,1,1,1,0,0,3
U01636,M,47,Bilbao,1,0,1,1,0,1,1,1,0,0,4
U01637,F,48,Portugalete,1,1,0,1,0,1,1,1,0,1,3
U01638,F,49,Hernani,0,1,0,1,1,1,0,1,0,0,4
U01639,F,59,Barakaldo,1,1,1,1,1,1,1,1,1,0,5
U01640,F,51,Getxo,1,0,0,1,0,1,1,1,1,0,3
U01641,M,56,Vitoria-Gasteiz,1,1,1,0,1,0,1,1,1,0,4
U01642,M,66,Amurrio,0,0,1,1,0,1,1,0,1,1,3
U01643,F,45,Bilbao,1,1,0,0,0,1,1,0,0,0,4
U01644,M,64,Portugalete,0,1,1,0,1,1,0,0,0,0,4
U01645,F,50,Bilbao,0,0,0,1,0,1,0,1,1,1,3
U01646,F,48,Llodio,1,1,1,1,1,1,0,1,0,1,4
U01647,F,53,Donostia-San Sebastián,1,1,1,0,0,0,1,0,0,0,4
U01648,M,59,Leioa,0,0,0,0,1,0,0,1,1,0,3
U01649,M,57,Donostia-San Sebastián,0,1,1,0,1,0,0,1,1,0,3
U01650,M,50,Leioa,1,0,0,1,0,1,1,1,0,0,3
U01651,F,53,Bilbao,1,0,1,1,0,0,0,1,1,1,4
U01652,F,52,Vitoria-Gasteiz,0,0,1,1,1,0,1,1,0,0,3
U01653,F,44,Zarautz,0,1,1,0,0,1,0,1,0,1,4
U01654,M,49,Bilbao,1,0,0,0,0,1,1,0,0,1,3
U01655,M,61,Vitoria-Gasteiz,1,1,0,0,0,1,1,1,1,1,4
U01656,M,54,Basauri,1,1,1,0,0,1,1,0,0,0,3
U01657,F,55,Vitoria-Gasteiz,1,0,0,1,1,1,1,0,0,0,3
U01658,F,58,Errenteria,1,0,1,1,0,0,0,1,0,0,3
U01659,F,49,Vitoria-Gasteiz,1,1,0,0,1,1,1,0,0,0,3
U01660,F,55,Bilbao,1,0,1,1,0,1,1,1,0,0,3
U01661,M,63,Vitoria-Gasteiz,1,0,1,1,0,1,0,1,1,1,4
U01662,M,62,Zarautz,1,1,1,1,0,1,0,1,0,1,4
U01663,M,52,Vitoria-Gasteiz,1,0,1,1,1,1,1,0,1,0,4
U01664,M,56,Bilbao,1,1,1,0,1,1,1,0,0,0,4
U01665,F,58,Vitoria-Gasteiz,1,1,1,1,1,1,0,0,0,0,4
U01666,M,39,Donostia-San Sebastián,1,1,1,0,0,0,1,0,0,1,4
U01667,F,61,Barakaldo,0,0,1,0,1,1,1,1,1,1,3
U01668,M,52,Santurtzi,0,0,1,0,1,1,0,0,1,0,3
U01669,F,59,Bilbao,1,1,1,0,0,1,0,0,0,1,4
U01670,F,42,Bilbao,1,0,1,1,1,0,0,1,0,1,3
U01671,F,49,Bilbao,1,1,0,0,1,1,1,0,0,1,3
U01672,F,60,Barakaldo,0,1,0,0,0,1,0,0,0,0,3
U01673,F,57,Bilbao,1,1,0,0,1,0,1,1,1,0,3
U01674,F,62,Errenteria,1,1,0,0,1,0,1,1,1,0,3
U01675,F,52,Durango,1,0,0,0,0,1,0,0,0,1,3
U01676,M,48,Leioa,0,0,0,1,1,0,1,1,1,0,4
U01677,M,50,Vitoria-Gasteiz,0,0,0,1,0,1,1,0,1,0,4
U01678,M,62,Barakaldo,1,1,1,1,1,1,1,1,0,1,4
U01679,F,64,Irun,1,0,1,1,1,1,0,1,1,0,4
U01680,M,59,Donostia-San Sebastián,0,0,1,1,1,1,0,1,0,0,4
U01681,F,55,Leioa,1,1,1,1,0,1,0,1,0,0,4
U01682,F,27,Irun,1,0,1,1,1,0,1,1,0,0,3
U01683,F,54,Barakaldo,0,1,1,0,0,0,1,1,1,0,3
U01684,F,63,Donostia-San Sebastián,1,0,1,0,1,1,0,0,1,1,4
U01685,F,56,Vitoria-Gasteiz,1,0,1,1,0,0,1,1,1,0,4
U01686,F,56,Getxo,1,0,1,1,1,1,0,1,1,0,4
U01687,F,46,Bilbao,0,1,1,0,0,1,1,0,0,0,3
U01688,M,53,Leioa,0,0,1,1,0,1,0,1,1,0,4
U01689,M,58,Santurtzi,1,1,0,0,0,1,0,1,1,0,4
U01690,M,73,Vitoria-Gasteiz,1,1,0,1,1,0,0,1,0,1,3
U01691,M,53,Bilbao,1,1,0,0,0,0,1,1,1,0,4
U01692,M,64,Donostia-San Sebastián,0,1,0,1,0,0,1,0,1,0,3
U01693,M,54,Llodio,1,1,1,1,1,1,1,1,1,0,5
U01694,M,65,Zarautz,0,0,1,1,0,1,1,1,1,1,4
U01695,M,60,Donostia-San Sebastián,1,0,1,1,0,0,0,1,1,0,3
U01696,M,60,Portugalete,0,1,0,0,0,0,0,0,0,1,3
U01697,M,52,Leioa,1,0,0,0,1,1,0,0,0,0,3
U01698,F,62,Mungia,1,1,1,0,0,0,0,0,1,1,3
U01699,F,46,Hernani,0,0,0,1,0,1,0,1,1,0,3
U01700,F,74,Barakaldo,1,1,1,1,1,1,1,1,1,1,4
U01701,F,36,Zarautz,0,1,0,0,0,1,1,0,1,0,3
U01702,F,55,Santurtzi,1,1,1,1,1,1,0,1,0,1,5
U01703,M,64,Bilbao,1,1,1,1,0,1,1,1,1,0,4
U01704,M,65,Zarautz,1,1,0,0,1,0,1,1,0,1,3
U01705,M,63,Durango,1,0,1,1,1,0,1,1,1,1,4
U01706,M,48,Errenteria,1,0,1,0,0,1,0,0,0,0,3
U01707,F,63,Donostia-San Sebastián,0,1,1,0,1,1,1,1,0,0,4
U01708,F,58,Mungia,1,0,0,0,1,1,1,0,0,0,4
U01709,F,45,Basauri,1,1,1,1,0,1,1,0,0,0,4
U01710,F,57,Hernani,1,1,1,1,1,1,1,1,1,1,4
U01711,F,61,Hernani,0,1,0,0,0,1,1,1,1,0,4
U01712,M,50,Bilbao,0,0,0,1,1,1,1,0,1,0,4
U01713,F,46,Zarautz,0,1,1,1,0,1,0,1,1,0,4
U01714,F,64,Getxo,1,0,1,0,0,0,0,1,1,0,3
U01715,F,58,Bilbao,0,0,1,1,1,1,0,1,0,0,3
U01716,M,46,Errenteria,0,0,1,0,1,0,1,1,0,1,3
U01717,M,60,Donostia-San Sebastián,1,0,0,0,0,0,0,0,0,0,2
U01718,M,51,Barakaldo,1,1,1,1,1,1,0,1,1,0,4
U01719,F,41,Bilbao,1,1,1,0,1,0,1,0,1,0,4
U01720,F,57,Vitoria-Gasteiz,1,0,1,0,1,1,1,1,0,1,4
U01721,F,50,Irun,1,1,0,1,0,1,1,0,0,1,3
U01722,M,63,Barakaldo,1,1,0,0,0,1,1,1,0,1,4
U01723,F,59,Barakaldo,0,0,0,0,1,0,0,0,0,1,4
U01724,F,56,Vitoria-Gasteiz,1,1,1,1,1,0,1,1,1,1,4
U01725,F,54,Durango,1,0,0,0,0,0,1,1,0,0,3
U01726,M,63,Vitoria-Gasteiz,0,1,0,0,1,1,0,1,1,0,3
U01727,M,48,Tolosa,1,1,0,0,0,1,0,0,0,1,3
U01728,F,57,Getxo,1,0,0,1,0,0,0,1,0,0,3
U01729,F,56,Zarautz,1,0,1,1,1,1,0,1,0,0,4
U01730,F,54,Errenteria,0,1,1,0,0,1,1,1,1,0,3
U01731,F,60,Vitoria-Gasteiz,0,0,0,1,1,0,1,1,1,1,4
U01732,F,48,Barakaldo,1,0,0,1,1,1,0,1,0,0,4
U01733,M,60,Getxo,0,0,1,1,0,1,1,1,1,1,4
U01734,M,60,Bilbao,1,1,0,1,0,0,0,1,0,0,3
U01735,F,45,Vitoria-Gasteiz,1,0,1,0,1,1,0,1,1,1,4
U01736,F,60,Durango,1,0,1,1,1,1,1,1,1,1,4
U01737,F,55,Leioa,0,0,1,0,1,0,0,1,1,0,3
U01738,M,49,Amurrio,1,1,0,0,0,0,0,1,0,1,3
U01739,F,56,Bilbao,0,1,0,0,1,1,1,1,1,0,3
U01740,F,47,Bilbao,1,1,0,0,0,1,0,0,0,0,3
U01741,M,47,Santurtzi,1,1,1,0,1,1,1,1,1,0,4
U01742,M,59,Bilbao,0,1,0,0,0,0,1,0,0,1,3
U01743,M,64,Barakaldo,0,0,0,1,1,0,1,1,1,0,4
U01744,F,63,Donostia-San Sebastián,1,1,0,1,0,1,0,1,0,0,4
U01745,F,48,Bilbao,1,0,0,1,1,1,0,1,1,0,4
U01746,F,67,Santurtzi,1,0,1,0,0,1,1,1,0,0,3
U01747,M,54,Portugalete,0,1,0,1,1,0,0,1,1,0,4
U01748,M,62,Bilbao,1,1,1,0,0,0,1,0,0,1,4
U01749,M,48,Bilbao,1,1,1,0,1,1,1,0,0,1,4
U01750,F,61,Donostia-San Sebastián,1,0,1,0,1,0,0,0,1,0,3
U01751,F,65,Bilbao,1,1,0,0,0,1,0,1,0,0,3
U01752,M,64,Durango,1,0,0,0,1,1,0,0,0,0,3
U01753,F,51,Vitoria-Gasteiz,0,0,0,0,1,1,0,0,0,1,3
U01754,M,58,Vitoria-Gasteiz,1,1,1,0,0,1,1,0,0,1,4
U01755,M,49,Donostia-San Sebastián,1,1,1,0,0,1,0,1,0,0,3
U01756,M,68,Donostia-San Sebastián,0,1,1,0,1,1,0,1,0,0,4
U01757,M,52,Bilbao,0,1,1,1,1,0,0,1,1,0,4
U01758,F,50,Bilbao,0,0,0,1,0,0,1,0,1,1,3
U01759,F,48,Errenteria,1,0,1,0,0,1,0,1,0,1,3
U01760,F,56,Donostia-San Sebastián,0,0,1,1,1,0,1,1,0,1,4
U01761,M,48,Donostia-San Sebastián,0,1,0,0,1,1,1,0,0,1,3
U01762,M,45,Zarautz,1,0,1,0,1,1,1,0,1,0,4
U01763,M,70,Barakaldo,0,1,1,1,0,0,0,0,0,0,3
U01764,M,52,Barakaldo,0,1,0,0,1,1,1,1,1,0,4
U01765,M,53,Santurtzi,0,0,1,0,0,0,1,0,1,0,3
U01766,M,63,Tolosa,0,1,1,1,0,0,1,0,0,1,3
U01767,F,62,Bilbao,1,1,1,1,1,0,1,1,1,1,4
U01768,F,51,Llodio,0,0,0,1,0,1,1,1,1,0,4
U01769,F,49,Tolosa,0,1,1,1,0,0,1,1,0,1,3
U01770,M,54,Bilbao,1,1,0,0,0,1,1,1,0,1,4
U01771,F,48,Donostia-San Sebastián,0,0,1,0,0,0,0,1,1,1,4
U01772,F,48,Leioa,1,0,0,0,0,1,0,0,1,1,3
U01773,M,61,Bilbao,1,1,0,1,0,0,1,0,0,0,4
U01774,M,65,Basauri,1,1,1,0,0,1,1,0,1,1,4
U01775,M,53,Donostia-San Sebastián,1,1,0,0,0,1,0,0,0,1,3
U01776,F,49,Irun,0,1,0,0,0,1,0,0,0,1,3
U01777,F,60,Tolosa,1,0,1,1,1,0,0,1,1,0,4
U01778,F,46,Vitoria-Gasteiz,1,1,1,0,0,0,0,0,0,1,3
U01779,F,64,Zarautz,1,0,1,1,1,1,1,1,1,1,4
U01780,M,46,Bilbao,1,1,0,1,0,1,1,0,0,0,3
U01781,M,55,Leioa,0,1,0,1,0,0,1,0,1,0,3
U01782,M,51,Vitoria-Gasteiz,1,1,1,0,0,1,0,0,0,0,2
U01783,F,40,Leioa,1,1,0,0,0,0,0,0,0,1,3
U01784,M,50,Mungia,1,1,0,1,1,1,1,1,0,1,4
U01785,F,56,Donostia-San Sebastián,0,1,1,0,1,0,1,0,1,0,3
U01786,F,53,Bilbao,1,1,1,1,0,1,0,0,0,1,4
U01787,F,51,Basauri,1,0,1,1,1,1,1,1,0,0,4
U01788,M,60,Bilbao,0,1,1,0,0,0,1,0,0,1,4
U01789,M,73,Bilbao,1,0,1,0,0,1,1,1,1,0,4
U01790,F,53,Basauri,0,0,1,1,1,1,0,1,0,0,4
U01791,M,48,Eibar,0,1,0,0,0,1,0,0,1,1,2
U01792,M,54,Donostia-San Sebastián,1,0,0,1,0,0,1,1,0,0,3
U01793,M,63,Vitoria-Gasteiz,0,0,1,1,1,1,0,1,1,0,4
U01794,M,60,Durango,0,1,1,0,0,1,0,0,1,1,4
U01795,M,48,Vitoria-Gasteiz,0,0,0,0,0,0,1,1,0,0,4
U01796,M,50,Tolosa,1,1,1,1,1,1,0,0,1,1,4
U01797,M,56,Bilbao,1,0,0,0,0,0,0,0,0,0,3
U01798,M,45,Zarautz,1,1,0,0,0,1,0,0,0,1,3
U01799,M,64,Vitoria-Gasteiz,0,1,0,0,0,0,1,0,0,1,4
U01800,F,50,Bilbao,0,0,1,1,0,0,0,1,1,0,3
U01801,M,50,Mungia,1,1,0,1,0,1,1,1,0,0,3
U01802,M,57,Bilbao,0,1,1,1,0,1,1,0,0,1,4
U01803,M,45,Getxo,0,1,1,1,0,1,0,1,0,0,4
U01804,M,54,Bilbao,1,1,1,0,1,0,1,0,1,0,4
U01805,F,53,Vitoria-Gasteiz,1,1,1,1,0,1,1,0,0,0,4
U01806,F,48,Portugalete,0,0,1,0,1,0,1,1,1,1,3
U01807,F,59,Eibar,1,1,0,1,0,0,0,0,0,1,3
U01808,F,60,Bilbao,0,1,1,0,1,1,1,1,1,1,5
U01809,F,51,Donostia-San Sebastián,0,0,1,1,1,1,1,1,1,0,4
U01810,M,49,Bermeo,1,1,1,0,0,1,1,1,1,0,4
U01811,M,56,Vitoria-Gasteiz,1,1,1,0,1,0,1,1,1,0,4
U01812,M,48,Eibar,1,1,0,0,0,1,1,0,1,1,4
U01813,F,56,Zarautz,0,1,1,0,0,0,1,0,1,0,3
U01814,F,49,Donostia-San Sebastián,0,0,1,1,0,0,0,1,1,0,4
U01815,F,56,Bilbao,1,1,0,0,1,0,1,0,1,0,3
U01816,M,45,Errenteria,1,1,1,0,0,1,0,1,1,0,5
U01817,F,48,Tolosa,1,0,1,0,0,0,0,1,0,0,3
U01818,F,64,Bilbao,0,0,1,1,0,1,0,1,1,0,3
U01819,M,62,Getxo,0,1,1,0,1,1,0,1,0,0,3
U01820,F,53,Getxo,1,1,1,1,0,1,0,1,0,1,4
U01821,M,51,Leioa,0,0,1,1,1,0,1,0,1,0,3
U01822,F,61,Vitoria-Gasteiz,0,0,1,0,0,1,1,1,0,0,3
U01823,M,46,Barakaldo,0,1,0,0,0,0,0,1,0,1,3
U01824,M,61,Hernani,0,1,1,0,1,1,1,0,1,1,4
U01825,F,47,Santurtzi,1,1,1,1,0,1,0,1,0,1,3
U01826,M,64,Getxo,0,1,0,0,1,0,1,0,0,1,3
U01827,M,58,Errenteria,1,0,1,1,1,0,0,1,1,0,4
U01828,F,57,Donostia-San Sebastián,0,0,1,1,1,1,1,1,0,1,3
U01829,F,61,Donostia-San Sebastián,1,0,1,0,1,1,0,1,1,0,4
U01830,F,45,Donostia-San Sebastián,0,0,0,1,1,1,0,1,1,0,4
U01831,M,48,Bilbao,0,1,0,1,1,1,1,1,1,0,4
U01832,F,60,Azpeitia,0,1,0,1,0,1,1,0,1,0,3
U01833,M,61,Leioa,1,0,1,0,1,1,1,1,0,0,4
U01834,M,65,Basauri,0,1,1,1,0,1,1,1,0,0,4
U01835,F,65,Barakaldo,1,0,1,0,1,1,0,0,0,0,3
U01836,M,62,Barakaldo,1,1,0,0,1,1,0,0,1,0,3
U01837,M,52,Barakaldo,1,1,0,0,0,1,1,0,0,0,4
U01838,M,56,Errenteria,1,0,0,1,1,1,1,1,1,0,4
U01839,M,57,Hernani,1,1,0,1,1,1,1,0,0,1,4
U01840,F,60,Donostia-San Sebastián,0,1,1,1,1,1,0,1,0,0,3
U01841,F,61,Getxo,1,1,1,0,0,1,0,1,1,0,4
U01842,M,46,Basauri,1,1,0,0,0,1,1,0,0,1,4
U01843,F,56,Portugalete,1,0,1,1,1,1,0,1,1,0,4
U01844,M,30,Getxo,1,0,1,0,0,1,1,1,1,1,4
U01845,F,60,Leioa,0,1,1,0,1,0,0,1,1,0,3
U01846,F,64,Barakaldo,1,0,1,0,1,1,0,0,0,1,3
U01847,F,63,Bilbao,1,0,0,1,0,0,0,0,0,1,2
U01848,F,46,Donostia-San Sebastián,0,1,0,0,1,1,0,0,0,1,3
U01849,M,63,Getxo,0,1,1,1,0,0,0,0,1,1,3
U01850,M,74,Bilbao,1,0,0,1,1,0,0,1,0,0,4
U01851,F,52,Getxo,0,1,0,0,1,1,1,0,1,1,3
U01852,F,51,Irun,1,0,1,1,1,0,1,1,1,1,4
U01853,F,31,Bilbao,1,1,0,1,0,0,1,0,0,0,3
U01854,M,65,Bilbao,1,0,1,1,1,1,0,1,1,0,4
U01855,M,61,Vitoria-Gasteiz,1,1,1,1,0,0,1,1,0,0,3
U01856,M,63,Vitoria-Gasteiz,1,1,1,1,1,1,1,1,1,0,4
U01857,M,61,Bilbao,1,1,1,0,0,0,0,0,1,0,4
U01858,F,54,Bilbao,0,0,1,0,1,0,1,1,1,0,4
U01859,F,34,Bilbao,1,0,1,1,0,1,0,1,0,1,2
U01860,F,60,Basauri,0,0,0,0,1,1,0,0,0,0,3
U01861,F,56,Irun,1,1,1,0,0,1,1,1,1,1,4
U01862,F,72,Mungia,0,0,1,1,0,0,1,1,0,1,4
U01863,M,55,Donostia-San Sebastián,1,0,1,0,0,1,0,0,1,1,3
U01864,M,50,Donostia-San Sebastián,0,1,0,0,0,1,0,0,0,1,3
U01865,M,48,Bilbao,0,1,0,0,1,1,1,1,1,1,4
U01866,F,48,Santurtzi,1,1,1,1,1,1,0,0,0,1,4
U01867,M,55,Portugalete,1,1,0,1,1,1,1,1,1,0,4
U01868,F,63,Bilbao,1,1,0,1,0,1,1,0,1,1,4
U01869,F,45,Donostia-San Sebastián,0,1,1,1,0,1,1,1,1,0,3
U01870,M,58,Bilbao,1,0,0,0,1,1,1,0,0,0,3
U01871,F,52,Vitoria-Gasteiz,1,0,1,1,1,1,1,1,1,1,5
U01872,F,48,Donostia-San Sebastián,1,1,1,0,0,1,0,1,1,0,5
U01873,F,59,Zarautz,0,0,1,0,1,1,0,1,1,1,3
U01874,F,73,Portugalete,1,0,0,1,0,1,1,1,1,0,3
U01875,F,60,Donostia-San Sebastián,0,1,0,1,1,1,1,0,0,0,4
U01876,M,47,Portugalete,1,0,0,0,0,1,0,0,0,0,3
U01877,M,47,Vitoria-Gasteiz,1,1,1,0,1,1,0,1,0,0,4
U01878,M,57,Bermeo,1,0,1,1,0,1,1,1,1,1,4
U01879,F,63,Vitoria-Gasteiz,0,1,0,1,1,1,0,0,1,0,3
U01880,F,52,Getxo,1,0,0,0,0,1,0,1,1,1,3
U01881,M,62,Bilbao,0,1,0,0,1,1,0,1,0,0,3
U01882,F,49,Donostia-San Sebastián,0,1,1,0,1,1,0,1,1,1,4
U01883,F,45,Vitoria-Gasteiz,1,1,0,1,1,1,1,0,0,1,3
U01884,M,73,Barakaldo,1,1,1,1,1,0,1,0,0,0,3
U01885,F,55,Zarautz,1,0,1,0,1,1,0,0,0,1,3
U01886,M,40,Donostia-San Sebastián,0,0,1,0,1,1,1,0,0,1,4
U01887,M,57,Bilbao,1,0,1,0,0,1,0,0,0,1,3
U01888,M,48,Donostia-San Sebastián,0,0,0,1,0,0,0,1,0,1,3
U01889,F,58,Hernani,1,1,0,1,1,0,1,0,1,1,4
U01890,F,63,Bilbao,0,1,1,0,0,1,0,0,1,0,3
U01891,M,49,Leioa,1,0,0,0,1,1,0,1,0,1,3
U01892,M,56,Portugalete,1,0,1,0,0,1,0,1,0,1,3
U01893,M,61,Eibar,1,0,1,1,0,1,1,1,1,0,5
U01894,F,66,Bilbao,0,0,1,1,1,1,1,1,0,0,4
U01895,M,46,Getxo,0,0,0,0,1,1,1,1,1,1,4
U01896,M,46,Barakaldo,0,1,1,1,1,1,0,1,1,0,4
U01897,F,48,Beasain,1,0,1,1,1,1,1,1,0,0,4
U01898,F,40,Bilbao,1,1,1,1,0,1,1,0,0,1,3
U01899,F,47,Santurtzi,1,1,0,0,1,1,1,1,0,1,4
U01900,M,53,Donostia-San Sebastián,0,0,1,1,1,1,0,1,0,0,4
U01901,F,45,Errenteria,1,1,1,0,0,1,0,0,0,0,4
U01902,M,50,Vitoria-Gasteiz,1,0,0,0,0,0,0,0,0,0,2
U01903,M,56,Durango,0,0,1,0,1,0,1,1,1,0,4
U01904,M,59,Amurrio,0,0,1,1,0,1,1,1,0,0,4
U01905,M,64,Tolosa,0,1,0,0,0,1,0,1,1,1,2
U01906,F,51,Vitoria-Gasteiz,0,0,1,1,0,1,0,1,0,1,3
U01907,F,53,Vitoria-Gasteiz,1,1,1,0,1,0,0,0,0,1,3
U01908,F,50,Amurrio,1,1,0,0,1,1,1,1,1,0,4
U01909,M,60,Bilbao,1,0,1,1,0,1,0,1,1,0,3
U01910,M,54,Irun,1,1,0,0,1,1,0,0,0,0,4
U01911,M,46,Vitoria-Gasteiz,0,0,1,0,1,1,1,1,1,1,4
U01912,M,58,Bilbao,1,1,0,0,1,1,1,1,1,1,4
U01913,F,53,Donostia-San Sebastián,1,1,1,0,0,1,1,1,1,0,4
U01914,F,58,Leioa,0,1,1,0,0,1,0,1,0,0,3
U01915,M,45,Bilbao,0,1,1,0,1,1,0,0,0,0,3
U01916,F,45,Basauri,1,1,1,1,0,0,0,0,0,0,3
U01917,M,54,Bilbao,1,1,1,1,0,1,0,1,1,0,4
U01918,F,63,Bermeo,0,1,1,1,1,1,1,0,1,1,4
U01919,F,73,Tolosa,0,0,1,1,0,1,0,0,0,1,3
U01920,F,49,Bilbao,1,1,1,0,0,1,1,0,0,1,4
U01921,F,45,Eibar,0,1,0,1,1,0,1,0,0,1,4
U01922,F,65,Barakaldo,0,1,1,1,0,0,1,1,1,0,4
U01923,F,64,Llodio,0,0,1,1,1,1,1,1,0,0,4
U01924,F,56,Barakaldo,0,0,1,0,0,1,1,1,1,0,4
U01925,M,51,Durango,0,1,0,1,1,0,1,0,1,1,3
U01926,M,54,Llodio,0,1,0,0,0,0,1,1,1,1,4
U01927,F,65,Tolosa,1,0,0,1,1,1,0,1,1,1,4
U01928,F,63,Donostia-San Sebastián,0,0,0,1,0,1,0,1,0,0,3
U01929,F,56,Irun,0,0,1,1,1,0,1,0,0,0,4
U01930,F,53,Barakaldo,0,1,1,0,0,1,0,0,0,0,3
U01931,F,55,Bilbao,1,1,0,0,0,1,1,0,0,1,4
U01932,M,49,Vitoria-Gasteiz,1,1,0,0,0,0,1,0,0,1,3
U01933,F,50,Durango,0,0,1,0,0,1,0,1,1,0,4
U01934,F,65,Donostia-San Sebastián,0,1,1,1,1,1,1,1,1,0,3
U01935,M,59,Vitoria-Gasteiz,1,1,0,0,0,1,1,0,0,0,3
U01936,M,52,Barakaldo,1,1,0,0,1,1,0,1,0,0,3
U01937,M,55,Portugalete,1,0,1,1,0,0,0,0,1,0,3
U01938,F,43,Vitoria-Gasteiz,1,0,0,0,1,0,0,0,1,0,3
U01939,M,58,Donostia-San Sebastián,1,1,0,0,1,0,0,0,0,1,3
U01940,M,49,Basauri,0,0,0,0,0,0,0,0,0,0,3
U01941,F,48,Vitoria-Gasteiz,1,1,1,0,1,0,1,1,0,0,4
U01942,F,56,Bermeo,1,1,0,0,0,1,0,0,1,1,3
U01943,M,49,Portugalete,1,0,1,0,0,1,0,1,1,1,4
U01944,F,56,Beasain,1,0,0,0,0,1,1,0,0,0,3
U01945,F,47,Portugalete,0,0,1,1,0,1,0,1,1,0,4
U01946,F,63,Leioa,0,0,0,1,1,0,0,0,1,0,3
U01947,M,60,Getxo,1,0,1,1,1,0,0,1,0,1,4
U01948,M,54,Bilbao,1,1,1,1,0,1,0,0,0,0,3
U01949,F,64,Bilbao,0,0,1,0,0,0,1,1,1,0,4
U01950,F,34,Llodio,1,1,1,0,0,1,0,0,0,0,3
U01951,M,58,Eibar,0,1,1,1,0,0,1,1,1,1,3
U01952,M,63,Vitoria-Gasteiz,1,1,1,0,0,0,0,1,0,0,4
U01953,F,50,Bilbao,1,1,0,0,0,1,1,0,0,0,3
U01954,M,54,Hernani,0,0,0,1,1,0,1,1,1,0,4
U01955,F,52,Bilbao,0,1,1,1,0,0,1,0,1,1,4
U01956,M,57,Hernani,1,1,1,1,0,0,1,0,1,1,4
U01957,M,64,Santurtzi,0,0,1,0,1,1,1,0,1,0,4
U01958,M,57,Barakaldo,0,0,1,1,1,0,1,1,0,1,4
U01959,F,57,Bilbao,1,1,0,1,1,1,0,0,1,1,4
U01960,F,60,Bilbao,0,0,1,1,1,0,0,0,1,1,4
U01961,F,52,Donostia-San Sebastián,0,1,0,0,0,1,1,1,1,0,4
U01962,F,65,Vitoria-Gasteiz,0,1,1,0,1,1,1,1,1,0,4
U01963,M,45,Barakaldo,1,1,0,1,1,0,1,0,0,0,3
U01964,M,45,Getxo,1,1,0,0,1,0,0,0,1,1,3
U01965,M,63,Vitoria-Gasteiz,0,1,1,1,1,0,1,1,1,0,4
U01966,M,32,Vitoria-Gasteiz,0,1,1,0,0,1,1,0,1,0,3
U01967,M,51,Donostia-San Sebastián,1,1,0,0,1,0,1,0,0,1,4
U01968,M,59,Donostia-San Sebastián,0,1,0,0,1,1,0,1,1,0,3
U01969,F,64,Tolosa,1,1,0,0,0,0,0,0,0,1,3
U01970,M,55,Eibar,0,0,0,1,0,0,0,1,1,0,3
U01971,M,64,Irun,1,1,1,1,0,1,1,1,0,0,4
U01972,F,54,Eibar,1,0,0,0,0,0,1,0,1,0,3
U01973,M,63,Barakaldo,0,1,1,0,1,0,1,1,1,1,4
U01974,F,45,Portugalete,1,1,1,1,0,1,0,1,0,1,3
U01975,F,70,Bilbao,0,0,0,0,1,0,0,0,1,0,2
U01976,F,53,Vitoria-Gasteiz,1,0,1,1,0,1,1,0,0,0,4
U01977,F,54,Durango,0,0,1,1,0,0,1,1,1,0,4
U01978,M,61,Azpeitia,1,0,0,0,1,0,0,0,0,1,3
U01979,M,54,Bilbao,1,1,0,0,1,1,0,0,0,1,4
U01980,F,57,Hernani,0,1,1,0,0,0,1,1,1,0,3
U01981,F,59,Bermeo,1,0,1,1,1,0,1,1,1,1,5
U01982,F,59,Donostia-San Sebastián,1,0,0,0,0,1,0,0,0,0,2
U01983,M,29,Salvatierra,0,0,1,1,0,1,1,1,0,0,3
U01984,F,56,Getxo,1,0,1,1,0,1,1,1,0,0,4
U01985,M,64,Leioa,0,0,1,1,1,0,1,0,0,0,4
U01986,M,28,Bilbao,1,1,1,0,1,0,1,0,1,0,3
U01987,F,58,Barakaldo,0,1,0,0,1,1,1,0,1,0,4
U01988,M,65,Mungia,0,1,1,1,0,0,1,0,0,1,3
U01989,F,62,Durango,1,0,1,0,0,0,1,1,1,1,3
U01990,F,54,Vitoria-Gasteiz,0,1,0,1,0,1,0,1,1,0,3
U01991,F,55,Bilbao,0,0,0,1,1,1,0,1,1,0,4
U01992,M,45,Bilbao,1,1,0,0,0,0,0,1,0,0,3
U01993,M,58,Bilbao,1,1,0,0,0,0,1,0,0,1,3
U01994,M,54,Bilbao,1,0,1,0,0,0,1,1,1,0,4
U01995,M,49,Mungia,1,1,1,0,0,1,0,0,0,0,4
U01996,M,46,Donostia-San Sebastián,1,1,1,0,0,1,1,1,0,1,4
U01997,F,64,Bilbao,1,1,1,0,0,1,0,1,1,0,3
U01998,M,63,Vitoria-Gasteiz,1,1,0,1,1,1,1,1,0,0,4
U01999,M,52,Getxo,1,1,1,1,0,1,0,1,0,0,3
U02000,F,48,Vitoria-Gasteiz,1,1,0,0,0,1,0,1,0,0,3
