Id_user,Sexo,Edad,Municipio,Restaurantes,Restaurantes_Restaurante,Restaurantes_Asador,Restaurantes_Sidreria,Bodegas,Queserias,Gourmet,Gourmet_Agricultura_ecologica,Gourmet_Denominacion_de_Origen,Gourmet_Eusko_Label,Gourmet_Euskal_Baserri,Target_Review
U00001,F,70,Bilbao,1,1,1,1,1,1,1,1,1,1,1,4
U00002,F,67,Bilbao,1,0,1,0,1,1,1,0,1,1,1,5
U00003,M,57,Portugalete,1,0,1,0,1,1,0,0,0,0,0,3
U00004,F,54,Bilbao,1,1,1,1,0,0,0,0,0,0,0,3
U00005,M,57,Vitoria-Gasteiz,1,1,1,0,0,1,1,1,1,1,1,4
U00006,F,28,Bilbao,0,0,0,0,1,1,1,1,1,0,1,4
U00007,F,51,Tolosa,1,0,1,1,0,0,1,0,1,1,1,4
U00008,F,45,Bilbao,1,1,1,1,0,0,0,0,0,0,0,3
U00009,M,38,Salvatierra,0,0,0,0,0,0,0,0,0,0,0,3
U00010,M,48,Zarautz,1,1,1,1,0,1,1,0,1,1,1,5
U00011,M,43,Donostia-San Sebastián,1,1,1,1,1,1,0,0,0,0,0,3
U00012,F,49,Vitoria-Gasteiz,1,1,0,0,1,1,0,0,0,0,0,3
U00013,M,52,Basauri,1,1,1,1,0,1,0,0,0,0,0,2
U00014,F,63,Bilbao,0,0,0,0,0,0,0,0,0,0,0,3
U00015,F,54,Durango,1,0,0,0,1,1,1,1,1,0,0,4
U00016,M,61,Barakaldo,1,0,1,1,1,0,0,0,0,0,0,4
U00017,F,48,Vitoria-Gasteiz,1,1,0,1,0,1,0,0,0,0,0,3
U00018,M,61,Bilbao,0,0,0,0,0,1,1,1,0,0,1,3
U00019,M,63,Vitoria-Gasteiz,1,0,1,1,1,0,1,1,1,0,1,4
U00020,F,49,Bilbao,1,1,1,1,1,1,1,0,1,0,0,3
U00021,M,62,Barakaldo,1,1,1,0,1,1,1,0,1,1,1,5
U00022,M,45,Bilbao,1,0,0,1,0,0,0,0,0,0,0,3
U00023,F,27,Bilbao,1,1,1,1,0,0,0,0,0,0,0,3
U00024,F,49,Basauri,1,1,1,1,1,1,1,1,0,1,1,4
U00025,M,49,Donostia-San Sebastián,1,1,1,1,1,0,0,0,0,0,0,3
U00026,F,52,Amurrio,1,1,1,1,0,0,1,1,0,1,1,3
U00027,M,62,Durango,1,1,1,1,0,0,0,0,0,0,0,4
U00028,M,60,Donostia-San Sebastián,1,1,1,0,1,1,1,1,1,1,1,4
U00029,M,46,Beasain,1,1,1,0,0,1,1,1,0,1,0,4
U00030,M,58,Bilbao,1,1,1,1,1,0,1,1,1,1,1,4
U00031,M,57,Donostia-San Sebastián,1,1,1,0,1,1,1,1,1,1,1,4
U00032,M,46,Bilbao,1,1,0,1,1,0,1,0,1,1,1,4
U00033,F,75,Beasain,1,0,1,0,1,0,1,0,1,1,1,4
U00034,M,57,Donostia-San Sebastián,0,0,0,0,1,0,1,0,1,1,1,4
U00035,M,49,Donostia-San Sebastián,1,0,1,1,1,0,0,0,0,0,0,3
U00036,F,53,Llodio,1,1,0,1,1,0,0,0,0,0,0,3
U00037,F,57,Zarautz,1,0,1,0,0,1,1,1,0,1,0,4
U00038,F,49,Durango,1,1,1,1,1,1,0,0,0,0,0,3
U00039,M,46,Donostia-San Sebastián,1,0,0,1,0,1,0,0,0,0,0,2
U00040,M,64,Bilbao,1,0,1,1,0,0,0,0,0,0,0,3
U00041,M,62,Barakaldo,1,1,0,0,1,0,1,0,0,1,0,4
U00042,F,53,Getxo,1,1,0,0,1,1,1,1,1,1,1,4
U00043,M,64,Eibar,1,1,0,1,0,1,1,0,1,1,1,5
U00044,F,53,Santurtzi,1,1,1,0,1,0,1,1,0,1,0,3
U00045,F,55,Zarautz,1,1,1,1,1,1,1,1,1,1,1,4
U00046,F,60,Vitoria-Gasteiz,1,1,1,0,1,0,0,0,0,0,0,4
U00047,M,65,Eibar,1,0,1,0,1,1,1,1,1,1,1,4
U00048,M,47,Azpeitia,1,1,0,1,0,1,1,1,1,1,1,4
U00049,F,54,Eibar,1,1,0,1,0,1,1,1,0,0,0,3
U00050,F,52,Errenteria,1,1,1,1,0,1,1,1,1,0,0,3
U00051,F,53,Beasain,1,1,1,1,0,1,1,1,0,0,0,4
U00052,F,56,Bermeo,1,1,1,0,0,1,0,0,0,0,0,3
U00053,F,45,Bilbao,0,0,0,0,0,1,1,0,0,0,0,3
U00054,M,47,Llodio,1,1,0,0,1,1,1,1,1,0,1,4
U00055,F,58,Leioa,1,1,1,1,1,1,1,1,1,1,1,5
U00056,F,62,Donostia-San Sebastián,1,1,1,1,1,0,1,0,0,1,1,4
U00057,M,46,Getxo,0,0,0,0,0,1,1,0,0,0,1,3
U00058,F,52,Zarautz,1,1,1,0,0,1,1,0,0,1,1,3
U00059,M,36,Santurtzi,1,0,1,1,0,0,0,0,0,0,0,3
U00060,F,47,Barakaldo,1,1,1,1,1,0,1,0,1,0,1,3
U00061,F,49,Bilbao,1,1,1,0,1,1,0,0,0,0,0,3
U00062,M,48,Irun,1,1,0,0,0,0,0,0,0,0,0,2
U00063,M,58,Bilbao,0,0,0,0,0,1,0,0,0,0,0,3
U00064,M,65,Irun,1,0,1,0,1,1,1,1,1,0,1,5
U00065,M,53,Errenteria,1,1,1,0,1,0,0,0,0,0,0,3
U00066,F,64,Vitoria-Gasteiz,1,1,0,1,1,0,1,1,1,1,0,4
U00067,M,52,Errenteria,1,1,0,1,1,0,1,1,1,0,0,3
U00068,F,55,Vitoria-Gasteiz,1,1,1,0,1,1,1,0,1,1,1,4
U00069,F,50,Vitoria-Gasteiz,1,1,1,1,0,0,1,1,1,1,1,4
U00070,F,44,Getxo,1,0,1,1,1,1,1,0,1,1,1,5
U00071,M,58,Mungia,1,1,1,0,1,0,0,0,0,0,0,3
U00072,F,43,Barakaldo,1,0,1,0,1,1,1,0,1,1,1,4
U00073,F,53,Bilbao,1,0,0,1,1,1,1,1,1,1,1,4
U00074,F,62,Barakaldo,1,1,1,0,1,1,1,1,0,1,1,5
U00075,F,49,Barakaldo,1,1,1,1,0,0,1,1,1,1,1,4
U00076,M,64,Barakaldo,1,0,1,1,1,1,1,1,0,1,1,3
U00077,M,57,Donostia-San Sebastián,1,1,1,0,1,0,0,0,0,0,0,4
U00078,M,51,Bilbao,0,0,0,0,0,1,0,0,0,0,0,2
U00079,F,62,Hernani,1,0,1,1,1,1,0,0,0,0,0,4
U00080,F,47,Vitoria-Gasteiz,1,1,0,0,1,1,1,1,0,0,1,4
U00081,F,60,Bilbao,0,0,0,0,1,1,1,1,0,1,1,4
U00082,F,59,Errenteria,1,1,1,0,1,0,1,1,1,0,0,4
U00083,F,25,Llodio,0,0,0,0,0,0,1,0,0,0,1,2
U00084,M,50,Santurtzi,1,1,1,1,1,0,1,1,0,1,1,4
U00085,F,47,Barakaldo,0,0,0,0,1,1,1,1,1,1,0,4
U00086,F,45,Donostia-San Sebastián,1,1,1,0,1,0,1,0,0,1,1,4
U00087,M,59,Vitoria-Gasteiz,1,1,0,1,1,1,1,0,1,1,1,4
U00088,M,47,Getxo,1,0,1,1,1,1,0,0,0,0,0,3
U00089,M,56,Bilbao,1,0,1,1,1,1,0,0,0,0,0,4
U00090,F,62,Donostia-San Sebastián,1,1,1,0,1,1,1,0,1,1,1,4
U00091,F,58,Bilbao,0,0,0,0,1,1,1,0,0,1,1,3
U00092,F,56,Basauri,1,1,1,1,0,1,1,1,1,1,1,5
U00093,M,45,Donostia-San Sebastián,1,1,1,0,1,1,1,1,1,1,1,4
U00094,F,35,Donostia-San Sebastián,1,1,0,1,0,1,1,1,0,1,1,4
U00095,M,63,Donostia-San Sebastián,1,0,1,1,1,0,1,0,0,1,0,3
U00096,F,53,Eibar,1,1,1,0,1,1,1,0,1,1,1,4
U00097,F,46,Amurrio,1,1,1,1,1,0,1,0,1,0,1,4
U00098,F,63,Errenteria,1,1,1,1,1,1,1,1,0,0,1,4
U00099,M,58,Portugalete,1,0,1,0,1,0,0,0,0,0,0,3
U00100,F,29,Azpeitia,1,0,1,0,0,0,1,1,1,1,1,3
U00101,M,60,Irun,1,1,1,1,1,1,1,1,1,1,1,4
U00102,M,53,Getxo,1,1,1,1,1,1,1,1,1,1,1,4
U00103,M,60,Leioa,1,1,1,1,1,0,1,0,0,1,1,4
U00104,M,54,Bilbao,1,1,1,1,1,1,0,0,0,0,0,4
U00105,M,51,Donostia-San Sebastián,1,1,1,1,0,0,0,0,0,0,0,3
U00106,F,30,Zarautz,1,1,0,1,1,0,1,1,1,1,1,4
U00107,F,52,Irun,1,0,1,1,1,0,1,1,1,1,0,4
U00108,F,63,Beasain,1,1,0,1,0,0,1,1,1,1,1,4
U00109,F,53,Barakaldo,1,1,0,1,1,0,0,0,0,0,0,3
U00110,M,61,Hernani,0,0,0,0,0,1,0,0,0,0,0,2
U00111,F,49,Beasain,1,1,1,0,1,1,1,1,1,0,1,4
U00112,F,60,Beasain,1,0,1,0,1,1,1,1,0,1,1,4
U00113,M,51,Vitoria-Gasteiz,1,1,1,1,1,0,0,0,0,0,0,4
U00114,F,48,Bilbao,1,1,0,1,1,1,0,0,0,0,0,3
U00115,M,44,Santurtzi,1,1,1,0,1,1,1,1,0,1,1,4
U00116,F,63,Bilbao,1,1,0,0,1,1,0,0,0,0,0,3
U00117,M,60,Bilbao,1,1,1,1,1,1,0,0,0,0,0,3
U00118,F,47,Getxo,1,1,0,1,1,0,1,1,1,1,1,4
U00119,F,57,Donostia-San Sebastián,1,0,1,1,1,0,1,1,0,0,0,3
U00120,M,47,Bilbao,1,1,1,1,1,1,1,0,1,1,1,4
U00121,M,58,Donostia-San Sebastián,1,1,1,0,1,0,0,0,0,0,0,3
U00122,F,57,Donostia-San Sebastián,1,1,1,1,0,1,1,1,1,1,1,4
U00123,M,47,Eibar,1,0,1,1,0,0,1,1,1,0,1,4
U00124,F,54,Bilbao,1,1,0,0,1,1,1,1,1,1,1,4
U00125,F,52,Vitoria-Gasteiz,1,0,0,0,1,0,1,1,1,1,1,4
U00126,F,60,Portugalete,1,0,1,1,0,0,1,1,1,1,1,3
U00127,F,47,Hernani,1,1,0,1,0,1,0,0,0,0,0,4
U00128,M,50,Bilbao,1,1,1,1,0,1,1,1,0,1,0,4
U00129,F,58,Portugalete,1,1,1,0,0,1,0,0,0,0,0,3
U00130,M,58,Bilbao,1,1,1,1,1,1,0,0,0,0,0,4
U00131,F,55,Beasain,1,1,0,0,0,1,1,0,1,0,0,2
U00132,F,52,Vitoria-Gasteiz,1,1,1,1,1,1,1,0,1,1,0,4
U00133,M,65,Eibar,1,1,0,1,0,1,1,1,1,1,1,5
U00134,F,51,Azpeitia,1,1,1,1,1,1,1,1,1,1,1,5
U00135,F,48,Errenteria,1,1,1,0,1,0,0,0,0,0,0,3
U00136,F,62,Hernani,1,0,1,0,1,0,0,0,0,0,0,3
U00137,F,59,Donostia-San Sebastián,1,1,1,1,0,1,0,0,0,0,0,3
U00138,M,58,Donostia-San Sebastián,1,1,1,1,1,1,1,0,1,0,1,5
U00139,M,62,Zarautz,0,0,0,0,0,1,1,0,1,1,1,4
U00140,M,57,Bilbao,1,1,1,1,1,1,1,1,0,1,1,5
U00141,F,61,Donostia-San Sebastián,1,1,1,0,1,1,1,1,1,0,1,4
U00142,F,60,Bilbao,1,1,1,1,1,0,0,0,0,0,0,4
U00143,F,53,Bilbao,0,0,0,0,0,1,1,1,0,0,1,3
U00144,F,63,Hernani,1,0,0,1,1,0,1,1,0,1,1,4
U00145,M,63,Bilbao,1,1,0,0,1,0,1,0,1,1,1,4
U00146,M,68,Zarautz,1,1,1,0,1,1,0,0,0,0,0,2
U00147,M,50,Bilbao,1,1,0,0,1,1,1,1,1,1,0,5
U00148,F,46,Bilbao,1,1,1,0,1,0,1,1,0,0,1,4
U00149,M,45,Vitoria-Gasteiz,1,1,1,1,1,0,1,1,0,1,1,4
U00150,M,56,Portugalete,1,1,1,1,1,0,0,0,0,0,0,3
U00151,F,59,Donostia-San Sebastián,1,0,1,1,1,0,1,0,0,0,0,4
U00152,F,58,Hernani,1,1,0,1,1,0,1,1,1,1,1,4
U00153,M,60,Bilbao,1,0,1,1,0,0,1,0,0,1,1,4
U00154,F,49,Vitoria-Gasteiz,1,0,1,1,0,0,1,0,1,1,0,4
U00155,F,58,Donostia-San Sebastián,1,0,0,0,1,1,1,0,1,0,0,4
U00156,F,62,Portugalete,0,0,0,0,1,1,1,1,1,1,1,4
U00157,F,61,Tolosa,1,1,1,1,1,0,0,0,0,0,0,4
U00158,M,56,Santurtzi,1,1,1,1,0,0,1,0,0,1,1,4
U00159,F,51,Santurtzi,1,1,1,1,0,0,1,0,0,1,1,4
U00160,F,71,Bilbao,1,1,1,1,1,1,1,0,0,1,0,4
U00161,M,59,Leioa,1,1,0,1,0,1,1,1,1,1,0,4
U00162,F,75,Portugalete,1,1,1,1,1,1,1,0,1,1,1,4
U00163,F,26,Bilbao,1,0,1,1,1,1,1,0,0,0,0,4
U00164,M,56,Leioa,1,1,1,1,1,1,1,1,0,1,1,4
U00165,F,51,Vitoria-Gasteiz,1,1,1,1,0,1,1,1,0,0,1,3
U00166,M,64,Hernani,0,0,0,0,1,1,1,1,0,0,1,4
U00167,M,67,Leioa,1,1,1,1,0,1,1,1,0,1,1,5
U00168,M,61,Donostia-San Sebastián,1,0,1,0,0,0,1,0,1,1,0,3
U00169,F,46,Zarautz,1,1,1,1,1,1,1,1,1,0,1,4
U00170,M,47,Vitoria-Gasteiz,1,1,1,1,1,0,0,0,0,0,0,3
U00171,M,61,Leioa,1,1,1,1,0,1,0,0,0,0,0,3
U00172,M,46,Bilbao,1,1,1,1,1,0,0,0,0,0,0,4
U00173,F,63,Barakaldo,1,1,1,1,1,1,1,1,0,0,1,4
U00174,M,48,Portugalete,1,1,1,1,1,0,1,0,1,0,1,4
U00175,M,75,Zarautz,1,0,0,0,1,0,1,1,1,1,1,4
U00176,M,60,Zarautz,1,1,1,1,0,1,1,1,0,1,1,4
U00177,M,54,Donostia-San Sebastián,0,0,0,0,1,0,0,0,0,0,0,2
U00178,F,59,Errenteria,1,0,1,1,1,0,0,0,0,0,0,3
U00179,F,60,Portugalete,1,1,0,1,1,1,0,0,0,0,0,3
U00180,M,36,Bilbao,1,0,0,1,0,0,1,0,1,1,0,3
U00181,F,46,Donostia-San Sebastián,1,0,1,0,1,0,1,1,0,1,1,4
U00182,M,46,Donostia-San Sebastián,1,0,1,0,1,0,0,0,0,0,0,3
U00183,F,52,Irun,1,1,0,1,1,1,1,1,0,1,1,4
U00184,F,46,Llodio,1,1,0,1,0,0,1,0,1,1,0,3
U00185,F,54,Vitoria-Gasteiz,0,0,0,0,0,1,0,0,0,0,0,2
U00186,F,63,Bilbao,1,0,0,1,0,1,1,1,1,1,0,4
U00187,F,45,Bilbao,1,1,0,0,0,1,1,1,1,1,1,4
U00188,M,59,Basauri,1,1,1,1,1,1,0,0,0,0,0,4
U00189,F,47,Leioa,1,0,1,1,1,1,1,1,1,1,1,4
U00190,F,41,Bilbao,1,0,1,1,0,1,1,0,1,0,1,4
U00191,M,54,Barakaldo,1,1,1,1,1,0,0,0,0,0,0,3
U00192,M,62,Santurtzi,1,1,1,1,0,0,0,0,0,0,0,3
U00193,F,47,Bilbao,1,1,1,1,1,1,1,1,1,0,1,4
U00194,F,55,Leioa,1,0,1,1,1,1,1,1,0,0,1,3
U00195,M,48,Bilbao,1,1,1,0,0,1,1,1,0,1,1,4
U00196,F,66,Vitoria-Gasteiz,0,0,0,0,1,0,1,1,1,1,1,4
U00197,F,53,Bilbao,1,1,1,1,0,0,0,0,0,0,0,3
U00198,M,65,Basauri,1,1,0,0,1,1,1,0,0,1,1,4
U00199,F,51,Donostia-San Sebastián,0,0,0,0,1,1,1,1,0,1,1,5
U00200,F,50,Beasain,1,1,1,1,0,1,1,0,1,1,1,4
U00201,F,59,Getxo,1,0,1,1,1,0,1,1,1,0,1,4
U00202,M,56,Beasain,1,1,1,1,1,0,1,0,0,0,1,4
U00203,F,63,Donostia-San Sebastián,1,1,0,1,0,1,0,0,0,0,0,3
U00204,F,46,Irun,0,0,0,0,1,0,1,0,1,0,0,3
U00205,F,55,Barakaldo,1,1,0,1,1,1,1,1,1,1,1,4
U00206,M,62,Bilbao,1,1,1,1,1,1,1,1,1,1,1,5
U00207,F,59,Eibar,1,0,0,0,1,1,1,0,1,0,0,4
U00208,F,64,Donostia-San Sebastián,1,1,1,1,1,0,0,0,0,0,0,4
U00209,F,46,Zarautz,1,1,1,1,0,0,1,1,1,0,1,4
U00210,M,28,Bilbao,1,1,1,1,0,0,0,0,0,0,0,3
U00211,M,57,Bilbao,1,0,0,1,1,1,0,0,0,0,0,3
U00212,M,56,Bilbao,1,1,1,0,1,0,1,0,1,1,1,4
U00213,F,59,Llodio,1,1,0,1,0,0,1,1,1,1,1,4
U00214,F,55,Amurrio,1,1,1,1,0,1,1,1,1,1,0,5
U00215,F,52,Donostia-San Sebastián,1,1,0,1,1,1,1,0,1,0,0,3
U00216,F,35,Vitoria-Gasteiz,1,1,1,1,0,1,0,0,0,0,0,3
U00217,M,53,Vitoria-Gasteiz,1,1,1,1,1,0,0,0,0,0,0,4
U00218,F,58,Zarautz,1,1,1,0,0,0,1,1,0,1,1,4
U00219,F,55,Eibar,1,1,0,1,0,1,1,0,1,1,1,4
U00220,M,64,Irun,1,1,0,1,1,1,0,0,0,0,0,3
U00221,F,52,Bilbao,1,1,0,0,1,0,1,1,1,1,1,4
U00222,M,62,Donostia-San Sebastián,1,1,0,1,1,1,0,0,0,0,0,3
U00223,M,31,Donostia-San Sebastián,1,1,0,1,1,1,1,1,1,1,1,4
U00224,M,63,Donostia-San Sebastián,1,1,0,1,0,1,1,1,0,1,1,3
U00225,M,45,Portugalete,0,0,0,0,1,0,1,1,1,0,0,3
U00226,M,48,Donostia-San Sebastián,1,1,0,0,0,1,1,1,0,1,0,3
U00227,M,71,Irun,1,1,1,1,1,0,0,0,0,0,0,3
U00228,M,55,Basauri,0,0,0,0,1,1,0,0,0,0,0,3
U00229,F,53,Bilbao,1,1,0,1,1,0,1,0,0,1,1,4
U00230,M,52,Barakaldo,1,1,1,0,1,1,1,0,1,1,1,4
U00231,F,49,Irun,1,1,1,1,1,1,1,0,0,0,1,4
U00232,F,45,Vitoria-Gasteiz,1,1,1,0,0,1,1,1,1,1,0,4
U00233,F,57,Llodio,1,1,0,0,1,1,1,1,0,0,1,4
U00234,F,65,Santurtzi,1,1,0,1,0,0,0,0,0,0,0,3
U00235,F,45,Santurtzi,0,0,0,0,1,0,0,0,0,0,0,2
U00236,M,49,Bilbao,1,1,1,0,1,0,0,0,0,0,0,3
U00237,M,45,Durango,1,1,1,1,0,0,0,0,0,0,0,3
U00238,M,29,Leioa,1,1,1,0,0,1,0,0,0,0,0,3
U00239,F,53,Donostia-San Sebastián,1,1,0,1,0,1,1,0,1,1,1,4
U00240,F,45,Eibar,1,1,1,1,1,1,1,1,1,0,0,4
U00241,F,45,Leioa,1,1,1,1,1,0,1,1,0,1,1,4
U00242,F,62,Vitoria-Gasteiz,1,0,1,1,0,1,1,1,1,1,0,4
U00243,F,63,Bermeo,1,0,1,1,1,1,1,1,1,1,1,4
U00244,M,47,Amurrio,1,1,1,1,1,0,1,0,0,1,0,3
U00245,F,46,Irun,1,1,1,1,1,0,1,0,1,1,1,4
U00246,M,47,Bilbao,1,0,1,0,0,0,0,0,0,0,0,2
U00247,F,57,Getxo,1,0,0,0,0,1,1,1,1,1,1,4
U00248,F,56,Azpeitia,0,0,0,0,1,1,1,1,0,1,0,3
U00249,M,59,Errenteria,1,1,0,1,0,1,1,1,1,1,1,4
U00250,F,46,Irun,1,1,0,1,1,1,1,0,0,1,1,4
U00251,F,54,Donostia-San Sebastián,1,1,1,1,1,0,1,1,0,1,1,4
U00252,F,46,Tolosa,1,1,1,1,0,0,1,0,1,1,0,3
U00253,M,52,Amurrio,1,0,1,1,1,0,0,0,0,0,0,3
U00254,M,64,Donostia-San Sebastián,1,1,1,0,1,0,1,0,1,1,0,4
U00255,F,48,Donostia-San Sebastián,0,0,0,0,1,1,1,1,1,1,1,4
U00256,M,51,Bilbao,1,1,1,0,1,0,1,1,1,1,1,5
U00257,F,49,Bilbao,1,1,0,1,0,0,0,0,0,0,0,3
U00258,F,54,Donostia-San Sebastián,1,1,0,1,1,1,1,1,1,1,1,4
U00259,M,46,Bilbao,1,1,1,0,0,0,1,1,1,1,1,4
U00260,M,50,Bilbao,1,1,1,1,1,1,1,1,1,0,1,5
U00261,M,50,Llodio,1,1,1,1,1,1,0,0,0,0,0,4
U00262,M,54,Tolosa,1,1,1,0,0,0,0,0,0,0,0,3
U00263,F,57,Barakaldo,1,1,1,0,0,1,1,0,1,1,1,4
U00264,M,38,Vitoria-Gasteiz,1,1,1,0,0,0,0,0,0,0,0,3
U00265,F,44,Getxo,1,1,1,1,0,1,1,1,1,0,1,4
U00266,M,65,Zarautz,1,1,0,1,0,0,1,1,1,0,1,3
U00267,F,59,Bilbao,0,0,0,0,0,1,1,0,1,1,1,3
U00268,F,61,Santurtzi,1,1,0,1,0,1,1,1,0,1,1,4
U00269,M,38,Salvatierra,1,1,1,0,1,1,1,1,1,1,0,4
U00270,F,51,Irun,1,1,0,1,1,1,1,1,1,1,0,4
U00271,M,61,Barakaldo,1,1,1,1,1,1,1,1,1,0,0,4
U00272,M,60,Santurtzi,1,1,1,1,1,1,1,1,1,0,1,4
U00273,M,58,Bilbao,1,1,1,1,1,1,1,1,1,1,1,4
U00274,M,50,Bermeo,1,0,1,1,1,0,1,0,1,0,1,4
U00275,M,64,Portugalete,1,0,1,0,1,1,1,1,1,0,1,4
U00276,F,65,Barakaldo,1,0,1,1,1,0,1,1,1,0,1,4
U00277,M,47,Leioa,1,0,0,0,0,0,1,1,1,1,0,3
U00278,F,53,Durango,1,1,0,0,1,0,1,1,1,1,1,4
U00279,F,50,Errenteria,1,1,0,0,1,0,1,1,1,1,1,3
U00280,F,61,Eibar,1,1,0,1,0,1,1,1,1,1,1,4
U00281,F,29,Bilbao,1,1,1,1,1,1,1,0,1,1,1,4
U00282,F,61,Zarautz,1,1,1,1,0,0,0,0,0,0,0,4
U00283,M,56,Bilbao,1,1,0,0,1,1,1,1,1,1,1,5
U00284,F,48,Errenteria,1,0,1,1,1,1,1,1,1,1,1,5
U00285,M,28,Errenteria,1,1,1,1,0,1,1,0,1,1,0,4
U00286,M,49,Donostia-San Sebastián,1,1,1,1,0,1,1,1,1,1,1,4
U00287,F,69,Durango,0,0,0,0,0,1,1,1,0,1,1,3
U00288,F,63,Errenteria,1,1,0,1,1,0,1,1,1,0,0,3
U00289,F,64,Mungia,1,1,0,0,1,0,1,0,1,0,0,4
U00290,M,69,Irun,1,1,0,1,0,0,1,0,1,1,0,4
U00291,F,61,Vitoria-Gasteiz,0,0,0,0,1,1,1,0,0,0,1,3
U00292,M,65,Getxo,1,0,1,1,1,0,1,0,0,1,1,4
U00293,M,41,Mungia,0,0,0,0,0,1,1,1,0,1,1,3
U00294,M,64,Donostia-San Sebastián,1,1,1,1,0,1,0,0,0,0,0,3
U00295,F,58,Leioa,1,1,1,1,0,0,1,1,0,0,1,4
U00296,M,45,Durango,1,1,0,1,1,1,1,1,0,1,1,4
U00297,M,50,Bilbao,0,0,0,0,1,1,0,0,0,0,0,2
U00298,F,55,Getxo,1,1,1,1,0,1,1,1,1,1,1,4
U00299,F,45,Santurtzi,1,1,1,1,0,0,1,0,0,1,0,3
U00300,F,34,Bilbao,1,1,1,1,1,0,0,0,0,0,0,4
U00301,M,48,Bilbao,1,1,1,1,1,0,1,1,1,1,0,4
U00302,F,46,Getxo,1,1,1,0,1,1,1,1,0,1,1,4
U00303,F,61,Basauri,0,0,0,0,0,1,1,1,1,1,0,3
U00304,F,60,Donostia-San Sebastián,1,1,1,1,0,1,1,1,1,0,1,5
U00305,M,48,Portugalete,1,1,1,0,0,1,1,0,0,1,1,4
U00306,M,52,Donostia-San Sebastián,1,1,1,1,0,0,0,0,0,0,0,4
U00307,F,54,Vitoria-Gasteiz,1,1,1,0,1,0,0,0,0,0,0,4
U00308,M,67,Donostia-San Sebastián,0,0,0,0,1,1,1,1,1,1,1,4
U00309,M,64,Barakaldo,1,0,0,0,1,0,0,0,0,0,0,3
U00310,F,39,Bilbao,1,1,1,0,0,1,1,1,0,1,1,4
U00311,F,49,Beasain,1,1,1,1,0,0,1,1,1,1,0,5
U00312,M,59,Bilbao,1,0,1,1,1,0,1,1,0,1,1,4
U00313,F,54,Bilbao,1,1,1,1,1,0,0,0,0,0,0,3
U00314,F,57,Portugalete,1,1,1,1,0,0,0,0,0,0,0,3
U00315,F,61,Leioa,1,0,1,0,0,0,1,1,1,1,1,5
U00316,F,50,Salvatierra,1,1,1,0,1,1,0,0,0,0,0,3
U00317,F,47,Llodio,1,0,1,1,1,0,1,0,0,0,1,3
U00318,M,63,Bilbao,1,1,1,1,1,0,0,0,0,0,0,4
U00319,M,54,Azpeitia,1,0,1,1,0,0,0,0,0,0,0,3
U00320,F,45,Llodio,0,0,0,0,1,0,1,1,1,1,1,3
U00321,M,44,Beasain,1,0,0,0,1,0,1,1,1,1,0,3
U00322,F,65,Donostia-San Sebastián,1,1,1,1,0,1,0,0,0,0,0,2
U00323,F,48,Bilbao,1,1,0,1,0,1,1,0,1,1,1,4
U00324,M,47,Donostia-San Sebastián,1,0,0,1,1,1,1,1,1,1,1,4
U00325,F,67,Bilbao,1,0,1,0,1,0,1,1,1,1,1,3
U00326,F,56,Llodio,1,1,1,1,1,0,0,0,0,0,0,3
U00327,F,63,Getxo,1,1,1,0,1,1,1,0,0,0,1,4
U00328,F,61,Getxo,1,0,0,0,0,1,1,1,1,1,1,4
U00329,M,65,Vitoria-Gasteiz,1,1,1,0,1,0,0,0,0,0,0,3
U00330,M,61,Irun,0,0,0,0,1,0,0,0,0,0,0,3
U00331,F,64,Bilbao,1,0,1,1,1,1,0,0,0,0,0,4
U00332,F,53,Getxo,1,0,1,1,0,0,0,0,0,0,0,3
U00333,F,52,Hernani,1,0,1,1,0,1,0,0,0,0,0,4
U00334,F,51,Bilbao,1,0,1,0,0,1,1,1,0,1,1,4
U00335,M,62,Bilbao,1,1,1,1,0,1,1,1,0,1,1,5
U00336,F,52,Donostia-San Sebastián,0,0,0,0,1,0,1,1,1,0,0,3
U00337,M,53,Portugalete,1,1,1,1,0,0,1,0,0,0,1,3
U00338,F,40,Irun,1,1,1,1,1,1,1,0,0,1,1,4
U00339,M,63,Azpeitia,1,0,1,0,0,1,1,0,1,1,1,4
U00340,F,57,Santurtzi,1,1,1,0,1,1,0,0,0,0,0,3
U00341,F,62,Getxo,1,1,1,0,0,1,0,0,0,0,0,3
U00342,F,63,Vitoria-Gasteiz,1,1,0,1,0,1,1,1,0,1,1,3
U00343,M,52,Vitoria-Gasteiz,1,1,0,0,0,1,1,1,0,0,1,3
U00344,F,64,Durango,1,1,1,0,1,1,1,1,0,1,0,3
U00345,F,57,Basauri,1,0,0,0,1,1,1,1,1,1,0,4
U00346,F,53,Getxo,1,1,1,1,1,1,1,1,0,1,0,4
U00347,F,56,Durango,1,0,1,1,0,0,0,0,0,0,0,3
U00348,M,53,Santurtzi,1,1,0,1,1,1,1,1,0,1,0,4
U00349,M,60,Donostia-San Sebastián,0,0,0,0,1,1,1,1,1,0,1,4
U00350,F,65,Bilbao,1,1,1,1,1,1,1,0,0,0,1,4
U00351,F,47,Barakaldo,1,1,1,1,1,0,0,0,0,0,0,3
U00352,F,60,Donostia-San Sebastián,1,0,1,0,0,0,1,1,1,0,1,3
U00353,F,58,Bermeo,1,1,0,0,1,0,1,1,1,1,0,4
U00354,M,62,Bilbao,1,1,1,1,1,0,1,1,1,1,0,4
U00355,F,45,Durango,1,0,1,1,0,1,1,1,1,1,1,4
U00356,M,64,Santurtzi,1,0,0,0,1,0,1,1,1,1,1,3
U00357,F,48,Donostia-San Sebastián,1,0,1,1,0,0,1,0,1,1,0,4
U00358,F,56,Llodio,1,1,0,1,1,0,0,0,0,0,0,3
U00359,M,65,Azpeitia,0,0,0,0,0,1,1,1,1,1,1,3
U00360,M,57,Tolosa,1,1,1,1,1,1,1,1,1,1,0,5
U00361,M,60,Errenteria,0,0,0,0,0,1,1,1,0,1,1,3
U00362,M,47,Donostia-San Sebastián,1,0,1,0,0,1,0,0,0,0,0,3
U00363,M,51,Bilbao,1,1,1,0,0,1,1,1,0,1,1,4
U00364,F,62,Donostia-San Sebastián,0,0,0,0,0,1,1,1,1,0,1,3
U00365,F,53,Donostia-San Sebastián,1,1,1,0,0,1,1,1,1,1,1,5
U00366,F,46,Donostia-San Sebastián,1,1,1,1,1,1,1,0,1,1,1,4
U00367,F,61,Tolosa,1,0,1,1,0,1,1,0,1,0,1,4
U00368,M,49,Amurrio,1,1,1,1,1,1,1,1,0,1,1,5
U00369,M,49,Bilbao,1,1,1,1,0,0,1,0,0,0,1,4
U00370,M,45,Portugalete,1,1,0,1,0,0,1,1,1,1,1,4
U00371,F,46,Donostia-San Sebastián,1,1,1,1,0,0,1,0,0,0,1,3
U00372,M,65,Bermeo,1,1,1,1,1,1,1,1,1,1,0,4
U00373,M,26,Bilbao,1,1,1,1,1,0,1,0,1,1,1,5
U00374,M,53,Azpeitia,1,1,1,1,0,0,0,0,0,0,0,3
U00375,M,27,Donostia-San Sebastián,0,0,0,0,0,0,0,0,0,0,0,3
U00376,F,48,Barakaldo,1,0,0,0,1,1,0,0,0,0,0,3
U00377,F,63,Getxo,1,1,1,1,1,1,1,0,0,0,0,4
U00378,F,52,Tolosa,1,0,1,0,0,1,1,1,1,1,1,4
U00379,F,49,Bermeo,1,0,1,0,1,0,1,1,1,1,1,4
U00380,F,45,Bilbao,1,1,1,1,0,1,0,0,0,0,0,3
U00381,F,46,Llodio,1,0,1,0,1,1,1,1,0,1,1,4
U00382,F,48,Hernani,0,0,0,0,1,1,1,0,1,1,1,4
U00383,M,55,Vitoria-Gasteiz,0,0,0,0,0,0,1,0,1,1,0,3
U00384,F,49,Errenteria,1,1,1,0,1,0,0,0,0,0,0,3
U00385,F,57,Donostia-San Sebastián,1,1,0,1,1,0,1,0,1,0,1,4
U00386,F,65,Azpeitia,1,1,1,1,1,0,1,1,1,1,1,5
U00387,F,59,Bilbao,1,0,0,1,1,1,1,0,0,1,1,4
U00388,M,52,Vitoria-Gasteiz,1,1,1,1,0,0,0,0,0,0,0,3
U00389,M,51,Errenteria,1,1,1,1,1,0,1,1,1,1,0,4
U00390,M,60,Eibar,1,1,1,1,0,1,1,0,1,0,1,3
U00391,F,52,Donostia-San Sebastián,0,0,0,0,1,1,1,0,0,1,0,3
U00392,M,64,Vitoria-Gasteiz,1,1,1,1,1,1,0,0,0,0,0,4
U00393,F,62,Bilbao,1,1,1,0,0,0,1,1,1,1,1,4
U00394,M,54,Bilbao,1,1,1,1,1,0,1,1,1,0,1,4
U00395,F,68,Vitoria-Gasteiz,1,1,1,0,1,0,0,0,0,0,0,3
U00396,M,61,Vitoria-Gasteiz,1,1,1,0,0,1,0,0,0,0,0,3
U00397,M,61,Donostia-San Sebastián,1,1,1,1,1,0,0,0,0,0,0,4
U00398,F,59,Bilbao,1,1,1,1,1,0,1,1,1,1,1,3
U00399,F,70,Bilbao,1,1,0,1,1,1,1,1,0,0,1,3
U00400,F,65,Barakaldo,0,0,0,0,1,0,1,1,1,1,1,4
U00401,F,54,Durango,0,0,0,0,1,1,1,0,1,0,0,3
U00402,F,25,Vitoria-Gasteiz,1,0,0,1,1,0,1,0,1,1,0,4
U00403,M,52,Vitoria-Gasteiz,1,1,0,1,1,1,1,0,1,1,1,4
U00404,F,50,Basauri,1,1,1,1,1,1,0,0,0,0,0,3
U00405,M,57,Donostia-San Sebastián,0,0,0,0,1,1,0,0,0,0,0,3
U00406,F,47,Vitoria-Gasteiz,1,1,0,1,1,0,1,1,1,1,1,4
U00407,M,64,Irun,1,1,1,1,1,1,1,0,1,1,1,4
U00408,F,65,Santurtzi,1,1,0,1,0,1,1,1,1,1,0,4
U00409,M,50,Salvatierra,1,1,1,1,1,0,0,0,0,0,0,3
U00410,M,72,Hernani,1,1,1,0,0,1,1,0,1,1,1,4
U00411,F,47,Bilbao,1,0,1,1,0,0,1,0,1,0,1,4
U00412,M,53,Durango,1,0,0,0,1,1,1,1,1,0,0,4
U00413,F,61,Barakaldo,1,0,1,1,0,1,1,0,0,1,1,3
U00414,F,57,Amurrio,1,1,0,0,1,1,1,0,0,1,1,3
U00415,M,63,Getxo,1,1,1,1,0,1,0,0,0,0,0,3
U00416,F,52,Barakaldo,1,1,1,0,1,1,1,0,0,1,1,4
U00417,M,59,Donostia-San Sebastián,1,1,1,0,0,1,1,0,0,1,1,4
U00418,M,45,Bilbao,1,1,0,0,1,0,0,0,0,0,0,3
U00419,F,53,Leioa,1,1,1,1,1,0,1,1,1,1,1,4
U00420,F,51,Barakaldo,1,1,1,1,1,0,1,0,0,0,1,4
U00421,F,46,Zarautz,1,0,1,1,1,0,0,0,0,0,0,3
U00422,F,67,Barakaldo,1,1,1,1,1,1,1,0,1,0,1,5
U00423,F,50,Donostia-San Sebastián,1,1,0,0,0,1,1,1,1,1,1,4
U00424,F,56,Beasain,1,0,0,0,0,1,0,0,0,0,0,2
U00425,F,64,Errenteria,1,1,0,1,1,0,1,1,1,1,1,4
U00426,F,56,Donostia-San Sebastián,1,1,1,1,0,1,1,1,0,1,1,5
U00427,M,59,Bermeo,0,0,0,0,1,0,0,0,0,0,0,3
U00428,M,46,Tolosa,1,1,1,1,1,1,1,0,1,0,0,4
U00429,F,62,Tolosa,1,0,1,1,0,1,0,0,0,0,0,3
U00430,F,55,Donostia-San Sebastián,0,0,0,0,0,0,1,0,1,1,1,4
U00431,M,31,Bilbao,1,1,1,1,1,1,0,0,0,0,0,3
U00432,M,55,Bilbao,1,1,0,0,1,1,1,1,1,1,1,4
U00433,F,52,Irun,1,1,1,1,0,1,1,1,0,1,1,4
U00434,F,70,Bilbao,1,1,0,0,1,1,0,0,0,0,0,4
U00435,F,48,Zarautz,1,1,1,1,0,1,1,1,1,1,1,4
U00436,M,47,Irun,1,1,0,1,1,1,1,1,0,0,1,3
U00437,F,54,Getxo,1,1,1,1,1,1,1,1,0,1,1,4
U00438,F,45,Barakaldo,1,1,1,1,0,1,1,1,0,1,0,4
U00439,M,52,Hernani,1,1,1,0,1,1,1,0,1,0,0,3
U00440,M,49,Leioa,1,1,1,1,1,1,1,1,0,1,0,4
U00441,F,59,Hernani,1,1,1,1,0,0,1,1,0,1,1,5
U00442,M,61,Bilbao,1,1,1,1,0,1,1,0,0,0,1,4
U00443,M,72,Irun,1,0,1,1,0,1,1,0,1,0,1,4
U00444,F,60,Portugalete,1,1,1,1,1,0,1,1,0,1,1,4
U00445,F,58,Bilbao,1,1,1,1,0,0,1,1,1,1,0,4
U00446,F,61,Bilbao,0,0,0,0,1,1,1,1,1,0,0,4
U00447,F,47,Irun,1,1,1,1,1,1,0,0,0,0,0,3
U00448,M,61,Donostia-San Sebastián,1,1,1,0,1,1,1,1,1,1,1,4
U00449,F,51,Amurrio,1,1,1,0,0,0,0,0,0,0,0,3
U00450,M,72,Salvatierra,0,0,0,0,1,0,0,0,0,0,0,3
U00451,F,60,Bilbao,0,0,0,0,0,0,1,1,1,1,1,4
U00452,F,64,Bilbao,0,0,0,0,1,1,1,1,1,1,1,4
U00453,M,54,Irun,1,0,1,1,1,1,1,0,1,1,1,4
U00454,F,51,Portugalete,1,0,1,0,1,1,1,0,1,0,1,4
U00455,M,56,Durango,1,1,1,1,1,0,0,0,0,0,0,3
U00456,M,57,Errenteria,1,1,1,1,1,1,0,0,0,0,0,4
U00457,F,48,Getxo,1,0,0,0,0,0,1,0,1,1,1,3
U00458,F,56,Getxo,1,1,0,1,0,0,0,0,0,0,0,3
U00459,M,54,Santurtzi,1,1,1,1,1,1,1,1,1,1,1,4
U00460,M,58,Llodio,0,0,0,0,1,1,1,1,1,1,1,4
U00461,F,51,Zarautz,1,1,1,1,1,1,0,0,0,0,0,2
U00462,F,55,Vitoria-Gasteiz,1,1,0,1,1,0,0,0,0,0,0,3
U00463,F,47,Basauri,1,1,1,1,0,0,1,1,1,0,1,4
U00464,F,48,Basauri,1,1,1,0,1,1,1,1,1,1,1,4
U00465,M,37,Hernani,1,1,0,1,1,1,1,0,0,1,1,3
U00466,M,49,Irun,0,0,0,0,0,0,0,0,0,0,0,3
U00467,M,58,Beasain,0,0,0,0,0,0,1,0,0,1,0,3
U00468,F,45,Basauri,1,1,1,1,1,0,0,0,0,0,0,3
U00469,F,55,Santurtzi,1,0,1,1,1,0,1,1,0,1,1,4
U00470,M,47,Basauri,1,1,1,1,1,1,0,0,0,0,0,3
U00471,M,25,Bilbao,1,1,0,0,0,0,0,0,0,0,0,3
U00472,M,57,Barakaldo,1,1,1,1,1,0,1,0,1,1,1,5
U00473,F,65,Bilbao,1,0,1,0,1,1,1,1,0,1,0,4
U00474,F,64,Amurrio,1,1,1,1,0,0,0,0,0,0,0,3
U00475,M,67,Zarautz,1,1,1,1,0,1,0,0,0,0,0,4
U00476,F,48,Llodio,0,0,0,0,1,1,1,0,0,1,1,3
U00477,M,48,Vitoria-Gasteiz,0,0,0,0,0,1,1,1,1,1,1,4
U00478,M,54,Errenteria,0,0,0,0,0,1,1,1,0,1,0,3
U00479,M,60,Vitoria-Gasteiz,0,0,0,0,0,1,1,1,0,1,1,4
U00480,M,48,Bilbao,1,1,1,1,1,0,0,0,0,0,0,4
U00481,F,69,Barakaldo,1,1,1,0,0,0,1,0,1,1,0,4
U00482,F,62,Eibar,1,1,1,1,0,1,0,0,0,0,0,3
U00483,M,55,Errenteria,0,0,0,0,1,0,1,1,0,0,1,3
U00484,F,45,Zarautz,1,1,0,0,0,1,1,1,0,0,1,4
U00485,M,53,Getxo,1,0,1,1,1,0,1,0,0,1,1,4
U00486,M,65,Zarautz,1,1,0,1,0,1,1,0,1,0,1,3
U00487,F,60,Donostia-San Sebastián,1,1,1,0,1,1,1,0,0,1,1,3
U00488,M,53,Portugalete,1,0,1,1,0,0,0,0,0,0,0,3
U00489,M,63,Getxo,1,1,1,0,1,1,1,1,0,1,1,4
U00490,M,57,Bilbao,1,1,1,1,1,0,0,0,0,0,0,4
U00491,M,59,Leioa,1,1,1,1,0,1,1,1,0,1,1,4
U00492,M,64,Bilbao,1,1,1,1,0,0,0,0,0,0,0,3
U00493,F,49,Vitoria-Gasteiz,1,1,1,1,1,0,1,1,0,1,1,4
U00494,M,48,Portugalete,1,1,1,0,1,1,1,1,1,1,1,5
U00495,F,53,Mungia,1,1,1,0,1,1,1,0,1,1,1,3
U00496,F,62,Bilbao,1,1,1,1,0,0,1,1,1,1,0,4
U00497,M,65,Portugalete,1,1,1,0,1,0,1,0,1,1,1,5
U00498,F,54,Basauri,0,0,0,0,0,1,1,1,1,1,1,3
U00499,M,50,Bilbao,1,0,1,1,1,0,0,0,0,0,0,3
U00500,M,33,Donostia-San Sebastián,0,0,0,0,1,0,1,0,1,1,0,4
U00501,M,64,Errenteria,1,0,1,1,1,0,0,0,0,0,0,3
U00502,F,46,Basauri,1,1,1,0,1,1,1,1,1,1,0,4
U00503,M,56,Getxo,1,1,0,0,0,1,1,1,1,1,0,4
U00504,M,25,Basauri,1,0,0,1,1,1,0,0,0,0,0,3
U00505,M,48,Leioa,1,1,0,0,1,1,0,0,0,0,0,3
U00506,F,63,Tolosa,1,1,0,1,0,0,0,0,0,0,0,3
U00507,M,53,Errenteria,1,1,1,1,0,0,1,1,0,0,1,4
U00508,F,55,Eibar,1,1,1,0,1,1,1,1,1,1,1,5
U00509,F,52,Durango,1,0,1,0,0,0,1,0,1,0,1,3
U00510,F,64,Santurtzi,1,0,1,0,0,0,0,0,0,0,0,2
U00511,M,59,Irun,1,0,1,0,1,1,1,0,1,0,1,4
U00512,F,52,Leioa,1,1,1,1,1,1,1,1,0,0,1,4
U00513,F,53,Barakaldo,1,1,1,1,1,1,1,0,1,0,1,3
U00514,F,48,Errenteria,1,0,1,1,1,0,1,0,0,1,1,4
U00515,F,49,Vitoria-Gasteiz,0,0,0,0,1,1,1,1,1,1,1,4
U00516,M,74,Errenteria,1,1,1,1,1,0,0,0,0,0,0,4
U00517,F,63,Barakaldo,1,1,1,1,1,1,1,0,0,0,1,4
U00518,F,57,Errenteria,1,1,0,1,0,1,1,1,1,0,1,4
U00519,M,69,Bilbao,1,1,1,0,1,1,1,0,1,0,0,3
U00520,M,30,Leioa,1,0,1,0,0,0,1,1,0,1,1,4
U00521,M,57,Errenteria,1,1,1,1,1,0,0,0,0,0,0,3
U00522,F,55,Leioa,1,1,1,0,1,0,1,1,1,1,0,4
U00523,F,52,Basauri,1,1,1,0,1,1,1,1,1,1,1,4
U00524,F,49,Bilbao,1,0,1,1,1,0,1,1,0,1,1,4
U00525,F,51,Hernani,1,1,1,1,1,1,1,1,1,1,0,5
U00526,F,50,Donostia-San Sebastián,0,0,0,0,0,1,1,0,1,0,0,3
U00527,F,47,Bilbao,1,1,1,1,0,1,1,1,0,0,1,5
U00528,M,50,Amurrio,1,1,1,0,0,0,0,0,0,0,0,3
U00529,F,46,Donostia-San Sebastián,1,1,1,1,0,1,1,0,1,1,1,4
U00530,M,64,Bilbao,1,1,1,1,0,0,0,0,0,0,0,3
U00531,M,64,Donostia-San Sebastián,1,1,1,1,0,0,0,0,0,0,0,3
U00532,F,54,Vitoria-Gasteiz,1,0,0,1,1,1,1,1,0,0,1,4
U00533,M,55,Irun,1,1,1,1,1,0,1,0,0,0,0,4
U00534,M,60,Bilbao,1,1,1,1,1,0,1,0,1,1,1,4
U00535,M,63,Portugalete,1,1,1,0,1,1,1,1,1,1,1,4
U00536,F,65,Vitoria-Gasteiz,1,1,1,1,0,1,0,0,0,0,0,3
U00537,F,48,Azpeitia,1,1,0,1,1,1,1,0,1,1,1,4
U00538,F,59,Donostia-San Sebastián,0,0,0,0,1,1,1,0,1,0,1,3
U00539,F,56,Donostia-San Sebastián,0,0,0,0,1,1,1,0,0,0,1,4
U00540,F,60,Donostia-San Sebastián,1,1,1,1,1,1,1,1,1,1,0,4
U00541,M,54,Durango,1,1,1,1,1,0,0,0,0,0,0,3
U00542,M,63,Bilbao,1,1,1,0,1,0,1,0,1,0,1,4
U00543,F,56,Leioa,0,0,0,0,0,1,0,0,0,0,0,3
U00544,F,38,Bilbao,1,1,0,1,1,1,1,1,1,1,1,5
U00545,F,52,Bilbao,1,1,0,0,1,1,1,1,1,1,1,5
U00546,F,58,Errenteria,1,1,1,1,0,0,1,0,1,1,0,3
U00547,M,65,Leioa,1,1,0,0,0,0,1,1,1,1,1,4
U00548,F,60,Amurrio,1,1,1,0,1,0,1,0,1,0,0,3
U00549,M,54,Tolosa,1,0,1,1,0,1,1,0,1,1,1,4
U00550,M,51,Donostia-San Sebastián,1,0,1,1,0,1,1,0,1,1,1,4
U00551,M,57,Donostia-San Sebastián,1,1,1,1,0,0,1,1,0,1,1,4
U00552,F,47,Hernani,1,1,1,1,1,0,1,0,1,0,1,4
U00553,M,66,Bilbao,1,1,1,1,0,1,1,1,0,1,1,4
U00554,M,50,Bilbao,1,1,1,0,0,1,0,0,0,0,0,3
U00555,F,54,Basauri,1,1,0,1,1,1,0,0,0,0,0,3
U00556,F,56,Vitoria-Gasteiz,1,1,0,1,0,0,0,0,0,0,0,2
U00557,F,71,Bilbao,1,1,0,1,0,0,1,1,1,0,0,3
U00558,M,57,Vitoria-Gasteiz,1,1,1,0,0,1,1,1,1,1,1,4
U00559,M,52,Basauri,1,1,0,0,0,1,1,0,1,1,1,3
U00560,F,34,Basauri,1,1,0,0,1,0,0,0,0,0,0,3
U00561,M,63,Hernani,1,1,1,0,1,1,0,0,0,0,0,4
U00562,M,55,Azpeitia,1,1,1,0,1,1,1,1,1,1,0,4
U00563,M,40,Basauri,1,1,1,1,1,0,1,0,0,1,1,4
U00564,F,62,Eibar,1,1,1,0,1,1,1,0,1,1,1,4
U00565,M,57,Leioa,1,0,1,1,1,0,0,0,0,0,0,3
U00566,F,50,Tolosa,1,1,1,1,0,0,1,1,1,1,1,4
U00567,F,56,Bilbao,1,1,0,0,1,0,1,1,1,1,1,4
U00568,F,53,Portugalete,1,1,0,1,0,0,0,0,0,0,0,2
U00569,M,46,Getxo,1,1,0,0,1,0,0,0,0,0,0,3
U00570,F,46,Bilbao,1,0,1,0,0,0,1,1,1,1,1,4
U00571,M,56,Eibar,1,0,1,1,0,0,0,0,0,0,0,3
U00572,F,58,Zarautz,1,0,0,1,1,0,1,1,1,1,0,3
U00573,F,47,Bilbao,1,1,0,1,0,1,0,0,0,0,0,3
U00574,F,60,Barakaldo,1,0,1,1,1,1,1,0,1,1,0,4
U00575,M,65,Durango,1,0,0,1,0,1,0,0,0,0,0,3
U00576,F,52,Bilbao,1,1,1,1,1,1,1,1,1,1,1,4
U00577,M,54,Donostia-San Sebastián,1,0,0,1,1,0,1,1,1,1,1,4
U00578,M,56,Zarautz,0,0,0,0,0,1,1,1,0,1,1,4
U00579,M,55,Bilbao,1,0,1,1,1,0,0,0,0,0,0,3
U00580,F,60,Getxo,1,0,1,1,0,0,0,0,0,0,0,3
U00581,F,57,Llodio,1,1,1,1,0,0,0,0,0,0,0,3
U00582,F,63,Bermeo,0,0,0,0,0,1,1,1,0,1,0,3
U00583,M,65,Bilbao,1,1,1,0,1,1,1,1,0,1,1,5
U00584,M,54,Leioa,1,0,1,1,1,0,1,0,0,0,0,4
U00585,F,64,Irun,1,1,1,0,1,0,1,1,0,1,1,4
U00586,F,53,Bilbao,1,1,1,1,1,0,1,1,0,1,1,4
U00587,M,65,Bilbao,1,0,1,0,0,1,1,1,1,1,1,4
U00588,M,31,Eibar,1,1,1,1,1,1,0,0,0,0,0,4
U00589,F,55,Zarautz,1,0,0,1,0,1,1,0,1,0,1,4
U00590,F,48,Durango,1,0,0,1,0,0,1,0,1,0,0,3
U00591,F,52,Vitoria-Gasteiz,1,1,0,1,1,0,0,0,0,0,0,3
U00592,F,48,Donostia-San Sebastián,1,1,1,0,1,0,1,1,0,1,0,3
U00593,M,34,Azpeitia,0,0,0,0,1,1,1,0,1,1,1,3
U00594,F,31,Vitoria-Gasteiz,1,1,0,0,1,1,1,1,1,1,1,3
U00595,F,56,Mungia,1,1,1,1,0,1,1,0,0,1,1,4
U00596,F,61,Zarautz,1,0,1,1,1,1,1,1,1,1,1,4
U00597,F,60,Basauri,0,0,0,0,1,0,1,1,1,1,0,4
U00598,F,47,Bermeo,1,1,1,1,1,1,1,1,1,1,1,5
U00599,F,53,Vitoria-Gasteiz,1,1,0,1,0,1,1,1,1,1,0,4
U00600,F,65,Bilbao,1,1,0,1,0,1,1,0,1,0,0,3
U00601,M,52,Errenteria,0,0,0,0,1,1,0,0,0,0,0,3
U00602,M,51,Bilbao,1,0,0,1,0,1,1,0,1,1,1,4
U00603,F,61,Eibar,1,1,0,1,1,1,1,1,1,1,1,5
U00604,M,61,Vitoria-Gasteiz,1,1,1,1,0,0,1,0,1,1,1,4
U00605,F,52,Bilbao,1,1,0,1,1,1,1,0,1,0,1,3
U00606,F,28,Barakaldo,1,1,0,1,1,1,1,1,1,0,1,5
U00607,M,62,Hernani,1,0,1,0,0,1,1,1,1,1,0,3
U00608,F,53,Donostia-San Sebastián,1,1,0,0,0,1,1,1,1,1,1,4
U00609,M,54,Llodio,1,1,1,1,0,0,1,0,0,1,0,4
U00610,M,51,Donostia-San Sebastián,0,0,0,0,0,1,0,0,0,0,0,2
U00611,M,51,Beasain,1,1,1,0,0,1,1,1,1,1,0,5
U00612,F,49,Santurtzi,1,1,1,1,1,1,0,0,0,0,0,3
U00613,M,62,Irun,1,1,1,1,1,1,1,0,0,1,1,5
U00614,F,57,Getxo,1,1,0,1,1,0,1,1,0,1,1,3
U00615,F,46,Santurtzi,1,1,1,0,1,1,1,1,1,1,0,4
U00616,F,41,Donostia-San Sebastián,1,1,1,1,1,1,1,1,0,1,1,5
U00617,M,63,Bilbao,1,1,1,1,1,0,1,1,0,0,0,4
U00618,F,68,Donostia-San Sebastián,1,1,1,1,1,1,1,1,1,1,1,5
U00619,M,65,Barakaldo,1,0,1,1,1,1,1,1,1,1,0,4
U00620,M,49,Vitoria-Gasteiz,1,1,1,1,0,0,1,1,0,0,1,4
U00621,M,57,Barakaldo,1,1,1,0,0,1,0,0,0,0,0,3
U00622,F,48,Vitoria-Gasteiz,1,1,0,0,1,1,1,0,1,1,0,3
U00623,F,45,Bilbao,1,1,0,1,1,0,0,0,0,0,0,3
U00624,M,48,Beasain,0,0,0,0,0,1,1,1,1,1,1,3
U00625,F,49,Portugalete,1,1,1,0,1,1,1,0,1,1,1,4
U00626,M,55,Beasain,1,0,0,1,1,0,0,0,0,0,0,3
U00627,M,52,Getxo,1,1,1,1,1,1,1,1,1,0,1,4
U00628,M,54,Vitoria-Gasteiz,1,0,0,1,1,0,0,0,0,0,0,2
U00629,M,61,Santurtzi,1,1,1,1,1,1,0,0,0,0,0,4
U00630,F,64,Llodio,1,1,1,1,0,1,1,1,0,0,1,4
U00631,F,63,Bilbao,0,0,0,0,1,1,0,0,0,0,0,2
U00632,M,65,Llodio,0,0,0,0,1,0,1,1,1,1,1,3
U00633,F,63,Donostia-San Sebastián,1,1,1,0,1,0,1,1,0,1,1,4
U00634,M,46,Donostia-San Sebastián,1,1,1,1,0,0,1,0,1,1,1,4
U00635,F,63,Bilbao,1,1,1,1,1,0,0,0,0,0,0,4
U00636,M,65,Getxo,1,1,1,0,1,1,1,1,1,1,1,5
U00637,F,48,Hernani,1,1,0,1,1,1,0,0,0,0,0,3
U00638,M,54,Donostia-San Sebastián,1,1,0,0,1,1,1,0,0,1,1,3
U00639,F,58,Bilbao,1,0,1,1,1,0,0,0,0,0,0,3
U00640,F,55,Bilbao,1,0,1,0,1,1,1,1,1,1,1,5
U00641,M,46,Irun,1,1,1,1,1,0,1,1,0,0,0,4
U00642,M,47,Bilbao,1,0,1,1,1,1,0,0,0,0,0,3
U00643,M,56,Barakaldo,1,1,1,1,0,1,0,0,0,0,0,3
U00644,M,48,Santurtzi,1,1,1,1,1,0,1,0,1,0,0,4
U00645,F,58,Llodio,1,1,1,0,0,1,0,0,0,0,0,3
U00646,F,64,Barakaldo,1,1,0,1,1,1,1,1,0,1,1,4
U00647,M,55,Basauri,0,0,0,0,1,1,1,0,0,1,1,3
U00648,M,47,Basauri,1,1,0,0,1,1,1,1,0,1,0,4
U00649,F,33,Donostia-San Sebastián,1,1,1,1,0,0,0,0,0,0,0,3
U00650,M,51,Santurtzi,1,0,0,1,1,1,0,0,0,0,0,3
U00651,M,48,Bilbao,1,1,1,0,0,1,1,1,1,1,1,4
U00652,F,51,Amurrio,1,1,1,1,1,0,1,0,1,0,0,5
U00653,M,36,Bilbao,0,0,0,0,0,1,1,1,1,1,1,5
U00654,F,54,Donostia-San Sebastián,1,1,1,1,1,0,1,1,1,1,0,4
U00655,F,55,Bilbao,1,1,0,0,1,0,1,0,0,1,0,3
U00656,M,64,Vitoria-Gasteiz,1,1,0,1,1,1,1,1,0,1,1,4
U00657,F,46,Donostia-San Sebastián,1,1,1,1,1,0,1,0,1,0,0,3
U00658,F,47,Getxo,1,0,1,1,1,1,1,1,1,1,1,4
U00659,F,65,Getxo,0,0,0,0,1,1,1,1,1,1,1,4
U00660,F,65,Donostia-San Sebastián,1,1,1,1,0,1,0,0,0,0,0,4
U00661,M,53,Errenteria,1,1,1,1,0,0,0,0,0,0,0,3
U00662,M,54,Bilbao,1,1,1,1,1,1,0,0,0,0,0,3
U00663,M,53,Santurtzi,1,1,1,1,1,1,1,1,1,0,0,4
U00664,M,58,Leioa,1,0,0,1,1,1,0,0,0,0,0,4
U00665,M,60,Errenteria,1,1,1,1,1,1,1,0,1,1,0,4
U00666,F,48,Vitoria-Gasteiz,1,1,1,1,0,1,1,1,0,1,1,4
U00667,M,61,Bilbao,1,1,0,1,1,0,1,1,0,1,1,3
U00668,M,49,Vitoria-Gasteiz,1,1,1,1,1,1,0,0,0,0,0,3
U00669,M,67,Mungia,1,0,0,0,0,0,1,1,1,1,1,3
U00670,F,61,Santurtzi,1,1,1,0,1,0,1,1,1,0,1,4
U00671,M,65,Barakaldo,1,1,1,0,0,0,0,0,0,0,0,3
U00672,F,61,Santurtzi,1,1,1,1,1,1,1,0,0,0,1,4
U00673,F,46,Donostia-San Sebastián,1,0,1,1,1,1,0,0,0,0,0,4
U00674,F,56,Vitoria-Gasteiz,1,0,1,0,0,1,0,0,0,0,0,3
U00675,F,74,Eibar,1,1,1,0,1,1,1,1,0,0,1,3
U00676,M,62,Santurtzi,1,0,0,0,1,0,1,1,1,1,1,4
U00677,M,71,Llodio,1,1,0,1,0,0,1,0,0,0,1,3
U00678,F,35,Barakaldo,0,0,0,0,1,0,1,1,0,0,1,4
U00679,F,45,Bilbao,1,0,0,1,1,1,1,1,1,1,0,4
U00680,M,54,Getxo,1,1,1,1,0,1,0,0,0,0,0,4
U00681,F,52,Hernani,1,1,0,1,1,1,1,0,1,0,1,3
U00682,M,61,Basauri,0,0,0,0,0,1,1,1,1,1,1,4
U00683,M,49,Azpeitia,1,1,0,1,1,1,1,1,1,1,0,4
U00684,F,47,Hernani,0,0,0,0,0,0,0,0,0,0,0,2
U00685,M,49,Amurrio,1,1,1,1,0,1,0,0,0,0,0,3
U00686,M,54,Barakaldo,1,0,0,1,1,0,0,0,0,0,0,3
U00687,F,52,Basauri,1,1,1,1,0,1,1,0,1,0,1,4
U00688,M,56,Bilbao,1,1,1,1,1,0,1,0,0,1,1,4
U00689,F,55,Vitoria-Gasteiz,0,0,0,0,1,0,1,0,1,1,0,3
U00690,F,62,Bilbao,1,1,0,1,0,1,0,0,0,0,0,3
U00691,F,63,Getxo,1,1,1,0,0,0,1,0,1,1,0,3
U00692,F,61,Santurtzi,1,1,0,1,0,1,0,0,0,0,0,3
U00693,M,56,Barakaldo,1,0,1,0,0,1,0,0,0,0,0,3
U00694,F,60,Barakaldo,1,0,1,0,1,0,0,0,0,0,0,3
U00695,F,54,Bilbao,1,1,1,0,1,0,0,0,0,0,0,3
U00696,F,57,Donostia-San Sebastián,1,1,0,1,0,0,1,0,1,1,0,4
U00697,F,40,Hernani,1,1,0,0,1,1,1,1,1,1,1,4
U00698,M,63,Amurrio,0,0,0,0,1,0,1,0,1,1,1,3
U00699,M,64,Vitoria-Gasteiz,1,1,1,1,1,0,1,1,1,1,1,4
U00700,M,61,Vitoria-Gasteiz,1,1,1,0,1,0,1,1,1,1,0,4
U00701,F,59,Bilbao,1,0,1,1,0,1,1,0,1,1,1,4
U00702,F,56,Bilbao,1,1,1,1,0,1,0,0,0,0,0,3
U00703,M,58,Irun,1,0,1,1,1,0,0,0,0,0,0,4
U00704,F,50,Donostia-San Sebastián,1,1,1,1,1,0,1,0,1,0,1,4
U00705,F,45,Llodio,0,0,0,0,0,0,1,0,1,1,1,3
U00706,M,55,Basauri,1,1,0,0,0,0,1,1,1,1,0,4
U00707,M,46,Vitoria-Gasteiz,1,1,1,1,1,0,1,0,0,0,1,4
U00708,M,50,Errenteria,1,1,1,1,0,0,1,0,1,0,0,4
U00709,F,52,Bilbao,1,1,0,1,0,0,0,0,0,0,0,3
U00710,F,65,Llodio,1,1,1,1,1,1,1,1,1,0,1,4
U00711,M,55,Irun,1,1,1,1,1,1,1,1,1,1,1,5
U00712,M,60,Donostia-San Sebastián,0,0,0,0,1,1,1,0,1,1,1,4
U00713,F,48,Vitoria-Gasteiz,1,1,1,1,0,1,1,0,0,0,0,3
U00714,M,51,Portugalete,1,1,1,1,0,0,0,0,0,0,0,3
U00715,M,65,Bilbao,1,0,1,1,1,0,0,0,0,0,0,3
U00716,F,52,Portugalete,1,0,0,0,0,0,0,0,0,0,0,2
U00717,M,54,Donostia-San Sebastián,1,1,1,0,1,1,1,1,0,0,1,4
U00718,F,63,Bilbao,1,1,1,1,0,0,0,0,0,0,0,2
U00719,F,67,Bilbao,0,0,0,0,1,0,1,0,0,0,1,2
U00720,F,50,Getxo,1,1,1,1,1,1,1,1,0,1,1,4
U00721,M,57,Donostia-San Sebastián,1,1,0,1,1,1,0,0,0,0,0,3
U00722,F,46,Donostia-San Sebastián,1,1,1,1,1,1,0,0,0,0,0,4
U00723,M,59,Hernani,1,1,1,1,1,1,0,0,0,0,0,3
U00724,F,62,Tolosa,1,1,1,1,0,1,1,0,1,0,1,4
U00725,M,68,Portugalete,0,0,0,0,0,1,1,0,1,0,1,4
U00726,M,61,Beasain,1,1,1,0,1,1,1,1,1,0,0,4
U00727,M,47,Donostia-San Sebastián,1,1,1,0,0,0,1,0,0,0,1,3
U00728,F,63,Eibar,1,1,0,1,1,1,1,1,1,1,1,5
U00729,F,58,Mungia,1,1,1,0,0,0,1,0,0,0,1,3
U00730,F,46,Getxo,1,1,1,1,1,0,1,0,0,1,0,3
U00731,M,75,Basauri,1,0,1,1,1,1,1,1,1,1,1,4
U00732,M,56,Santurtzi,1,0,0,1,1,0,1,1,1,0,1,4
U00733,F,64,Eibar,1,1,0,1,0,1,1,1,0,1,1,3
U00734,F,62,Vitoria-Gasteiz,0,0,0,0,1,1,1,0,0,1,1,3
U00735,M,55,Vitoria-Gasteiz,1,1,0,0,1,1,1,1,1,1,1,4
U00736,F,64,Irun,1,1,0,1,0,1,0,0,0,0,0,3
U00737,M,34,Vitoria-Gasteiz,1,1,0,0,1,0,1,0,1,0,1,4
U00738,M,71,Basauri,0,0,0,0,1,1,0,0,0,0,0,3
U00739,M,64,Vitoria-Gasteiz,0,0,0,0,1,1,1,1,1,0,0,4
U00740,F,53,Irun,1,1,1,0,0,1,1,1,1,1,0,4
U00741,F,46,Vitoria-Gasteiz,1,1,1,0,0,0,1,1,1,1,1,3
U00742,F,49,Beasain,1,0,1,1,1,1,1,1,1,1,1,5
U00743,F,59,Bilbao,1,1,1,0,1,1,1,0,0,1,1,4
U00744,M,45,Tolosa,1,1,1,1,1,1,0,0,0,0,0,4
U00745,M,59,Zarautz,1,0,1,1,0,1,1,0,1,0,0,4
U00746,F,65,Portugalete,1,1,0,1,0,1,1,1,1,0,1,4
U00747,F,65,Bilbao,1,1,0,1,0,1,1,1,1,1,1,4
U00748,F,46,Donostia-San Sebastián,1,1,0,1,1,0,1,1,1,1,1,4
U00749,F,63,Bilbao,1,1,1,1,1,1,1,1,1,1,0,4
U00750,F,64,Hernani,1,1,0,1,1,1,1,0,0,1,1,3
U00751,F,60,Getxo,0,0,0,0,0,0,1,1,1,0,1,4
U00752,M,52,Irun,1,0,1,1,0,0,1,1,0,1,1,4
U00753,M,61,Getxo,1,1,1,0,0,0,1,1,0,1,1,4
U00754,M,29,Errenteria,0,0,0,0,0,0,1,1,1,0,0,3
U00755,M,47,Bilbao,1,1,0,1,1,1,1,1,1,1,1,4
U00756,M,48,Bilbao,1,1,1,1,0,0,0,0,0,0,0,3
U00757,M,55,Bilbao,1,1,1,1,0,1,1,0,0,0,0,4
U00758,F,46,Barakaldo,1,1,1,0,1,1,1,1,1,1,1,4
U00759,M,65,Vitoria-Gasteiz,1,1,1,1,0,0,0,0,0,0,0,3
U00760,M,65,Errenteria,1,1,1,0,1,1,1,0,0,0,0,3
U00761,F,50,Donostia-San Sebastián,1,1,1,1,0,1,1,1,0,1,1,4
U00762,M,57,Hernani,1,0,1,0,1,1,0,0,0,0,0,4
U00763,M,61,Santurtzi,1,0,1,0,1,0,0,0,0,0,0,3
U00764,F,46,Donostia-San Sebastián,0,0,0,0,0,0,1,0,1,1,0,4
U00765,M,49,Salvatierra,1,0,1,0,1,1,1,0,1,1,0,3
U00766,M,56,Donostia-San Sebastián,1,0,1,1,1,0,1,0,1,1,1,5
U00767,M,46,Getxo,1,1,1,1,0,0,0,0,0,0,0,3
U00768,F,61,Getxo,1,1,1,1,1,1,1,0,1,1,0,4
U00769,F,56,Donostia-San Sebastián,1,1,1,1,1,0,1,0,0,0,1,3
U00770,F,46,Barakaldo,1,0,1,1,0,0,1,1,1,0,1,4
U00771,F,55,Vitoria-Gasteiz,1,0,1,0,1,1,1,1,0,1,1,3
U00772,M,45,Santurtzi,1,0,0,1,0,0,0,0,0,0,0,3
U00773,M,48,Irun,1,1,0,1,0,1,0,0,0,0,0,3
U00774,M,61,Bilbao,1,0,1,1,1,1,1,0,0,1,1,4
U00775,M,54,Amurrio,1,1,1,1,1,1,0,0,0,0,0,3
U00776,M,54,Portugalete,1,1,1,1,1,1,1,1,0,1,0,4
U00777,F,65,Bilbao,1,1,0,0,1,1,1,1,0,1,1,5
U00778,M,54,Donostia-San Sebastián,1,0,0,0,0,0,1,1,1,1,1,4
U00779,M,65,Basauri,1,1,0,1,0,0,1,1,1,1,1,4
U00780,F,25,Errenteria,1,0,1,0,1,1,1,1,0,1,1,4
U00781,F,50,Donostia-San Sebastián,0,0,0,0,1,1,1,1,1,1,0,3
U00782,F,64,Vitoria-Gasteiz,0,0,0,0,1,1,1,1,0,0,0,3
U00783,M,63,Hernani,1,1,1,1,0,1,1,0,1,1,1,4
U00784,M,53,Vitoria-Gasteiz,1,0,0,0,0,1,1,1,0,1,0,4
U00785,F,63,Getxo,1,0,1,1,0,1,0,0,0,0,0,3
U00786,F,49,Bilbao,0,0,0,0,1,0,1,0,1,1,0,3
U00787,F,49,Tolosa,1,1,0,1,1,1,0,0,0,0,0,4
U00788,F,51,Eibar,1,1,1,0,1,0,1,1,1,1,1,4
U00789,F,56,Errenteria,1,1,1,0,1,0,1,0,0,1,1,4
U00790,F,53,Getxo,1,1,1,0,0,0,1,0,1,1,1,4
U00791,F,58,Barakaldo,1,1,1,1,1,0,1,1,0,0,0,4
U00792,M,58,Santurtzi,1,0,1,1,0,0,1,0,0,1,1,4
U00793,F,31,Getxo,1,1,0,0,0,1,1,1,1,1,1,5
U00794,F,58,Bilbao,1,1,1,1,0,0,0,0,0,0,0,3
U00795,F,46,Donostia-San Sebastián,1,0,0,1,0,1,1,1,1,1,1,4
U00796,F,60,Durango,1,0,1,1,1,1,1,1,0,1,1,4
U00797,F,45,Zarautz,1,1,1,1,1,0,1,0,0,1,0,3
U00798,M,46,Bilbao,1,0,1,0,1,0,0,0,0,0,0,3
U00799,M,59,Bilbao,1,0,1,0,1,1,1,1,1,1,1,4
U00800,M,63,Bilbao,1,1,1,1,0,0,0,0,0,0,0,3
U00801,F,57,Donostia-San Sebastián,1,1,0,0,1,1,1,1,0,1,1,4
U00802,F,47,Leioa,1,1,0,1,0,0,0,0,0,0,0,3
U00803,F,47,Bilbao,1,1,1,1,1,0,1,0,0,0,0,3
U00804,F,61,Barakaldo,1,1,1,0,0,1,0,0,0,0,0,3
U00805,M,49,Tolosa,1,1,1,0,0,1,0,0,0,0,0,4
U00806,M,61,Bilbao,1,0,1,1,0,0,0,0,0,0,0,2
U00807,M,65,Vitoria-Gasteiz,1,1,0,0,1,1,1,0,1,1,1,4
U00808,M,52,Donostia-San Sebastián,1,1,0,1,0,0,1,1,0,0,0,4
U00809,F,45,Bilbao,1,1,1,1,0,0,0,0,0,0,0,3
U00810,F,56,Hernani,1,1,1,0,0,0,1,1,1,1,0,4
U00811,M,66,Vitoria-Gasteiz,0,0,0,0,1,1,0,0,0,0,0,3
U00812,M,56,Donostia-San Sebastián,1,0,1,1,0,0,1,0,1,0,0,3
U00813,M,45,Bermeo,1,1,1,1,0,0,0,0,0,0,0,3
U00814,F,49,Bilbao,1,1,1,0,1,1,1,1,1,1,1,4
U00815,M,29,Tolosa,1,1,1,0,1,0,1,1,1,0,1,4
U00816,F,50,Mungia,1,1,0,1,1,1,1,1,1,1,1,5
U00817,F,61,Vitoria-Gasteiz,1,1,1,1,1,1,1,0,1,0,1,4
U00818,F,46,Bilbao,1,1,1,1,1,0,0,0,0,0,0,3
U00819,M,63,Bilbao,1,1,1,0,1,1,1,0,0,0,0,3
U00820,F,54,Durango,0,0,0,0,1,1,0,0,0,0,0,3
U00821,M,48,Bilbao,1,1,0,0,0,1,1,1,1,1,0,4
U00822,M,61,Bilbao,1,1,1,1,1,0,1,1,1,1,1,4
U00823,M,29,Irun,1,1,1,0,1,1,0,0,0,0,0,3
U00824,M,58,Bilbao,1,1,0,1,1,1,1,1,0,1,1,4
U00825,F,55,Bilbao,1,1,1,0,1,0,1,1,1,1,1,4
U00826,M,59,Hernani,1,1,0,0,1,0,1,0,1,1,1,4
U00827,F,64,Vitoria-Gasteiz,0,0,0,0,1,1,1,0,1,0,1,4
U00828,F,53,Leioa,1,1,0,1,0,1,1,0,1,1,1,4
U00829,M,59,Vitoria-Gasteiz,1,0,1,0,0,0,1,1,1,0,1,4
U00830,M,65,Barakaldo,1,1,1,1,0,1,0,0,0,0,0,3
U00831,M,73,Eibar,0,0,0,0,0,1,1,1,1,1,1,4
U00832,M,36,Basauri,1,1,0,1,1,0,1,0,0,1,0,4
U00833,M,39,Azpeitia,1,1,1,0,1,0,0,0,0,0,0,3
U00834,F,50,Getxo,1,0,1,1,0,1,1,1,0,1,1,4
U00835,F,55,Bermeo,1,1,1,0,1,1,1,1,1,1,1,4
U00836,M,62,Donostia-San Sebastián,1,1,1,1,1,0,0,0,0,0,0,3
U00837,M,55,Bilbao,1,1,1,1,1,0,1,0,1,1,0,4
U00838,F,46,Bilbao,1,1,1,1,0,0,0,0,0,0,0,4
U00839,M,46,Donostia-San Sebastián,0,0,0,0,0,1,1,1,0,1,1,3
U00840,M,58,Barakaldo,1,0,1,1,1,1,1,1,1,0,1,4
U00841,F,44,Tolosa,1,1,1,0,1,0,0,0,0,0,0,3
U00842,M,55,Getxo,0,0,0,0,0,1,1,1,0,0,1,3
U00843,F,45,Donostia-San Sebastián,1,1,1,1,0,1,1,1,0,1,1,4
U00844,M,57,Donostia-San Sebastián,1,1,0,0,1,1,1,1,0,0,0,3
U00845,M,55,Hernani,1,1,1,1,1,1,1,1,0,0,1,4
U00846,M,50,Vitoria-Gasteiz,1,0,1,1,1,1,0,0,0,0,0,3
U00847,F,63,Portugalete,1,1,0,0,0,1,0,0,0,0,0,3
U00848,F,56,Donostia-San Sebastián,1,1,1,1,1,1,1,1,1,0,1,4
U00849,M,56,Donostia-San Sebastián,1,1,1,1,1,1,1,1,1,1,1,4
U00850,F,60,Donostia-San Sebastián,1,1,0,1,1,1,0,0,0,0,0,3
U00851,M,56,Zarautz,1,0,1,1,0,1,1,1,0,1,1,4
U00852,F,51,Salvatierra,1,1,1,0,1,0,0,0,0,0,0,4
U00853,F,50,Eibar,1,1,1,0,1,0,1,1,0,0,1,4
U00854,F,44,Santurtzi,0,0,0,0,0,0,0,0,0,0,0,3
U00855,F,46,Tolosa,1,0,0,1,1,0,1,1,0,0,0,3
U00856,M,61,Basauri,0,0,0,0,1,1,0,0,0,0,0,3
U00857,F,64,Mungia,1,1,1,1,1,0,1,0,1,0,1,3
U00858,M,62,Getxo,1,1,1,1,1,0,1,0,1,1,0,5
U00859,M,64,Irun,1,0,1,1,0,1,0,0,0,0,0,3
U00860,F,63,Vitoria-Gasteiz,1,1,1,0,0,1,1,1,1,1,1,3
U00861,F,59,Errenteria,1,1,0,1,1,1,1,0,1,1,0,3
U00862,M,61,Durango,1,1,1,1,0,0,0,0,0,0,0,3
U00863,M,62,Vitoria-Gasteiz,1,1,1,0,0,1,0,0,0,0,0,3
U00864,M,54,Tolosa,1,1,1,1,1,0,1,0,1,1,0,5
U00865,M,55,Donostia-San Sebastián,1,1,1,1,1,1,1,0,1,0,0,4
U00866,F,59,Eibar,1,1,0,0,1,1,1,1,1,1,0,4
U00867,M,57,Llodio,1,1,0,1,0,1,1,1,0,1,1,4
U00868,F,53,Donostia-San Sebastián,1,1,0,0,1,1,1,0,1,1,1,4
U00869,F,53,Bilbao,1,1,1,1,1,1,0,0,0,0,0,4
U00870,F,50,Bilbao,1,0,1,1,0,0,0,0,0,0,0,3
U00871,F,59,Leioa,0,0,0,0,1,0,0,0,0,0,0,3
U00872,M,54,Barakaldo,1,1,1,0,1,0,1,1,0,0,1,3
U00873,M,60,Bilbao,1,0,1,1,0,0,0,0,0,0,0,3
U00874,F,65,Leioa,1,1,0,1,1,1,1,1,1,1,1,4
U00875,F,54,Zarautz,1,0,0,1,1,0,1,1,1,0,1,3
U00876,F,57,Bilbao,1,0,1,0,1,0,1,1,1,1,1,4
U00877,F,64,Bilbao,1,1,1,0,1,0,1,1,1,1,1,4
U00878,F,61,Basauri,1,1,1,0,0,1,1,1,1,1,1,5
U00879,F,57,Donostia-San Sebastián,1,1,0,0,1,1,0,0,0,0,0,3
U00880,F,64,Bilbao,1,1,1,1,1,1,0,0,0,0,0,4
U00881,F,46,Donostia-San Sebastián,1,1,1,1,1,0,0,0,0,0,0,4
U00882,F,55,Vitoria-Gasteiz,1,1,0,1,1,1,0,0,0,0,0,3
U00883,M,48,Donostia-San Sebastián,1,1,0,1,0,1,0,0,0,0,0,3
U00884,F,48,Bilbao,1,0,0,0,0,0,1,1,1,0,1,3
U00885,M,43,Barakaldo,1,0,1,0,1,1,1,0,1,0,0,4
U00886,F,49,Getxo,1,1,0,0,0,1,1,1,1,1,1,4
U00887,F,52,Getxo,1,1,1,0,1,0,1,1,1,0,1,3
U00888,F,49,Barakaldo,1,1,1,1,1,0,1,1,1,0,1,4
U00889,F,45,Donostia-San Sebastián,1,1,1,1,1,0,1,1,0,0,0,3
U00890,F,64,Bilbao,1,0,0,1,1,1,1,0,1,1,1,5
U00891,F,65,Donostia-San Sebastián,1,0,0,1,0,0,1,1,1,0,1,4
U00892,M,51,Vitoria-Gasteiz,1,1,0,0,1,0,1,1,0,1,1,3
U00893,F,48,Llodio,1,0,1,1,1,0,1,0,1,1,1,4
U00894,F,51,Donostia-San Sebastián,1,1,1,0,0,0,1,0,0,0,1,3
U00895,M,65,Bilbao,1,1,1,1,1,1,1,0,0,0,1,4
U00896,F,47,Vitoria-Gasteiz,1,1,1,0,1,1,1,0,1,1,1,5
U00897,M,55,Bermeo,1,1,1,1,1,0,0,0,0,0,0,3
U00898,M,59,Portugalete,1,1,1,0,0,1,1,1,1,1,1,4
U00899,M,53,Irun,1,1,1,1,1,1,1,1,0,1,1,5
U00900,M,59,Vitoria-Gasteiz,1,1,1,0,0,1,1,1,0,0,0,4
U00901,F,59,Irun,1,1,1,1,1,1,1,1,1,1,1,4
U00902,M,58,Durango,1,1,1,0,1,0,0,0,0,0,0,4
U00903,M,68,Vitoria-Gasteiz,1,1,1,0,1,1,0,0,0,0,0,4
U00904,M,47,Bilbao,1,1,1,0,1,0,1,0,0,0,0,3
U00905,F,63,Barakaldo,1,0,0,1,1,1,1,1,1,1,1,5
U00906,F,61,Eibar,0,0,0,0,1,1,0,0,0,0,0,3
U00907,M,50,Donostia-San Sebastián,1,1,1,0,1,0,1,1,1,1,1,4
U00908,F,58,Bilbao,0,0,0,0,0,1,1,1,1,1,1,3
U00909,F,59,Durango,1,1,1,1,1,0,1,1,1,0,1,4
U00910,F,50,Zarautz,0,0,0,0,0,1,1,1,0,1,1,3
U00911,F,48,Bilbao,1,1,0,1,0,0,1,0,1,0,0,3
U00912,M,58,Donostia-San Sebastián,1,1,1,0,1,1,1,1,1,1,1,4
U00913,F,60,Donostia-San Sebastián,1,1,1,0,1,1,1,0,1,1,1,4
U00914,M,51,Barakaldo,0,0,0,0,1,1,1,1,1,1,1,4
U00915,M,65,Errenteria,1,1,1,0,0,1,1,1,0,1,1,5
U00916,M,52,Bilbao,1,1,1,0,1,1,1,1,0,1,0,3
U00917,F,61,Basauri,1,1,1,0,1,1,0,0,0,0,0,3
U00918,F,57,Basauri,1,1,1,1,0,1,1,1,1,1,1,5
U00919,F,45,Barakaldo,1,1,1,0,1,0,1,1,0,1,1,4
U00920,M,49,Vitoria-Gasteiz,1,1,1,0,1,1,0,0,0,0,0,3
U00921,F,49,Vitoria-Gasteiz,1,1,1,1,1,0,0,0,0,0,0,4
U00922,M,64,Azpeitia,0,0,0,0,1,0,0,0,0,0,0,3
U00923,M,65,Vitoria-Gasteiz,1,1,1,1,0,0,0,0,0,0,0,3
U00924,M,49,Bilbao,0,0,0,0,0,0,1,0,0,1,0,3
U00925,F,52,Amurrio,1,1,0,0,1,0,0,0,0,0,0,3
U00926,M,46,Vitoria-Gasteiz,0,0,0,0,1,0,0,0,0,0,0,2
U00927,M,55,Leioa,1,1,0,1,1,0,0,0,0,0,0,3
U00928,F,56,Errenteria,1,1,0,1,1,1,1,1,1,1,1,4
U00929,F,62,Santurtzi,1,1,0,1,1,0,1,0,1,1,0,4
U00930,F,63,Santurtzi,1,1,0,1,1,1,1,1,1,1,1,4
U00931,F,61,Vitoria-Gasteiz,0,0,0,0,1,1,1,0,1,1,1,3
U00932,F,52,Leioa,1,1,1,1,1,0,1,0,0,0,0,4
U00933,F,51,Barakaldo,1,0,1,0,1,1,1,1,1,1,0,3
U00934,F,53,Errenteria,1,1,0,1,0,1,1,1,0,1,1,4
U00935,F,51,Santurtzi,1,1,1,0,0,1,1,1,1,1,1,4
U00936,F,53,Basauri,1,1,1,0,1,1,0,0,0,0,0,4
U00937,F,55,Mungia,1,0,1,1,1,1,1,1,0,0,1,4
U00938,F,64,Llodio,1,1,1,0,1,1,1,1,1,1,1,4
U00939,F,59,Barakaldo,0,0,0,0,1,0,1,1,1,1,1,4
U00940,M,56,Bilbao,1,1,1,1,1,1,1,0,1,1,1,4
U00941,M,48,Bilbao,1,1,1,1,1,0,0,0,0,0,0,4
U00942,F,45,Bilbao,1,1,0,0,0,1,1,1,0,0,1,4
U00943,M,53,Bilbao,1,0,0,1,0,1,0,0,0,0,0,2
U00944,F,49,Bilbao,1,1,1,1,1,1,1,0,0,1,1,4
U00945,F,58,Vitoria-Gasteiz,1,0,0,1,0,0,0,0,0,0,0,3
U00946,M,54,Barakaldo,1,1,0,1,1,1,1,1,0,0,1,4
U00947,F,64,Bilbao,1,1,0,0,1,0,1,1,1,1,0,4
U00948,F,51,Basauri,1,1,0,1,1,0,1,1,1,1,1,5
U00949,M,46,Donostia-San Sebastián,1,0,1,1,1,1,0,0,0,0,0,3
U00950,M,60,Irun,1,1,1,0,0,1,0,0,0,0,0,4
U00951,F,45,Barakaldo,1,1,0,1,1,0,0,0,0,0,0,3
U00952,M,46,Donostia-San Sebastián,0,0,0,0,1,0,0,0,0,0,0,3
U00953,F,61,Portugalete,1,0,0,1,1,1,1,1,1,1,1,4
U00954,F,50,Vitoria-Gasteiz,1,1,0,1,0,0,0,0,0,0,0,3
U00955,M,52,Hernani,1,1,1,1,1,1,1,1,0,1,1,4
U00956,F,63,Vitoria-Gasteiz,0,0,0,0,0,0,1,0,1,1,1,3
U00957,M,56,Basauri,0,0,0,0,1,1,1,1,0,0,0,3
U00958,M,51,Portugalete,0,0,0,0,0,1,1,1,0,1,1,3
U00959,F,45,Bilbao,1,0,1,0,0,0,1,1,0,1,1,4
U00960,M,63,Vitoria-Gasteiz,1,1,0,1,0,1,1,0,0,1,1,3
U00961,M,55,Donostia-San Sebastián,1,0,1,1,1,1,1,0,1,0,1,4
U00962,F,52,Bilbao,1,1,1,0,0,1,0,0,0,0,0,3
U00963,M,30,Eibar,1,1,1,1,0,0,0,0,0,0,0,3
U00964,F,56,Bilbao,1,1,0,1,0,0,1,0,1,1,0,3
U00965,F,52,Portugalete,1,1,1,0,1,1,1,0,0,0,1,4
U00966,M,64,Zarautz,1,1,1,1,1,1,1,0,1,1,1,4
U00967,M,52,Basauri,1,0,1,0,0,1,0,0,0,0,0,3
U00968,F,40,Eibar,1,1,1,0,1,1,1,0,1,0,1,4
U00969,F,62,Donostia-San Sebastián,1,1,1,0,1,1,1,1,1,1,1,4
U00970,M,58,Basauri,1,0,1,0,1,0,1,0,1,1,0,3
U00971,F,55,Bilbao,1,1,1,0,1,1,0,0,0,0,0,3
U00972,F,53,Getxo,1,0,1,1,0,0,1,1,1,1,1,4
U00973,M,49,Basauri,1,1,1,1,0,1,0,0,0,0,0,3
U00974,F,61,Irun,1,0,1,1,1,0,1,0,1,1,1,4
U00975,F,64,Santurtzi,1,0,1,1,1,0,0,0,0,0,0,3
U00976,F,53,Donostia-San Sebastián,1,1,1,1,1,0,1,0,1,1,0,3
U00977,F,75,Bilbao,1,0,1,0,0,1,1,0,0,0,1,3
U00978,M,63,Barakaldo,0,0,0,0,1,0,1,0,0,1,1,3
U00979,F,48,Errenteria,1,0,0,1,0,1,1,0,1,1,1,4
U00980,F,54,Zarautz,1,1,1,1,1,0,1,0,1,1,1,4
U00981,F,63,Barakaldo,1,1,1,0,0,0,1,1,1,1,1,4
U00982,F,53,Hernani,1,0,1,0,0,1,1,1,1,1,1,4
U00983,F,62,Errenteria,1,1,1,0,1,1,1,1,0,1,1,4
U00984,F,57,Tolosa,0,0,0,0,0,0,1,1,0,0,1,3
U00985,F,45,Bilbao,1,1,1,1,0,0,1,1,1,1,1,4
U00986,M,56,Vitoria-Gasteiz,1,0,1,1,1,0,0,0,0,0,0,3
U00987,M,59,Llodio,1,0,1,1,1,0,1,1,1,1,1,4
U00988,F,62,Durango,1,1,1,1,0,1,1,0,1,1,0,4
U00989,F,53,Durango,1,1,1,1,0,0,1,1,1,1,1,4
U00990,M,63,Zarautz,1,0,1,1,0,1,1,1,1,1,1,3
U00991,F,58,Errenteria,1,1,1,0,0,0,0,0,0,0,0,2
U00992,F,51,Getxo,1,1,0,1,1,0,0,0,0,0,0,2
U00993,F,53,Portugalete,1,1,1,0,0,0,1,1,1,1,1,4
U00994,F,73,Eibar,1,1,1,1,1,1,1,0,1,1,1,4
U00995,F,45,Leioa,1,1,0,1,1,1,1,0,0,1,0,2
U00996,M,51,Eibar,1,1,0,1,1,1,1,0,0,1,0,4
U00997,M,53,Bilbao,1,1,1,1,0,0,1,0,1,1,0,4
U00998,F,48,Leioa,1,0,1,1,1,1,1,0,0,0,0,4
U00999,F,63,Eibar,0,0,0,0,1,1,1,0,1,1,0,4
U01000,F,41,Errenteria,1,1,1,1,1,1,1,0,1,0,1,4
U01001,F,50,Getxo,1,1,0,1,1,1,1,1,1,0,0,3
U01002,F,59,Mungia,1,1,1,1,1,1,0,0,0,0,0,3
U01003,F,50,Errenteria,1,1,1,0,1,0,1,0,1,0,0,3
U01004,F,39,Bilbao,1,1,1,0,1,1,1,1,1,1,1,4
U01005,F,55,Durango,1,1,1,1,0,0,0,0,0,0,0,3
U01006,M,65,Errenteria,1,0,1,1,1,1,0,0,0,0,0,3
U01007,F,46,Irun,1,0,0,1,1,1,1,0,1,1,1,3
U01008,F,45,Errenteria,1,1,0,0,1,1,1,1,1,1,1,5
U01009,M,64,Barakaldo,0,0,0,0,0,1,1,0,1,1,1,5
U01010,M,63,Basauri,1,1,1,1,1,1,1,0,1,0,1,4
U01011,F,50,Leioa,1,1,1,1,0,1,1,1,1,1,1,5
U01012,M,63,Vitoria-Gasteiz,1,1,0,1,1,0,1,1,0,0,1,4
U01013,M,45,Errenteria,1,1,1,1,1,1,0,0,0,0,0,3
U01014,F,63,Bilbao,1,1,1,1,0,0,0,0,0,0,0,4
U01015,F,50,Errenteria,1,1,0,1,1,1,1,1,0,0,0,3
U01016,F,61,Getxo,1,0,1,0,1,0,1,0,1,1,0,4
U01017,M,64,Bilbao,1,0,1,1,0,1,1,1,1,1,1,5
U01018,M,65,Vitoria-Gasteiz,1,0,1,0,0,0,1,0,0,1,1,3
U01019,M,57,Barakaldo,1,1,1,1,1,1,0,0,0,0,0,3
U01020,M,56,Bilbao,1,0,1,0,0,0,1,1,0,1,1,4
U01021,F,55,Tolosa,1,1,1,0,0,0,1,0,0,1,1,4
U01022,M,65,Zarautz,1,1,0,1,1,0,0,0,0,0,0,3
U01023,M,58,Leioa,1,1,1,1,0,1,0,0,0,0,0,3
U01024,M,25,Durango,1,0,1,1,0,1,1,1,1,1,1,4
U01025,M,52,Barakaldo,1,1,1,1,0,0,1,1,1,0,1,5
U01026,F,59,Bilbao,1,1,0,1,0,0,0,0,0,0,0,3
U01027,M,49,Portugalete,1,0,0,0,1,0,0,0,0,0,0,2
U01028,F,26,Bilbao,1,1,1,1,1,1,1,1,1,0,0,3
U01029,F,51,Bilbao,0,0,0,0,0,1,1,1,1,1,1,4
U01030,M,59,Bilbao,1,1,1,1,0,0,1,0,0,1,1,4
U01031,M,53,Bilbao,1,1,0,1,1,0,1,1,1,1,1,4
U01032,F,48,Santurtzi,0,0,0,0,1,1,1,1,0,0,1,4
U01033,M,64,Santurtzi,0,0,0,0,1,0,0,0,0,0,0,2
U01034,F,50,Donostia-San Sebastián,1,1,1,1,0,1,0,0,0,0,0,3
U01035,M,30,Vitoria-Gasteiz,1,1,1,0,0,0,1,1,1,1,1,4
U01036,F,47,Vitoria-Gasteiz,1,1,0,0,0,1,1,1,1,1,1,4
U01037,M,55,Getxo,1,0,1,1,0,1,1,1,1,1,1,4
U01038,F,30,Bilbao,1,1,1,1,1,1,0,0,0,0,0,3
U01039,M,61,Bilbao,1,1,0,1,1,1,1,0,1,1,1,4
U01040,F,65,Bilbao,1,1,1,0,0,0,0,0,0,0,0,3
U01041,M,46,Getxo,0,0,0,0,0,0,1,0,0,0,1,3
U01042,F,61,Zarautz,1,1,1,1,0,0,1,1,0,1,1,4
U01043,F,61,Santurtzi,1,1,1,1,1,0,1,1,0,0,1,4
U01044,M,51,Vitoria-Gasteiz,1,1,1,1,0,0,0,0,0,0,0,3
U01045,F,27,Vitoria-Gasteiz,1,1,1,0,1,0,1,1,0,1,1,4
U01046,M,46,Donostia-San Sebastián,1,0,1,0,0,1,1,1,0,1,1,4
U01047,F,51,Azpeitia,1,1,1,0,1,0,0,0,0,0,0,3
U01048,M,57,Vitoria-Gasteiz,1,1,1,1,1,0,0,0,0,0,0,3
U01049,M,54,Barakaldo,1,1,0,0,1,1,1,0,1,1,1,4
U01050,M,51,Bilbao,0,0,0,0,1,0,0,0,0,0,0,3
U01051,F,51,Basauri,1,1,0,1,1,1,1,1,1,1,0,4
U01052,F,53,Leioa,1,1,0,1,1,1,1,1,1,1,1,5
U01053,F,56,Eibar,1,1,1,1,1,1,1,0,0,1,1,4
U01054,F,58,Eibar,1,1,1,1,1,1,1,1,1,1,1,4
U01055,F,47,Bilbao,1,1,1,1,1,1,1,0,1,0,1,5
U01056,F,50,Leioa,1,1,1,1,0,1,0,0,0,0,0,3
U01057,M,64,Getxo,1,1,1,0,0,0,1,0,1,1,0,3
U01058,F,54,Getxo,1,1,0,0,1,1,1,1,0,0,1,3
U01059,F,65,Bilbao,1,0,1,1,1,1,1,0,1,1,0,4
U01060,M,55,Barakaldo,1,0,1,1,1,1,0,0,0,0,0,3
U01061,F,58,Donostia-San Sebastián,1,1,1,0,1,0,0,0,0,0,0,3
U01062,M,46,Hernani,1,1,1,1,0,0,1,0,0,1,1,4
U01063,M,46,Bilbao,1,1,1,0,1,1,1,0,1,0,0,4
U01064,M,55,Bilbao,1,1,1,1,1,0,0,0,0,0,0,4
U01065,F,47,Barakaldo,1,0,0,1,0,0,0,0,0,0,0,3
U01066,M,57,Bilbao,0,0,0,0,0,0,1,1,1,0,0,3
U01067,F,58,Bilbao,1,1,1,1,1,1,1,0,0,1,1,4
U01068,F,53,Donostia-San Sebastián,1,1,0,1,0,0,1,0,0,1,0,4
U01069,F,63,Donostia-San Sebastián,0,0,0,0,1,1,1,1,1,1,1,4
U01070,F,61,Bilbao,0,0,0,0,0,1,0,0,0,0,0,2
U01071,M,53,Getxo,1,1,1,1,1,1,1,1,1,1,0,4
U01072,F,57,Vitoria-Gasteiz,1,1,0,1,1,0,1,1,1,1,1,4
U01073,F,67,Barakaldo,1,1,1,0,1,0,1,0,1,0,0,4
U01074,F,56,Bilbao,1,1,0,0,0,1,1,0,0,1,1,4
U01075,F,48,Donostia-San Sebastián,0,0,0,0,1,1,1,1,1,0,0,3
U01076,F,53,Zarautz,0,0,0,0,1,1,1,0,1,0,0,4
U01077,F,53,Durango,1,0,1,0,1,1,0,0,0,0,0,3
U01078,F,60,Barakaldo,1,1,1,1,0,0,0,0,0,0,0,3
U01079,F,53,Donostia-San Sebastián,1,1,0,0,1,0,0,0,0,0,0,3
U01080,F,54,Bilbao,1,0,0,1,1,1,1,1,1,1,1,5
U01081,F,45,Bilbao,1,1,1,1,0,0,0,0,0,0,0,4
U01082,F,54,Errenteria,1,1,0,0,0,1,1,0,1,1,1,4
U01083,M,42,Donostia-San Sebastián,1,1,1,1,0,1,0,0,0,0,0,4
U01084,M,51,Vitoria-Gasteiz,1,0,1,1,1,1,0,0,0,0,0,2
U01085,F,60,Eibar,1,1,1,1,0,1,1,0,1,1,0,4
U01086,F,63,Zarautz,0,0,0,0,1,1,0,0,0,0,0,3
U01087,F,46,Bilbao,1,1,1,1,0,1,0,0,0,0,0,3
U01088,F,52,Getxo,1,1,1,1,0,1,0,0,0,0,0,3
U01089,F,62,Vitoria-Gasteiz,1,0,1,1,1,1,0,0,0,0,0,4
U01090,M,57,Eibar,0,0,0,0,0,1,0,0,0,0,0,3
U01091,M,52,Vitoria-Gasteiz,1,1,1,0,0,1,1,1,1,1,1,4
U01092,M,65,Barakaldo,1,0,1,1,1,1,0,0,0,0,0,4
U01093,M,60,Vitoria-Gasteiz,1,0,1,1,1,0,1,0,1,0,1,3
U01094,M,49,Vitoria-Gasteiz,1,0,1,1,0,1,1,0,0,0,0,3
U01095,M,47,Bilbao,1,0,0,1,0,1,0,0,0,0,0,3
U01096,F,34,Eibar,1,1,0,1,1,1,1,1,1,1,1,5
U01097,F,46,Bilbao,1,1,0,0,0,0,1,1,0,0,0,3
U01098,F,65,Durango,1,1,1,1,1,0,0,0,0,0,0,4
U01099,F,61,Basauri,1,0,1,1,1,1,1,1,0,0,0,4
U01100,M,65,Bilbao,1,1,1,1,0,0,0,0,0,0,0,3
U01101,F,56,Zarautz,1,1,0,1,1,0,0,0,0,0,0,3
U01102,M,48,Bilbao,1,0,0,0,0,1,1,1,1,1,0,3
U01103,F,52,Eibar,1,1,0,0,1,0,1,0,1,1,1,4
U01104,F,54,Bilbao,1,1,1,1,1,1,1,1,1,1,0,4
U01105,F,51,Bilbao,1,0,0,0,0,1,1,1,0,1,1,4
U01106,M,57,Mungia,1,1,1,1,0,1,1,0,1,1,0,5
U01107,F,57,Portugalete,1,1,1,1,1,0,1,1,1,1,1,5
U01108,M,46,Vitoria-Gasteiz,0,0,0,0,0,1,1,1,0,1,1,3
U01109,F,47,Getxo,1,0,1,1,1,1,1,0,1,0,0,3
U01110,M,48,Getxo,1,1,1,1,1,1,1,1,0,1,1,4
U01111,F,52,Leioa,1,1,1,1,1,0,1,1,1,0,1,4
U01112,M,65,Eibar,1,1,1,1,1,1,1,1,1,1,1,5
U01113,M,50,Salvatierra,1,1,1,1,0,0,0,0,0,0,0,4
U01114,F,65,Donostia-San Sebastián,0,0,0,0,1,1,1,1,1,1,1,5
U01115,F,47,Bermeo,0,0,0,0,1,0,1,1,0,1,1,4
U01116,M,64,Bermeo,1,1,1,0,1,0,1,0,0,1,1,4
U01117,M,51,Donostia-San Sebastián,1,1,1,1,1,1,1,1,1,0,1,4
U01118,F,45,Bermeo,1,0,0,1,1,0,1,1,1,1,1,3
U01119,F,61,Leioa,1,0,0,1,0,1,1,1,1,1,0,3
U01120,F,62,Bilbao,1,1,1,1,1,1,1,0,1,0,0,4
U01121,M,48,Zarautz,0,0,0,0,0,1,1,0,1,0,1,3
U01122,F,55,Tolosa,1,1,1,0,1,1,1,0,0,1,1,4
U01123,F,75,Vitoria-Gasteiz,1,1,1,1,1,1,1,1,1,0,0,3
U01124,M,58,Basauri,1,1,0,0,1,1,1,1,1,1,1,4
U01125,F,43,Vitoria-Gasteiz,1,1,1,1,0,1,1,0,1,1,1,4
U01126,F,59,Irun,0,0,0,0,1,0,1,0,0,1,1,3
U01127,F,64,Santurtzi,1,1,1,1,0,0,1,1,1,0,1,3
U01128,M,74,Eibar,1,1,1,1,1,0,1,1,1,1,1,4
U01129,M,46,Bilbao,1,1,1,1,1,1,0,0,0,0,0,3
U01130,M,50,Vitoria-Gasteiz,0,0,0,0,1,0,0,0,0,0,0,3
U01131,M,58,Basauri,1,1,1,1,1,1,1,1,1,1,1,4
U01132,F,66,Bilbao,1,0,0,1,1,0,1,0,1,0,0,3
U01133,F,51,Bilbao,1,1,1,0,1,0,1,1,1,1,1,4
U01134,F,56,Getxo,1,1,1,0,0,1,1,1,0,1,1,4
U01135,F,54,Bilbao,0,0,0,0,1,0,1,0,1,1,0,3
U01136,M,45,Basauri,1,1,1,1,1,1,1,1,1,1,1,5
U01137,M,45,Vitoria-Gasteiz,0,0,0,0,0,1,1,1,1,1,1,4
U01138,F,47,Zarautz,1,1,0,1,0,0,1,0,0,1,0,3
U01139,M,56,Donostia-San Sebastián,1,1,0,0,1,1,0,0,0,0,0,3
U01140,F,54,Donostia-San Sebastián,1,1,1,0,0,0,1,1,1,1,1,4
U01141,F,63,Barakaldo,1,1,1,1,1,1,0,0,0,0,0,4
U01142,F,58,Portugalete,1,1,0,1,1,1,1,1,1,0,1,5
U01143,M,52,Durango,1,1,1,1,0,1,1,1,1,1,1,4
U01144,M,47,Barakaldo,0,0,0,0,1,0,1,0,1,1,0,3
U01145,M,63,Mungia,1,1,1,0,1,0,1,0,1,1,0,4
U01146,F,47,Leioa,1,1,1,0,0,1,0,0,0,0,0,2
U01147,F,64,Basauri,1,1,0,1,0,1,1,1,1,1,1,4
U01148,F,61,Bilbao,0,0,0,0,1,1,0,0,0,0,0,2
U01149,M,50,Bilbao,1,1,1,0,1,0,1,1,1,1,0,4
U01150,F,65,Bilbao,1,0,1,0,1,1,1,1,1,1,1,4
U01151,M,72,Vitoria-Gasteiz,1,1,1,1,0,0,1,1,0,1,0,4
U01152,M,62,Donostia-San Sebastián,1,0,1,1,1,0,0,0,0,0,0,3
U01153,F,60,Bilbao,1,1,1,1,1,1,0,0,0,0,0,4
U01154,F,45,Vitoria-Gasteiz,1,1,1,1,1,1,0,0,0,0,0,3
U01155,F,54,Bilbao,1,1,1,0,1,1,1,1,1,1,0,4
U01156,M,48,Hernani,1,0,0,1,0,0,0,0,0,0,0,3
U01157,F,57,Errenteria,1,0,1,0,1,1,1,1,0,1,0,4
U01158,F,29,Donostia-San Sebastián,1,1,1,1,0,1,0,0,0,0,0,4
U01159,M,59,Santurtzi,1,0,0,1,1,1,1,0,0,1,1,4
U01160,F,68,Llodio,1,1,1,1,1,1,1,1,1,1,1,4
U01161,F,64,Bilbao,1,1,1,0,0,0,1,1,1,1,1,4
U01162,M,49,Basauri,1,1,1,1,1,0,0,0,0,0,0,3
U01163,M,49,Zarautz,1,1,1,1,0,1,0,0,0,0,0,3
U01164,F,58,Donostia-San Sebastián,1,1,0,0,1,1,1,1,1,1,1,4
U01165,F,65,Bilbao,0,0,0,0,0,0,1,1,0,1,1,4
U01166,F,38,Durango,1,1,1,1,1,1,0,0,0,0,0,3
U01167,M,49,Durango,0,0,0,0,1,1,1,1,1,0,1,3
U01168,F,50,Irun,1,1,1,1,1,1,1,0,1,1,1,5
U01169,F,53,Llodio,1,1,1,0,1,0,0,0,0,0,0,3
U01170,M,48,Getxo,1,1,0,0,0,0,0,0,0,0,0,2
U01171,F,63,Barakaldo,1,1,1,0,1,0,1,0,0,1,1,4
U01172,F,63,Zarautz,0,0,0,0,1,1,1,1,0,1,1,4
U01173,F,38,Bilbao,1,1,1,1,1,0,0,0,0,0,0,3
U01174,M,47,Azpeitia,1,0,0,0,0,1,1,1,1,1,1,4
U01175,F,51,Donostia-San Sebastián,1,1,0,0,1,1,1,0,1,1,1,3
U01176,F,64,Portugalete,0,0,0,0,0,1,1,0,1,1,1,3
U01177,M,64,Getxo,1,1,1,1,1,1,1,1,1,1,0,4
U01178,M,63,Bilbao,1,1,1,0,1,0,1,1,1,1,1,3
U01179,M,47,Bilbao,1,0,0,0,0,0,1,0,0,0,1,3
U01180,M,62,Bermeo,1,1,1,0,0,0,1,1,1,0,1,4
U01181,F,45,Bilbao,1,1,1,1,1,0,0,0,0,0,0,4
U01182,F,57,Bilbao,0,0,0,0,1,1,0,0,0,0,0,2
U01183,M,45,Barakaldo,1,1,0,0,0,1,1,1,0,1,1,4
U01184,F,52,Bilbao,1,0,0,0,0,1,1,1,1,1,1,4
U01185,F,52,Zarautz,1,0,0,1,1,0,1,1,1,1,0,4
U01186,F,63,Bilbao,0,0,0,0,0,0,1,0,0,1,1,3
U01187,M,56,Durango,1,1,1,1,0,0,1,1,1,1,1,3
U01188,F,28,Donostia-San Sebastián,1,1,1,1,1,0,1,1,1,0,1,4
U01189,F,62,Salvatierra,1,1,1,0,1,0,1,1,1,1,1,4
U01190,M,73,Zarautz,1,1,1,1,1,0,0,0,0,0,0,4
U01191,M,56,Basauri,1,0,1,1,0,0,1,0,0,0,1,3
U01192,F,59,Donostia-San Sebastián,1,1,1,1,1,1,1,0,1,1,0,3
U01193,F,59,Vitoria-Gasteiz,1,1,1,1,1,0,1,0,0,1,1,3
U01194,F,57,Eibar,0,0,0,0,1,0,0,0,0,0,0,3
U01195,F,67,Errenteria,1,1,1,0,1,0,1,1,1,1,1,4
U01196,M,48,Donostia-San Sebastián,0,0,0,0,1,1,1,0,1,1,1,3
U01197,F,51,Donostia-San Sebastián,1,1,1,1,1,1,1,0,1,1,1,5
U01198,M,64,Eibar,1,1,1,1,0,1,1,1,1,1,1,4
U01199,F,48,Vitoria-Gasteiz,1,0,1,0,1,0,1,1,1,1,1,4
U01200,F,48,Llodio,1,0,0,1,0,0,1,1,1,1,1,4
U01201,F,57,Llodio,1,1,1,1,0,1,0,0,0,0,0,3
U01202,M,55,Vitoria-Gasteiz,1,1,0,1,1,0,1,0,1,1,1,4
U01203,M,55,Bilbao,1,1,1,0,0,1,0,0,0,0,0,3
U01204,F,61,Bilbao,1,1,1,1,1,1,0,0,0,0,0,4
U01205,M,61,Errenteria,1,1,0,1,1,0,0,0,0,0,0,3
U01206,M,62,Bilbao,0,0,0,0,1,1,1,1,1,1,1,4
U01207,F,46,Amurrio,0,0,0,0,1,0,1,0,1,1,1,4
U01208,M,51,Bilbao,1,1,0,1,0,1,1,1,1,0,1,4
U01209,M,48,Hernani,1,1,1,1,0,1,0,0,0,0,0,3
U01210,F,54,Llodio,1,1,1,0,0,1,1,1,1,1,1,5
U01211,F,47,Bilbao,1,1,1,1,1,1,0,0,0,0,0,4
U01212,F,50,Bilbao,1,1,1,1,0,1,0,0,0,0,0,4
U01213,M,62,Basauri,1,0,1,0,1,1,1,1,1,0,0,3
U01214,F,55,Azpeitia,1,0,1,0,1,1,1,0,1,1,1,4
U01215,F,63,Portugalete,1,1,1,1,1,1,1,1,0,1,1,5
U01216,M,38,Durango,1,1,1,1,1,1,1,0,0,0,0,3
U01217,F,33,Donostia-San Sebastián,0,0,0,0,1,0,0,0,0,0,0,3
U01218,M,56,Bilbao,1,1,1,1,0,0,0,0,0,0,0,4
U01219,M,58,Salvatierra,1,1,0,0,1,0,0,0,0,0,0,3
U01220,F,66,Bermeo,1,1,1,0,0,1,1,1,1,0,0,4
U01221,M,49,Vitoria-Gasteiz,1,0,1,0,1,0,0,0,0,0,0,3
U01222,M,55,Tolosa,0,0,0,0,0,1,1,0,0,1,1,3
U01223,M,59,Eibar,1,0,1,1,0,0,0,0,0,0,0,3
U01224,M,62,Donostia-San Sebastián,1,1,0,1,0,0,0,0,0,0,0,3
U01225,F,48,Zarautz,1,1,0,1,1,0,1,1,1,1,1,4
U01226,F,49,Vitoria-Gasteiz,1,0,1,1,1,0,1,0,0,0,0,4
U01227,F,64,Bilbao,1,1,0,1,1,1,1,0,0,1,0,4
U01228,M,52,Donostia-San Sebastián,1,1,0,1,0,1,1,1,1,1,1,4
U01229,M,48,Bilbao,1,1,1,0,0,1,1,1,1,0,1,4
U01230,F,53,Donostia-San Sebastián,1,1,1,1,1,1,0,0,0,0,0,4
U01231,M,61,Bilbao,1,1,1,1,1,0,0,0,0,0,0,4
U01232,F,59,Basauri,1,1,1,1,0,1,1,1,0,0,0,3
U01233,F,60,Beasain,0,0,0,0,1,1,0,0,0,0,0,3
U01234,F,66,Durango,1,1,1,0,1,0,1,0,0,1,0,3
U01235,F,57,Getxo,1,0,1,1,1,0,0,0,0,0,0,3
U01236,F,58,Salvatierra,1,1,1,0,0,1,0,0,0,0,0,4
U01237,F,29,Hernani,1,1,0,0,0,1,1,1,1,1,1,4
U01238,M,63,Mungia,1,1,1,0,1,1,0,0,0,0,0,3
U01239,F,48,Donostia-San Sebastián,1,1,1,1,0,1,1,1,1,1,1,5
U01240,F,65,Bilbao,1,1,0,1,1,1,1,1,1,0,0,4
U01241,M,31,Bilbao,1,0,1,1,0,1,1,1,1,0,1,4
U01242,M,49,Bermeo,1,1,1,0,0,1,0,0,0,0,0,4
U01243,F,62,Vitoria-Gasteiz,1,1,0,1,0,1,1,1,1,1,1,5
U01244,M,52,Salvatierra,1,0,0,1,0,1,1,0,1,1,0,3
U01245,F,50,Donostia-San Sebastián,0,0,0,0,1,1,1,0,1,1,1,3
U01246,F,27,Donostia-San Sebastián,0,0,0,0,1,1,0,0,0,0,0,3
U01247,M,45,Donostia-San Sebastián,1,1,1,1,0,0,0,0,0,0,0,3
U01248,F,62,Barakaldo,1,1,1,0,1,1,1,1,1,1,1,4
U01249,M,59,Hernani,1,1,1,1,1,1,0,0,0,0,0,4
U01250,F,55,Leioa,1,1,0,1,1,0,0,0,0,0,0,3
U01251,F,52,Leioa,0,0,0,0,0,1,0,0,0,0,0,3
U01252,F,45,Bilbao,1,1,1,1,0,1,0,0,0,0,0,3
U01253,F,70,Portugalete,1,0,1,1,1,0,1,1,1,0,1,3
U01254,F,61,Bilbao,1,0,1,1,1,1,0,0,0,0,0,4
U01255,M,58,Bilbao,1,1,1,0,1,1,1,1,1,0,0,4
U01256,F,31,Donostia-San Sebastián,1,0,1,1,1,1,0,0,0,0,0,3
U01257,M,71,Azpeitia,1,1,1,1,0,0,0,0,0,0,0,2
U01258,M,58,Bilbao,1,1,0,0,0,0,1,1,0,1,1,4
U01259,F,64,Donostia-San Sebastián,0,0,0,0,0,1,1,0,1,1,1,4
U01260,M,63,Donostia-San Sebastián,1,0,1,0,1,1,1,1,1,1,1,5
U01261,M,63,Vitoria-Gasteiz,1,0,1,1,1,0,1,0,0,1,1,4
U01262,F,69,Tolosa,1,1,0,1,1,1,0,0,0,0,0,3
U01263,F,51,Portugalete,1,1,1,0,0,0,1,1,0,1,1,5
U01264,M,59,Bilbao,1,0,1,1,1,1,1,1,1,1,1,5
U01265,M,55,Zarautz,1,1,1,0,1,1,1,0,1,1,1,4
U01266,M,57,Vitoria-Gasteiz,1,1,1,0,1,1,0,0,0,0,0,3
U01267,F,46,Basauri,0,0,0,0,1,1,0,0,0,0,0,3
U01268,F,37,Donostia-San Sebastián,1,1,1,0,0,1,1,1,0,1,1,3
U01269,M,46,Mungia,1,1,1,1,1,1,0,0,0,0,0,3
U01270,M,45,Bilbao,1,1,0,0,1,0,1,0,0,1,0,3
U01271,F,48,Portugalete,1,1,1,1,1,0,1,1,1,1,1,4
U01272,F,48,Bilbao,1,1,1,1,1,1,1,1,1,1,1,5
U01273,F,54,Portugalete,1,1,1,1,1,0,0,0,0,0,0,3
U01274,F,47,Irun,1,0,1,1,0,0,1,0,0,0,1,3
U01275,M,42,Getxo,1,1,0,1,0,1,0,0,0,0,0,4
U01276,F,59,Donostia-San Sebastián,1,1,0,0,0,0,1,1,1,1,1,3
U01277,M,59,Barakaldo,1,1,1,0,1,0,1,0,0,1,1,4
U01278,F,60,Tolosa,1,1,1,0,0,1,0,0,0,0,0,2
U01279,F,50,Donostia-San Sebastián,1,1,1,1,1,1,1,1,1,1,1,4
U01280,M,65,Bilbao,0,0,0,0,0,1,1,1,0,1,1,3
U01281,M,65,Errenteria,1,1,1,1,0,1,1,1,1,1,1,5
U01282,F,45,Barakaldo,1,1,1,1,1,0,0,0,0,0,0,3
U01283,F,60,Vitoria-Gasteiz,1,1,1,1,1,0,1,0,1,1,1,4
U01284,F,48,Getxo,1,1,1,1,1,1,0,0,0,0,0,4
U01285,F,61,Vitoria-Gasteiz,1,1,1,0,0,1,0,0,0,0,0,3
U01286,F,72,Donostia-San Sebastián,1,1,0,0,1,1,1,1,1,1,1,5
U01287,M,59,Durango,1,0,1,0,0,0,0,0,0,0,0,3
U01288,F,58,Santurtzi,1,1,0,0,0,0,1,0,1,0,1,3
U01289,F,62,Vitoria-Gasteiz,1,1,0,0,1,0,1,0,1,1,1,4
U01290,M,47,Eibar,1,0,1,1,1,0,0,0,0,0,0,3
U01291,M,46,Vitoria-Gasteiz,0,0,0,0,0,0,1,0,0,0,0,2
U01292,M,60,Vitoria-Gasteiz,1,1,1,0,1,1,1,0,1,1,0,3
U01293,F,53,Leioa,1,0,1,0,1,1,1,1,1,0,0,4
U01294,F,49,Bilbao,0,0,0,0,0,0,1,0,0,0,1,3
U01295,M,61,Donostia-San Sebastián,1,0,0,0,0,1,0,0,0,0,0,2
U01296,F,54,Vitoria-Gasteiz,1,1,1,1,1,1,0,0,0,0,0,3
U01297,M,59,Basauri,1,0,0,1,0,1,1,0,1,0,1,4
U01298,F,52,Bilbao,1,1,1,1,0,0,1,0,1,1,1,4
U01299,M,56,Donostia-San Sebastián,0,0,0,0,0,0,1,1,1,1,1,4
U01300,F,55,Donostia-San Sebastián,1,1,1,0,0,0,1,1,1,1,1,3
U01301,F,54,Tolosa,1,1,1,0,1,1,1,0,1,1,1,4
U01302,M,51,Hernani,1,0,1,1,1,0,0,0,0,0,0,2
U01303,M,32,Durango,1,1,1,1,0,1,1,1,1,1,1,4
U01304,M,57,Amurrio,0,0,0,0,0,1,0,0,0,0,0,3
U01305,M,52,Bilbao,1,0,1,1,1,0,0,0,0,0,0,4
U01306,F,53,Bilbao,1,0,1,1,1,1,1,0,0,0,0,4
U01307,M,52,Vitoria-Gasteiz,0,0,0,0,1,1,1,1,1,1,1,3
U01308,F,64,Zarautz,1,1,1,0,1,1,0,0,0,0,0,3
U01309,F,32,Bilbao,1,1,0,1,0,0,0,0,0,0,0,3
U01310,F,63,Bilbao,1,1,1,1,0,1,1,1,1,1,0,4
U01311,F,62,Bilbao,1,1,0,0,0,0,1,0,1,0,1,4
U01312,F,62,Donostia-San Sebastián,1,1,0,1,1,1,1,1,1,0,0,3
U01313,F,48,Durango,0,0,0,0,1,1,1,0,1,0,0,3
U01314,M,64,Tolosa,1,1,1,1,0,1,0,0,0,0,0,4
U01315,M,62,Vitoria-Gasteiz,1,1,0,1,1,0,0,0,0,0,0,3
U01316,F,51,Portugalete,0,0,0,0,0,0,1,0,0,0,1,3
U01317,F,48,Donostia-San Sebastián,1,1,1,1,0,1,1,1,1,1,1,3
U01318,F,51,Llodio,1,1,1,0,1,0,1,1,1,1,1,4
U01319,M,62,Donostia-San Sebastián,0,0,0,0,0,1,1,1,1,1,1,3
U01320,M,58,Irun,1,0,1,1,1,1,1,1,1,1,0,4
U01321,M,55,Hernani,1,1,0,1,1,0,1,0,1,1,0,4
U01322,M,48,Basauri,0,0,0,0,1,1,1,0,1,1,0,3
U01323,F,46,Zarautz,1,0,1,1,1,1,1,0,1,0,1,3
U01324,M,61,Portugalete,0,0,0,0,1,1,1,1,1,1,1,3
U01325,M,54,Mungia,1,0,0,0,1,1,1,1,1,1,1,4
U01326,F,53,Irun,0,0,0,0,1,1,1,1,1,0,1,3
U01327,M,48,Donostia-San Sebastián,1,0,0,0,1,0,1,1,1,1,0,4
U01328,M,62,Bilbao,1,0,0,0,1,0,0,0,0,0,0,3
U01329,M,58,Barakaldo,1,1,1,0,1,0,1,0,1,0,0,3
U01330,M,54,Leioa,1,1,1,1,1,1,1,1,1,1,1,5
U01331,M,54,Azpeitia,1,1,1,0,0,1,1,0,1,1,1,4
U01332,M,65,Donostia-San Sebastián,1,1,0,1,1,1,1,1,0,1,1,5
U01333,M,45,Irun,1,0,0,1,1,0,1,0,0,1,1,2
U01334,F,62,Bilbao,1,1,1,1,1,1,1,1,0,0,1,5
U01335,F,71,Donostia-San Sebastián,1,0,1,1,1,0,0,0,0,0,0,4
U01336,M,65,Bilbao,1,1,0,1,1,0,1,1,1,1,1,5
U01337,F,48,Bilbao,1,1,0,1,1,1,1,1,1,1,1,4
U01338,F,54,Irun,1,0,0,0,0,1,1,0,1,1,0,3
U01339,M,62,Salvatierra,1,1,1,1,0,1,1,1,1,1,1,5
U01340,F,60,Vitoria-Gasteiz,1,0,1,0,0,1,1,1,1,1,1,4
U01341,F,50,Barakaldo,0,0,0,0,1,0,0,0,0,0,0,2
U01342,F,60,Salvatierra,1,0,1,1,0,1,1,0,1,0,1,4
U01343,M,64,Hernani,1,0,1,1,0,0,1,1,0,1,1,4
U01344,F,56,Barakaldo,1,1,0,1,0,0,1,1,1,1,1,5
U01345,F,56,Donostia-San Sebastián,1,0,1,1,0,1,1,1,0,1,1,4
U01346,M,49,Getxo,1,0,1,0,1,0,1,1,1,1,1,4
U01347,M,45,Santurtzi,1,0,1,0,1,1,1,0,1,1,1,5
U01348,M,46,Bilbao,1,1,0,1,1,1,0,0,0,0,0,3
U01349,M,69,Bilbao,1,1,1,0,1,1,1,0,0,0,1,3
U01350,M,52,Leioa,1,1,1,1,1,0,0,0,0,0,0,3
U01351,M,55,Tolosa,1,1,1,1,1,1,1,1,1,1,0,4
U01352,F,55,Donostia-San Sebastián,1,1,1,0,1,0,1,0,1,0,1,3
U01353,F,58,Barakaldo,1,1,0,1,1,1,1,1,0,1,1,4
U01354,M,60,Azpeitia,1,1,0,1,0,0,0,0,0,0,0,3
U01355,F,46,Barakaldo,1,1,1,1,0,0,0,0,0,0,0,3
U01356,F,60,Hernani,1,1,0,1,1,1,1,0,1,1,1,4
U01357,F,57,Vitoria-Gasteiz,0,0,0,0,1,0,1,1,1,1,1,4
U01358,F,45,Bilbao,0,0,0,0,1,1,1,1,0,1,1,4
U01359,F,52,Vitoria-Gasteiz,1,1,1,1,1,1,1,0,0,1,0,4
U01360,M,46,Mungia,1,1,1,0,1,1,1,1,0,0,1,4
U01361,F,32,Leioa,1,1,0,1,0,0,1,0,0,1,0,4
U01362,M,55,Basauri,1,1,0,1,1,0,0,0,0,0,0,3
U01363,F,71,Bilbao,1,1,1,1,0,1,1,1,1,1,1,5
U01364,M,52,Getxo,1,1,1,1,1,0,1,0,0,1,0,4
U01365,F,48,Portugalete,1,1,0,1,1,0,1,0,1,0,0,3
U01366,F,54,Vitoria-Gasteiz,1,1,0,0,0,1,1,1,1,1,0,4
U01367,F,64,Tolosa,0,0,0,0,1,0,1,0,0,1,1,3
U01368,M,57,Durango,1,1,1,1,1,1,1,1,0,1,1,5
U01369,M,61,Getxo,1,1,1,1,1,1,0,0,0,0,0,4
U01370,M,46,Irun,1,1,1,1,0,0,0,0,0,0,0,3
U01371,M,62,Bilbao,1,1,1,1,0,1,0,0,0,0,0,3
U01372,M,65,Donostia-San Sebastián,1,1,1,1,1,1,0,0,0,0,0,4
U01373,F,60,Santurtzi,0,0,0,0,0,0,1,1,1,0,1,3
U01374,F,39,Errenteria,0,0,0,0,1,1,1,1,1,1,1,4
U01375,F,55,Bilbao,0,0,0,0,1,0,1,1,1,1,1,3
U01376,F,45,Amurrio,1,1,1,1,1,1,1,1,1,1,1,5
U01377,F,52,Beasain,1,1,1,1,1,0,0,0,0,0,0,4
U01378,M,52,Donostia-San Sebastián,1,1,0,1,1,1,1,1,1,1,0,4
U01379,F,47,Donostia-San Sebastián,1,0,1,1,1,0,0,0,0,0,0,3
U01380,F,58,Bilbao,1,1,1,1,0,0,1,0,1,1,1,4
U01381,F,72,Donostia-San Sebastián,1,1,0,0,0,0,0,0,0,0,0,3
U01382,F,26,Azpeitia,1,1,1,0,0,0,1,0,1,1,0,3
U01383,F,46,Bilbao,0,0,0,0,0,0,1,0,0,0,0,3
U01384,M,55,Donostia-San Sebastián,1,0,1,0,0,1,1,1,1,1,1,4
U01385,M,53,Leioa,1,1,1,1,1,1,1,0,1,1,0,3
U01386,F,54,Getxo,1,0,0,1,1,1,1,1,1,1,1,4
U01387,M,53,Zarautz,1,0,1,1,1,1,0,0,0,0,0,3
U01388,M,55,Errenteria,1,1,0,1,0,1,0,0,0,0,0,2
U01389,M,57,Azpeitia,1,1,1,1,1,0,1,1,1,1,0,4
U01390,M,75,Vitoria-Gasteiz,1,1,1,1,1,0,0,0,0,0,0,4
U01391,M,41,Beasain,1,1,0,0,1,1,1,0,1,1,1,4
U01392,F,58,Donostia-San Sebastián,1,1,0,1,1,1,0,0,0,0,0,4
U01393,F,53,Leioa,1,0,1,1,0,1,1,1,1,0,0,4
U01394,M,63,Durango,1,1,1,1,1,1,0,0,0,0,0,4
U01395,M,46,Donostia-San Sebastián,0,0,0,0,0,1,1,0,0,1,0,3
U01396,M,56,Irun,0,0,0,0,1,1,0,0,0,0,0,3
U01397,F,59,Barakaldo,1,1,1,0,1,0,1,1,0,1,0,3
U01398,F,65,Portugalete,1,1,1,1,1,1,1,0,0,1,1,5
U01399,M,52,Salvatierra,1,1,1,1,0,1,1,1,0,1,1,4
U01400,F,53,Bilbao,1,1,1,0,0,0,1,1,1,0,1,4
U01401,F,47,Bilbao,1,1,1,1,1,0,1,0,1,1,1,5
U01402,F,50,Salvatierra,1,0,0,0,1,0,1,0,1,1,0,3
U01403,F,49,Zarautz,0,0,0,0,0,0,1,1,1,1,1,4
U01404,F,50,Donostia-San Sebastián,1,1,1,0,1,0,0,0,0,0,0,3
U01405,F,59,Llodio,1,0,1,1,1,0,1,1,0,1,0,4
U01406,M,61,Barakaldo,1,1,1,1,0,1,1,1,0,0,1,4
U01407,M,55,Donostia-San Sebastián,1,0,0,1,1,0,0,0,0,0,0,4
U01408,F,48,Portugalete,1,1,1,1,1,1,1,0,0,1,1,5
U01409,F,39,Bilbao,1,1,1,0,1,1,0,0,0,0,0,3
U01410,M,52,Bilbao,1,1,1,1,1,1,0,0,0,0,0,4
U01411,F,63,Beasain,1,1,1,0,0,0,1,1,0,0,1,4
U01412,M,55,Bilbao,1,1,1,1,0,0,1,1,0,1,0,3
U01413,F,57,Irun,1,1,1,1,0,1,1,1,0,0,1,4
U01414,M,46,Tolosa,1,1,1,0,1,0,1,1,0,1,1,4
U01415,F,55,Bilbao,1,1,1,1,0,1,0,0,0,0,0,4
U01416,M,58,Vitoria-Gasteiz,1,0,1,1,1,1,1,0,0,0,1,5
U01417,M,60,Vitoria-Gasteiz,1,1,1,1,1,0,1,1,1,1,1,4
U01418,F,63,Errenteria,1,1,1,1,1,1,1,1,1,0,0,4
U01419,F,55,Vitoria-Gasteiz,1,1,0,0,1,1,1,1,0,1,0,3
U01420,F,52,Vitoria-Gasteiz,1,1,1,0,1,0,1,1,1,1,1,4
U01421,F,52,Portugalete,1,1,1,0,1,1,0,0,0,0,0,3
U01422,M,49,Irun,1,1,1,0,0,1,1,1,1,1,0,3
U01423,M,62,Bilbao,1,1,1,1,1,0,1,0,1,1,1,4
U01424,M,60,Barakaldo,1,0,1,1,1,1,1,1,1,1,1,5
U01425,F,54,Durango,1,1,1,1,1,1,1,0,0,1,1,4
U01426,F,54,Tolosa,1,1,1,1,0,1,1,1,1,1,1,5
U01427,M,52,Durango,1,1,0,0,1,0,1,0,1,1,1,4
U01428,M,46,Donostia-San Sebastián,1,1,1,0,0,0,1,0,1,0,0,3
U01429,F,60,Bilbao,1,1,1,0,1,1,1,1,1,1,1,5
U01430,F,47,Bilbao,1,1,1,0,1,0,1,0,1,0,1,3
U01431,M,61,Bilbao,1,1,1,1,1,0,1,1,0,1,1,4
U01432,F,55,Hernani,1,1,1,0,1,1,1,0,1,0,1,4
U01433,F,65,Irun,1,1,1,1,0,1,0,0,0,0,0,3
U01434,F,31,Donostia-San Sebastián,1,0,1,1,0,1,0,0,0,0,0,3
U01435,M,74,Barakaldo,1,1,1,1,0,0,0,0,0,0,0,3
U01436,F,49,Vitoria-Gasteiz,1,1,1,1,1,0,1,1,1,1,0,4
U01437,M,64,Llodio,1,1,1,1,0,1,0,0,0,0,0,3
U01438,F,37,Bilbao,0,0,0,0,0,1,0,0,0,0,0,3
U01439,M,51,Barakaldo,1,1,1,0,0,0,1,1,1,0,1,4
U01440,M,52,Bilbao,1,0,1,1,0,1,0,0,0,0,0,3
U01441,F,64,Portugalete,1,1,0,1,1,1,1,1,0,1,1,4
U01442,M,50,Zarautz,0,0,0,0,1,0,0,0,0,0,0,2
U01443,M,46,Salvatierra,1,1,1,1,1,1,0,0,0,0,0,4
U01444,M,51,Bilbao,1,1,0,0,1,1,1,0,1,1,1,4
U01445,M,63,Eibar,1,0,0,1,1,0,1,0,1,0,1,4
U01446,M,64,Tolosa,1,1,1,0,0,1,1,1,0,0,1,4
U01447,F,74,Azpeitia,1,1,1,1,1,1,1,1,1,1,1,5
U01448,M,45,Llodio,1,0,1,1,0,1,0,0,0,0,0,3
U01449,M,47,Portugalete,1,1,1,0,1,1,0,0,0,0,0,3
U01450,F,53,Zarautz,1,1,1,1,1,1,0,0,0,0,0,3
U01451,F,45,Bilbao,1,1,0,1,1,1,1,1,0,0,1,4
U01452,F,53,Donostia-San Sebastián,1,1,1,0,0,1,0,0,0,0,0,3
U01453,F,63,Hernani,1,1,0,1,0,0,0,0,0,0,0,3
U01454,F,56,Errenteria,1,1,1,1,1,1,1,1,1,0,1,4
U01455,F,57,Vitoria-Gasteiz,0,0,0,0,1,1,1,1,1,1,0,4
U01456,M,55,Vitoria-Gasteiz,0,0,0,0,1,1,1,1,1,0,0,3
U01457,F,72,Donostia-San Sebastián,1,1,1,1,0,1,1,0,0,1,1,4
U01458,F,61,Durango,1,1,0,0,1,0,0,0,0,0,0,3
U01459,F,52,Donostia-San Sebastián,1,1,0,0,1,0,0,0,0,0,0,2
U01460,F,54,Zarautz,1,1,1,1,0,0,1,0,0,0,0,4
U01461,F,54,Donostia-San Sebastián,0,0,0,0,0,1,1,0,1,1,1,3
U01462,M,71,Bilbao,1,1,0,1,0,1,1,1,1,1,0,4
U01463,M,62,Bilbao,1,1,1,1,1,0,0,0,0,0,0,3
U01464,M,58,Getxo,1,1,1,1,1,1,1,1,0,1,1,4
U01465,F,58,Santurtzi,1,1,0,1,1,1,1,1,1,0,1,4
U01466,M,59,Santurtzi,1,1,0,1,0,0,1,1,1,1,1,4
U01467,M,53,Barakaldo,1,1,1,1,0,0,1,0,1,0,0,3
U01468,F,63,Beasain,1,1,0,1,1,1,1,1,1,1,0,3
U01469,M,61,Donostia-San Sebastián,1,1,1,0,1,0,1,1,0,1,1,4
U01470,F,45,Hernani,1,1,1,0,0,1,0,0,0,0,0,4
U01471,F,42,Salvatierra,1,1,0,1,1,1,0,0,0,0,0,3
U01472,F,52,Santurtzi,0,0,0,0,1,0,1,1,1,0,0,3
U01473,F,74,Tolosa,1,0,1,0,1,1,1,0,1,1,1,4
U01474,F,64,Llodio,0,0,0,0,1,1,0,0,0,0,0,3
U01475,M,45,Mungia,1,1,1,1,0,0,1,0,1,0,1,3
U01476,M,48,Llodio,1,1,1,0,1,1,1,1,1,1,0,4
U01477,M,58,Donostia-San Sebastián,1,0,1,1,1,0,0,0,0,0,0,4
U01478,F,45,Bilbao,1,1,1,1,0,1,1,0,1,1,1,3
U01479,M,47,Bilbao,1,0,0,0,1,1,1,1,0,1,1,4
U01480,F,60,Zarautz,1,0,0,1,1,1,1,1,1,1,1,4
U01481,F,49,Santurtzi,1,0,1,0,1,0,0,0,0,0,0,3
U01482,M,53,Zarautz,1,0,1,1,0,0,1,0,1,1,0,3
U01483,M,55,Basauri,1,1,0,0,0,1,0,0,0,0,0,3
U01484,M,65,Barakaldo,1,1,1,1,1,0,1,0,1,1,0,4
U01485,F,65,Bilbao,1,1,1,0,1,1,0,0,0,0,0,4
U01486,F,61,Donostia-San Sebastián,0,0,0,0,1,1,0,0,0,0,0,3
U01487,M,38,Vitoria-Gasteiz,1,1,1,1,1,0,0,0,0,0,0,3
U01488,F,58,Llodio,1,1,1,1,1,0,1,1,0,1,0,4
U01489,M,59,Barakaldo,0,0,0,0,0,0,1,1,0,1,0,3
U01490,M,54,Errenteria,1,1,0,0,1,1,1,1,1,1,1,5
U01491,M,63,Donostia-San Sebastián,1,0,1,1,1,1,1,1,1,1,1,4
U01492,F,45,Tolosa,1,1,1,1,0,0,1,0,1,1,1,4
U01493,F,62,Leioa,1,1,1,1,0,0,1,0,1,1,0,3
U01494,M,48,Portugalete,1,1,1,1,1,0,1,0,0,0,1,4
U01495,F,62,Irun,1,1,0,1,1,0,0,0,0,0,0,3
U01496,F,60,Bilbao,0,0,0,0,0,1,1,0,0,1,1,3
U01497,F,66,Donostia-San Sebastián,0,0,0,0,0,1,0,0,0,0,0,3
U01498,M,62,Getxo,1,1,0,1,0,1,0,0,0,0,0,3
U01499,F,47,Donostia-San Sebastián,1,0,0,0,1,1,1,1,1,0,1,4
U01500,F,49,Donostia-San Sebastián,1,1,1,1,1,1,1,1,0,1,1,5
U01501,M,65,Errenteria,0,0,0,0,0,0,1,1,0,0,1,3
U01502,F,59,Santurtzi,1,1,0,1,0,1,0,0,0,0,0,3
U01503,F,51,Zarautz,1,1,1,1,1,1,0,0,0,0,0,3
U01504,F,45,Tolosa,1,0,0,1,1,1,1,1,0,1,1,3
U01505,M,57,Vitoria-Gasteiz,1,1,1,1,1,0,1,0,0,1,0,3
U01506,F,62,Bilbao,1,1,1,1,1,0,1,0,1,1,1,4
U01507,M,63,Errenteria,1,1,1,1,1,0,1,1,1,0,1,4
U01508,M,53,Portugalete,1,1,1,0,1,0,0,0,0,0,0,4
U01509,F,50,Vitoria-Gasteiz,1,1,1,1,0,1,1,0,0,1,1,4
U01510,M,47,Barakaldo,1,1,1,1,0,1,0,0,0,0,0,2
U01511,M,50,Donostia-San Sebastián,1,1,0,1,1,1,1,1,0,1,1,4
U01512,M,28,Getxo,1,1,0,1,0,1,1,1,1,1,1,4
U01513,F,41,Donostia-San Sebastián,1,0,0,1,1,0,0,0,0,0,0,3
U01514,M,59,Donostia-San Sebastián,1,0,0,1,0,1,0,0,0,0,0,3
U01515,M,50,Zarautz,1,0,1,1,1,0,0,0,0,0,0,3
U01516,M,50,Beasain,1,1,1,0,0,1,0,0,0,0,0,3
U01517,M,64,Durango,1,1,0,1,0,0,1,1,1,1,0,4
U01518,F,52,Bilbao,1,1,0,1,0,0,1,0,1,1,0,4
U01519,F,52,Irun,1,0,0,0,1,1,1,1,1,1,0,4
U01520,M,59,Barakaldo,1,1,1,0,0,0,1,0,1,1,1,3
U01521,M,56,Bilbao,1,1,1,1,1,1,1,0,1,1,1,4
U01522,F,50,Leioa,1,1,1,1,1,0,1,0,1,1,1,4
U01523,F,59,Barakaldo,1,1,1,1,1,0,1,1,1,0,1,4
U01524,F,63,Bilbao,1,1,1,1,1,1,1,0,1,1,1,4
U01525,M,55,Mungia,1,1,1,0,1,0,1,0,0,1,1,4
U01526,F,55,Irun,1,1,1,0,1,0,1,1,1,1,1,5
U01527,M,46,Irun,1,1,1,1,0,0,1,1,1,0,1,3
U01528,F,60,Getxo,1,1,1,0,0,0,1,1,0,1,1,4
U01529,M,65,Durango,1,1,0,1,0,1,1,1,1,1,1,4
U01530,F,46,Bilbao,1,1,1,1,1,1,0,0,0,0,0,3
U01531,M,64,Bilbao,1,1,1,0,1,0,0,0,0,0,0,3
U01532,M,59,Bilbao,0,0,0,0,0,0,0,0,0,0,0,3
U01533,M,56,Santurtzi,0,0,0,0,1,0,0,0,0,0,0,3
U01534,F,55,Zarautz,1,1,1,0,1,1,1,0,1,0,0,5
U01535,F,54,Donostia-San Sebastián,1,1,1,0,1,1,1,0,0,1,1,4
U01536,F,50,Donostia-San Sebastián,0,0,0,0,1,0,1,1,0,1,1,3
U01537,F,48,Vitoria-Gasteiz,1,1,0,1,1,1,0,0,0,0,0,3
U01538,F,46,Bilbao,1,1,1,0,1,1,1,1,1,0,0,3
U01539,F,46,Irun,0,0,0,0,1,1,1,1,1,1,1,4
U01540,F,55,Amurrio,1,1,1,0,0,1,0,0,0,0,0,3
U01541,F,60,Vitoria-Gasteiz,1,1,1,1,1,0,0,0,0,0,0,4
U01542,F,54,Durango,1,1,0,1,1,1,1,1,1,1,1,4
U01543,F,52,Bilbao,1,1,1,1,1,0,1,0,0,1,1,4
U01544,M,59,Donostia-San Sebastián,1,1,0,1,1,1,1,0,1,0,1,4
U01545,M,52,Bilbao,1,0,1,1,1,1,0,0,0,0,0,3
U01546,M,60,Vitoria-Gasteiz,1,1,0,1,1,0,0,0,0,0,0,3
U01547,M,51,Getxo,1,1,1,1,0,1,0,0,0,0,0,2
U01548,F,65,Donostia-San Sebastián,1,1,1,0,1,0,1,0,1,0,0,3
U01549,F,61,Vitoria-Gasteiz,1,1,0,1,1,1,1,0,1,1,0,3
U01550,M,47,Bilbao,1,0,1,1,1,1,1,0,0,0,0,3
U01551,F,64,Bilbao,1,1,0,0,1,0,1,0,1,1,1,3
U01552,M,40,Amurrio,1,1,0,1,0,1,1,0,1,1,0,4
U01553,M,60,Barakaldo,1,1,1,1,1,1,1,1,0,1,0,4
U01554,M,62,Tolosa,0,0,0,0,1,1,1,1,1,1,1,4
U01555,F,54,Eibar,1,0,0,1,0,1,1,1,1,0,1,4
U01556,M,51,Zarautz,0,0,0,0,1,1,1,1,1,0,1,3
U01557,F,58,Barakaldo,1,1,0,1,1,1,1,0,1,1,1,3
U01558,M,61,Zarautz,1,1,1,1,0,0,0,0,0,0,0,4
U01559,F,58,Errenteria,1,1,1,0,1,1,1,0,1,1,0,4
U01560,F,56,Errenteria,1,1,0,1,0,1,1,1,1,1,1,4
U01561,F,57,Vitoria-Gasteiz,1,0,0,0,0,0,1,0,0,1,1,3
U01562,F,53,Salvatierra,1,0,0,0,0,1,0,0,0,0,0,3
U01563,F,57,Donostia-San Sebastián,1,1,1,1,1,0,1,0,0,1,0,3
U01564,M,52,Barakaldo,1,1,1,1,0,1,1,0,1,1,0,4
U01565,F,65,Bilbao,1,1,1,1,1,1,0,0,0,0,0,3
U01566,M,58,Hernani,1,1,0,1,0,1,1,0,1,0,1,4
U01567,F,59,Donostia-San Sebastián,1,1,0,0,1,1,1,1,1,1,0,4
U01568,F,62,Azpeitia,1,0,0,1,1,0,0,0,0,0,0,3
U01569,M,60,Zarautz,1,1,1,1,0,1,0,0,0,0,0,4
U01570,M,54,Barakaldo,1,1,1,0,1,1,1,1,1,1,1,5
U01571,M,56,Portugalete,1,1,1,0,0,1,1,0,1,0,0,3
U01572,F,63,Bilbao,1,1,0,1,0,1,1,1,0,1,1,3
U01573,M,53,Bilbao,1,1,1,1,1,1,0,0,0,0,0,4
U01574,F,54,Basauri,1,0,0,1,1,1,1,1,0,1,1,4
U01575,M,65,Zarautz,1,1,1,0,0,0,1,1,1,1,0,4
U01576,M,63,Portugalete,1,0,1,0,0,1,0,0,0,0,0,3
U01577,M,67,Basauri,1,1,1,1,1,0,1,1,1,1,0,4
U01578,M,53,Hernani,1,1,1,0,0,1,1,1,1,1,1,4
U01579,F,53,Bilbao,1,0,0,1,0,0,0,0,0,0,0,3
U01580,F,58,Zarautz,1,1,0,0,1,0,1,1,1,1,0,4
U01581,F,43,Leioa,1,1,1,1,1,0,1,0,1,1,1,4
U01582,F,48,Vitoria-Gasteiz,1,0,1,0,0,0,0,0,0,0,0,2
U01583,M,68,Bilbao,1,1,1,1,1,1,1,1,0,0,1,5
U01584,M,65,Barakaldo,0,0,0,0,1,1,1,1,0,1,1,4
U01585,F,48,Eibar,1,1,1,1,0,0,1,1,1,1,1,4
U01586,M,49,Santurtzi,1,1,0,0,0,0,0,0,0,0,0,3
U01587,F,48,Getxo,1,1,1,0,0,1,0,0,0,0,0,3
U01588,M,52,Barakaldo,1,1,1,0,1,0,0,0,0,0,0,2
U01589,M,55,Tolosa,1,0,0,1,1,0,0,0,0,0,0,3
U01590,M,52,Irun,1,1,1,1,1,1,0,0,0,0,0,3
U01591,F,57,Basauri,1,1,1,0,1,0,0,0,0,0,0,3
U01592,F,54,Llodio,1,0,1,1,0,0,1,0,0,0,0,3
U01593,F,65,Getxo,1,1,1,1,1,0,0,0,0,0,0,4
U01594,F,51,Amurrio,1,1,0,1,1,0,0,0,0,0,0,2
U01595,F,63,Vitoria-Gasteiz,0,0,0,0,1,0,1,1,1,1,1,3
U01596,F,48,Barakaldo,1,0,1,1,1,1,0,0,0,0,0,4
U01597,M,53,Zarautz,0,0,0,0,0,0,1,1,1,1,1,3
U01598,F,46,Donostia-San Sebastián,1,0,1,1,1,1,1,1,1,1,1,4
U01599,M,54,Tolosa,1,1,1,0,0,1,0,0,0,0,0,3
U01600,M,61,Vitoria-Gasteiz,1,1,0,1,1,0,1,1,1,1,0,4
U01601,F,60,Llodio,1,0,0,1,1,1,1,0,1,1,1,4
U01602,M,63,Zarautz,1,0,0,0,0,0,1,0,1,1,1,4
U01603,M,57,Vitoria-Gasteiz,1,1,1,1,1,1,1,0,1,0,1,4
U01604,F,52,Donostia-San Sebastián,0,0,0,0,0,0,1,1,0,1,1,4
U01605,F,64,Bilbao,0,0,0,0,0,0,0,0,0,0,0,2
U01606,F,68,Hernani,1,1,1,1,0,1,1,0,1,1,1,4
U01607,F,65,Vitoria-Gasteiz,1,1,0,1,0,1,1,1,1,1,0,4
U01608,M,53,Vitoria-Gasteiz,1,1,1,1,1,1,1,1,1,0,1,4
U01609,F,60,Donostia-San Sebastián,1,0,1,1,1,0,1,0,0,0,1,3
U01610,F,60,Bilbao,1,1,1,1,1,0,1,1,0,1,1,4
U01611,M,43,Durango,1,1,1,1,1,1,0,0,0,0,0,5
U01612,F,75,Bilbao,1,1,1,1,0,1,1,1,1,1,1,4
U01613,M,45,Vitoria-Gasteiz,1,1,1,1,0,0,1,0,1,0,0,4
U01614,F,25,Irun,1,1,1,0,1,1,1,1,0,1,0,3
U01615,F,52,Bermeo,1,1,0,1,0,1,1,1,0,1,0,4
U01616,F,51,Donostia-San Sebastián,1,1,0,0,0,1,0,0,0,0,0,3
U01617,M,47,Basauri,1,1,0,1,0,0,1,1,1,1,1,4
U01618,F,56,Leioa,1,1,0,1,0,0,0,0,0,0,0,3
U01619,M,52,Amurrio,1,0,1,1,0,1,1,0,0,0,1,4
U01620,F,50,Vitoria-Gasteiz,1,1,1,0,0,1,1,1,1,0,0,4
U01621,F,65,Durango,1,0,0,1,0,0,1,1,1,1,1,4
U01622,F,51,Getxo,1,1,1,1,1,1,1,0,1,0,0,4
U01623,F,64,Zarautz,1,1,1,1,1,0,0,0,0,0,0,3
U01624,F,62,Vitoria-Gasteiz,1,1,0,1,0,1,1,1,1,0,1,4
U01625,M,63,Bilbao,1,1,1,1,1,0,0,0,0,0,0,3
U01626,F,45,Donostia-San Sebastián,1,1,1,1,1,0,1,0,0,1,0,3
U01627,F,57,Beasain,1,1,1,1,0,1,1,1,0,1,1,4
U01628,M,48,Bilbao,1,1,1,1,1,0,1,0,0,1,1,3
U01629,F,56,Leioa,0,0,0,0,0,0,1,0,1,1,1,3
U01630,F,71,Bilbao,0,0,0,0,1,1,0,0,0,0,0,2
U01631,F,54,Zarautz,1,1,1,0,0,1,0,0,0,0,0,3
U01632,M,46,Bilbao,1,1,1,1,1,0,1,0,0,1,0,4
U01633,F,61,Amurrio,1,1,1,0,0,0,1,1,1,1,0,4
U01634,F,53,Beasain,1,0,1,1,0,1,1,0,0,0,0,3
U01635,M,55,Portugalete,1,1,1,1,0,0,1,0,1,1,0,4
U01636,F,64,Bilbao,1,0,0,1,1,1,1,1,1,1,1,4
U01637,M,49,Donostia-San Sebastián,1,1,1,1,0,0,0,0,0,0,0,4
U01638,M,52,Bermeo,1,0,1,0,0,0,0,0,0,0,0,3
U01639,F,47,Irun,1,1,0,1,0,1,0,0,0,0,0,3
U01640,F,63,Donostia-San Sebastián,1,1,1,0,1,1,1,0,1,0,1,4
U01641,M,57,Basauri,1,1,1,1,1,1,0,0,0,0,0,4
U01642,M,65,Tolosa,1,1,1,1,0,1,1,1,1,1,1,5
U01643,F,57,Errenteria,1,1,0,1,1,0,1,1,1,1,1,4
U01644,M,51,Barakaldo,1,1,1,1,1,0,0,0,0,0,0,4
U01645,F,57,Leioa,1,0,1,1,0,1,1,1,1,1,1,4
U01646,F,52,Hernani,1,0,1,1,1,0,1,0,0,1,1,3
U01647,F,50,Hernani,1,0,1,0,0,1,1,1,1,1,1,4
U01648,M,48,Donostia-San Sebastián,1,1,1,0,0,1,1,1,1,0,0,4
U01649,F,63,Basauri,1,1,1,1,1,0,1,1,1,0,0,3
U01650,F,53,Getxo,1,1,1,1,1,0,0,0,0,0,0,3
U01651,M,70,Basauri,1,1,1,1,1,1,1,0,0,0,0,4
U01652,F,56,Santurtzi,0,0,0,0,1,1,0,0,0,0,0,2
U01653,M,49,Irun,1,1,0,1,0,0,1,0,1,1,1,4
U01654,M,32,Donostia-San Sebastián,1,1,1,1,0,0,0,0,0,0,0,3
U01655,M,50,Bermeo,1,0,1,1,1,0,1,0,1,1,1,4
U01656,M,50,Bilbao,1,1,1,1,1,0,0,0,0,0,0,3
U01657,F,65,Errenteria,1,1,0,0,1,0,1,1,1,1,0,4
U01658,F,61,Leioa,1,1,1,0,1,0,1,1,1,1,1,4
U01659,F,36,Santurtzi,1,1,1,1,1,1,1,0,0,0,1,3
U01660,F,45,Portugalete,1,1,1,1,0,1,0,0,0,0,0,3
U01661,F,48,Salvatierra,1,1,1,1,1,0,1,0,1,1,1,4
U01662,F,49,Irun,1,1,1,1,1,1,1,1,1,0,1,4
U01663,F,60,Barakaldo,1,1,1,1,1,1,1,0,1,1,0,5
U01664,M,55,Salvatierra,1,1,1,1,1,1,0,0,0,0,0,4
U01665,F,60,Irun,0,0,0,0,0,1,1,0,0,1,0,3
U01666,F,46,Vitoria-Gasteiz,1,1,1,1,1,0,0,0,0,0,0,3
U01667,F,61,Durango,1,1,1,1,1,0,1,1,1,1,1,4
U01668,F,52,Durango,1,1,0,1,1,1,1,1,0,1,1,4
U01669,F,45,Donostia-San Sebastián,1,1,0,0,1,1,1,0,1,1,1,4
U01670,F,61,Bilbao,1,1,1,0,0,1,1,1,0,0,1,4
U01671,F,65,Irun,1,1,1,0,0,1,1,1,1,0,0,4
U01672,F,48,Portugalete,1,1,1,1,1,1,1,1,1,1,1,5
U01673,M,57,Bilbao,1,1,0,1,0,0,1,0,1,1,0,3
U01674,F,64,Getxo,1,1,1,0,1,0,1,0,0,1,1,4
U01675,M,33,Barakaldo,1,1,1,1,1,0,0,0,0,0,0,3
U01676,M,58,Getxo,1,1,0,1,1,1,1,0,1,1,0,4
U01677,F,55,Leioa,1,1,1,1,0,0,0,0,0,0,0,3
U01678,F,49,Amurrio,1,1,1,1,0,0,0,0,0,0,0,3
U01679,F,64,Getxo,1,1,0,1,0,1,1,1,0,1,1,4
U01680,F,53,Barakaldo,1,1,1,1,1,0,1,0,1,1,1,4
U01681,M,26,Hernani,1,0,1,1,0,0,1,1,1,1,1,4
U01682,F,60,Bilbao,1,1,1,1,0,1,1,1,1,0,1,4
U01683,F,63,Barakaldo,1,0,1,0,1,1,1,1,1,1,1,4
U01684,F,58,Llodio,1,1,1,0,1,0,1,0,1,1,1,4
U01685,M,49,Zarautz,1,1,1,1,0,0,0,0,0,0,0,4
U01686,M,59,Mungia,1,0,1,1,0,1,1,1,0,1,0,4
U01687,F,60,Donostia-San Sebastián,1,1,0,1,1,0,1,1,1,1,1,4
U01688,M,48,Durango,1,1,1,1,1,0,0,0,0,0,0,3
U01689,M,54,Tolosa,1,0,1,1,1,1,0,0,0,0,0,4
U01690,F,70,Donostia-San Sebastián,0,0,0,0,0,0,0,0,0,0,0,2
U01691,M,64,Tolosa,0,0,0,0,1,1,1,0,0,1,1,3
U01692,F,46,Bilbao,1,0,0,0,1,1,1,1,1,0,1,4
U01693,F,52,Donostia-San Sebastián,1,1,0,0,1,1,1,1,0,0,1,4
U01694,F,46,Bilbao,1,1,1,0,0,1,1,1,1,1,1,5
U01695,M,58,Bilbao,1,0,0,0,0,1,0,0,0,0,0,3
U01696,M,55,Bilbao,1,1,1,1,1,0,0,0,0,0,0,2
U01697,F,56,Getxo,0,0,0,0,0,1,1,1,1,0,0,4
U01698,M,58,Donostia-San Sebastián,1,1,1,1,1,0,0,0,0,0,0,3
U01699,M,47,Bilbao,1,1,1,0,1,1,1,1,1,1,0,4
U01700,F,60,Portugalete,1,1,1,1,1,0,1,1,0,0,1,5
U01701,M,64,Portugalete,1,0,1,1,1,0,0,0,0,0,0,3
U01702,M,62,Bilbao,1,0,0,1,1,0,0,0,0,0,0,3
U01703,M,65,Basauri,1,0,1,0,0,1,1,0,0,1,0,3
U01704,F,65,Amurrio,1,0,1,1,1,0,0,0,0,0,0,3
U01705,M,58,Bilbao,1,1,1,1,1,1,1,0,1,1,1,4
U01706,M,62,Hernani,1,1,0,0,1,0,1,0,1,0,1,4
U01707,M,50,Tolosa,1,1,1,1,1,0,0,0,0,0,0,4
U01708,F,59,Bilbao,1,1,1,1,1,1,1,1,0,1,1,4
U01709,M,60,Errenteria,1,1,1,1,1,1,0,0,0,0,0,3
U01710,F,64,Zarautz,1,1,0,0,1,1,1,1,1,1,1,4
U01711,M,57,Hernani,1,1,1,1,1,0,0,0,0,0,0,4
U01712,F,63,Getxo,1,1,0,1,1,0,0,0,0,0,0,4
U01713,M,54,Vitoria-Gasteiz,1,0,0,0,0,1,1,1,0,1,1,4
U01714,F,45,Durango,1,1,1,1,1,1,1,1,1,0,1,4
U01715,F,59,Vitoria-Gasteiz,1,0,1,1,0,1,0,0,0,0,0,4
U01716,F,32,Donostia-San Sebastián,1,1,1,1,0,0,1,1,1,0,1,4
U01717,M,52,Bermeo,1,1,1,1,0,1,1,1,1,1,1,5
U01718,F,55,Barakaldo,1,1,0,1,1,0,1,1,1,1,1,4
U01719,F,44,Durango,1,0,1,1,1,0,1,0,1,1,0,4
U01720,M,52,Zarautz,1,1,1,0,1,0,1,1,1,1,0,4
U01721,F,45,Errenteria,0,0,0,0,1,1,1,1,1,1,1,4
U01722,F,60,Donostia-San Sebastián,0,0,0,0,1,1,1,1,1,1,1,4
U01723,F,51,Zarautz,1,1,1,0,1,1,1,1,1,1,1,5
U01724,F,65,Portugalete,1,1,1,0,1,0,1,0,0,1,1,3
U01725,M,64,Barakaldo,1,0,1,0,0,1,1,1,0,1,1,4
U01726,M,60,Irun,1,1,1,0,0,1,1,1,0,1,1,3
U01727,F,57,Donostia-San Sebastián,1,1,1,1,1,1,1,1,1,1,0,4
U01728,M,56,Errenteria,1,1,1,1,1,1,1,0,0,0,0,4
U01729,M,44,Barakaldo,0,0,0,0,1,0,1,0,0,1,1,4
U01730,M,59,Bilbao,1,1,1,1,1,0,1,1,0,1,0,4
U01731,M,65,Bilbao,1,1,1,0,1,0,1,1,1,1,0,4
U01732,M,51,Leioa,1,0,1,0,0,0,1,0,0,1,1,3
U01733,M,59,Bilbao,1,1,0,1,0,0,1,0,1,1,1,4
U01734,F,35,Donostia-San Sebastián,1,0,1,1,1,0,0,0,0,0,0,3
U01735,F,59,Mungia,1,1,0,0,1,1,1,0,1,0,1,4
U01736,F,56,Getxo,1,1,1,1,0,1,1,1,0,1,1,4
U01737,F,48,Santurtzi,1,1,1,1,0,1,0,0,0,0,0,4
U01738,M,52,Getxo,1,1,0,1,1,1,0,0,0,0,0,3
U01739,F,63,Bilbao,1,1,0,1,1,1,1,0,1,1,1,4
U01740,F,55,Barakaldo,1,1,0,1,1,1,1,0,0,1,0,3
U01741,M,53,Hernani,1,0,1,1,1,0,1,0,1,0,0,4
U01742,F,46,Donostia-San Sebastián,1,1,1,1,1,1,0,0,0,0,0,4
U01743,F,49,Bilbao,1,0,0,1,1,0,1,1,1,1,1,4
U01744,F,64,Mungia,1,1,1,1,0,0,1,1,1,0,1,4
U01745,F,68,Bilbao,0,0,0,0,0,1,1,0,1,0,1,4
U01746,F,57,Donostia-San Sebastián,1,1,1,0,1,1,1,1,1,1,0,4
U01747,F,50,Errenteria,0,0,0,0,1,0,1,0,1,0,1,3
U01748,M,62,Basauri,1,0,0,0,1,1,1,1,1,1,1,3
U01749,M,53,Bilbao,1,1,1,1,1,0,0,0,0,0,0,3
U01750,F,45,Portugalete,1,1,1,1,0,1,1,1,1,1,0,4
U01751,M,35,Vitoria-Gasteiz,1,0,1,1,1,1,1,0,1,0,1,4
U01752,F,45,Vitoria-Gasteiz,1,0,1,1,0,0,1,1,0,1,1,4
U01753,F,64,Getxo,1,0,1,0,1,1,1,1,1,1,1,4
U01754,F,60,Basauri,0,0,0,0,0,0,0,0,0,0,0,2
U01755,F,55,Donostia-San Sebastián,1,0,1,1,1,1,1,0,0,1,1,4
U01756,M,45,Portugalete,1,0,1,0,1,0,1,1,1,1,1,4
U01757,M,36,Vitoria-Gasteiz,1,1,1,0,1,1,1,0,1,0,0,3
U01758,F,58,Basauri,0,0,0,0,0,1,1,0,1,1,1,3
U01759,M,50,Barakaldo,0,0,0,0,0,0,0,0,0,0,0,3
U01760,F,46,Bilbao,1,1,1,1,0,0,1,1,1,1,1,5
U01761,F,50,Irun,1,0,1,0,1,0,0,0,0,0,0,2
U01762,M,63,Errenteria,1,1,1,1,1,0,1,1,1,1,1,4
U01763,M,59,Irun,1,1,1,1,1,0,1,1,0,1,1,4
U01764,M,55,Donostia-San Sebastián,1,0,1,1,1,1,0,0,0,0,0,3
U01765,F,49,Bilbao,1,0,1,1,0,1,0,0,0,0,0,3
U01766,M,58,Bilbao,1,1,1,1,1,1,1,0,0,0,1,3
U01767,M,47,Hernani,1,1,1,0,0,0,0,0,0,0,0,3
U01768,M,57,Bilbao,1,1,1,1,1,0,0,0,0,0,0,4
U01769,M,60,Mungia,1,1,0,0,1,0,1,1,1,1,1,4
U01770,M,63,Vitoria-Gasteiz,1,1,1,1,0,0,1,1,0,0,1,4
U01771,F,47,Bilbao,1,1,1,1,0,0,1,1,1,1,1,4
U01772,F,50,Barakaldo,1,1,0,1,0,1,0,0,0,0,0,4
U01773,M,61,Barakaldo,1,0,1,1,1,1,1,0,1,1,1,4
U01774,M,57,Donostia-San Sebastián,0,0,0,0,1,0,1,0,1,0,1,3
U01775,M,58,Vitoria-Gasteiz,1,1,1,1,0,0,0,0,0,0,0,3
U01776,F,64,Bilbao,1,1,1,1,1,0,1,1,0,1,0,3
U01777,M,57,Portugalete,1,1,0,0,0,1,1,0,0,0,1,3
U01778,M,51,Hernani,1,1,0,1,0,1,0,0,0,0,0,4
U01779,F,56,Irun,1,1,1,1,1,1,1,1,0,0,1,5
U01780,M,60,Portugalete,1,1,1,1,0,0,1,1,1,1,0,4
U01781,F,64,Santurtzi,1,1,1,0,0,1,0,0,0,0,0,3
U01782,F,64,Portugalete,0,0,0,0,1,1,0,0,0,0,0,3
U01783,F,60,Vitoria-Gasteiz,1,1,1,0,0,0,1,0,1,0,1,4
U01784,M,58,Azpeitia,1,1,0,1,1,0,1,0,0,0,0,3
U01785,F,51,Irun,1,1,1,0,0,0,1,1,1,1,1,4
U01786,M,59,Barakaldo,1,1,0,0,1,1,1,0,1,1,0,3
U01787,F,53,Irun,1,1,1,1,1,1,0,0,0,0,0,5
U01788,M,62,Bilbao,1,1,1,1,1,1,1,1,1,1,1,5
U01789,M,54,Llodio,1,0,1,1,1,1,1,1,0,1,0,4
U01790,M,61,Bilbao,1,0,1,0,0,0,0,0,0,0,0,3
U01791,F,61,Irun,1,1,0,1,0,1,1,0,1,0,0,4
U01792,F,50,Donostia-San Sebastián,1,0,0,0,0,1,1,1,1,1,1,4
U01793,F,54,Donostia-San Sebastián,0,0,0,0,0,0,1,1,1,0,1,3
U01794,M,40,Portugalete,0,0,0,0,0,1,1,1,1,1,1,3
U01795,M,51,Eibar,1,0,1,1,1,1,1,0,1,1,1,4
U01796,F,57,Bilbao,0,0,0,0,1,1,0,0,0,0,0,3
U01797,M,58,Vitoria-Gasteiz,1,0,1,0,0,0,1,1,0,0,1,3
U01798,M,45,Zarautz,1,1,1,0,0,1,0,0,0,0,0,3
U01799,M,50,Barakaldo,1,1,1,1,0,1,0,0,0,0,0,3
U01800,F,52,Zarautz,1,0,1,1,1,0,0,0,0,0,0,2
U01801,M,59,Portugalete,1,1,1,0,0,1,1,0,1,1,0,3
U01802,M,55,Portugalete,1,0,1,1,0,0,0,0,0,0,0,3
U01803,M,63,Vitoria-Gasteiz,1,0,0,1,1,0,0,0,0,0,0,3
U01804,F,61,Vitoria-Gasteiz,1,1,1,1,0,1,1,1,1,1,1,4
U01805,F,61,Santurtzi,1,1,1,0,1,1,0,0,0,0,0,3
U01806,M,45,Hernani,1,0,1,1,1,0,1,1,0,1,1,4
U01807,F,60,Vitoria-Gasteiz,1,1,0,0,1,0,1,1,1,1,0,3
U01808,F,57,Leioa,0,0,0,0,1,0,1,0,0,1,0,3
U01809,F,47,Portugalete,1,1,1,1,0,1,0,0,0,0,0,3
U01810,M,60,Bilbao,1,1,1,1,0,0,1,1,1,1,1,4
U01811,F,48,Getxo,1,0,0,1,1,1,1,1,1,1,1,3
U01812,F,50,Santurtzi,1,1,1,1,1,1,1,1,1,1,1,5
U01813,M,59,Donostia-San Sebastián,0,0,0,0,0,1,0,0,0,0,0,3
U01814,F,55,Salvatierra,1,1,1,0,0,1,1,1,1,1,1,5
U01815,M,57,Eibar,1,0,0,0,0,0,1,0,1,0,0,3
U01816,F,63,Eibar,1,1,1,0,1,1,1,0,1,1,0,4
U01817,M,47,Donostia-San Sebastián,0,0,0,0,1,0,1,1,1,1,1,4
U01818,F,57,Vitoria-Gasteiz,1,0,0,1,0,0,1,0,1,1,0,3
U01819,M,45,Bilbao,1,0,1,1,0,1,1,1,0,0,1,4
U01820,F,57,Basauri,1,0,1,1,0,0,1,1,0,0,0,4
U01821,F,72,Bilbao,1,1,0,1,0,1,1,1,1,1,1,4
U01822,F,60,Donostia-San Sebastián,1,1,0,0,1,1,1,1,1,1,0,4
U01823,M,56,Leioa,1,1,1,0,1,0,1,0,1,1,1,4
U01824,F,54,Eibar,1,0,0,1,1,1,1,1,1,1,1,5
U01825,F,58,Vitoria-Gasteiz,0,0,0,0,1,1,0,0,0,0,0,3
U01826,M,62,Bilbao,1,1,1,1,0,1,1,1,0,1,1,4
U01827,F,40,Donostia-San Sebastián,1,1,0,0,0,1,1,1,0,1,1,4
U01828,M,36,Donostia-San Sebastián,0,0,0,0,0,1,1,0,1,1,1,3
U01829,M,26,Bilbao,1,1,1,1,1,0,1,1,1,1,1,3
U01830,F,57,Irun,1,1,1,0,1,1,0,0,0,0,0,3
U01831,F,55,Bermeo,1,1,0,0,0,0,1,0,0,0,1,3
U01832,F,40,Eibar,0,0,0,0,1,1,1,1,1,1,1,3
U01833,M,61,Portugalete,1,1,1,1,0,0,1,0,1,0,1,4
U01834,M,47,Beasain,1,0,1,0,1,1,1,0,1,1,0,3
U01835,F,52,Barakaldo,1,1,1,1,0,1,1,0,0,1,0,4
U01836,F,64,Zarautz,0,0,0,0,1,0,1,0,1,0,0,2
U01837,F,75,Santurtzi,1,1,1,1,1,1,0,0,0,0,0,3
U01838,F,60,Donostia-San Sebastián,1,1,1,0,1,1,1,0,1,1,1,4
U01839,M,67,Basauri,0,0,0,0,1,1,1,0,0,0,1,3
U01840,M,55,Azpeitia,1,0,1,1,1,1,1,1,1,1,1,4
U01841,F,52,Irun,1,1,1,0,0,1,1,1,0,0,0,4
U01842,F,61,Vitoria-Gasteiz,0,0,0,0,1,1,1,1,1,1,1,4
U01843,F,58,Leioa,1,1,1,1,1,1,1,1,1,0,0,5
U01844,M,38,Vitoria-Gasteiz,1,1,0,1,1,1,1,1,0,1,0,4
U01845,F,47,Barakaldo,1,1,1,1,0,0,1,0,1,1,1,3
U01846,M,69,Vitoria-Gasteiz,1,1,1,1,1,0,0,0,0,0,0,3
U01847,M,61,Irun,1,0,1,1,1,0,1,0,0,1,0,3
U01848,F,63,Donostia-San Sebastián,1,1,1,1,1,1,0,0,0,0,0,4
U01849,F,71,Bilbao,1,1,1,1,1,0,1,1,0,1,1,4
U01850,F,63,Vitoria-Gasteiz,0,0,0,0,1,0,1,0,0,1,0,3
U01851,M,47,Barakaldo,0,0,0,0,0,1,1,1,1,0,0,3
U01852,F,41,Bilbao,1,1,1,0,0,1,1,1,1,0,0,4
U01853,F,55,Tolosa,1,1,1,1,1,0,1,0,1,1,0,4
U01854,F,59,Eibar,1,0,0,1,1,1,1,1,1,0,1,4
U01855,F,52,Basauri,1,1,1,1,0,1,1,1,1,1,1,4
U01856,F,48,Santurtzi,0,0,0,0,0,1,1,1,1,1,0,3
U01857,M,33,Getxo,1,1,1,1,1,1,1,0,0,1,1,4
U01858,F,51,Getxo,0,0,0,0,1,0,0,0,0,0,0,3
U01859,F,52,Getxo,1,1,0,1,0,1,1,1,0,1,1,4
U01860,F,51,Irun,1,1,1,1,0,1,0,0,0,0,0,3
U01861,F,56,Bilbao,1,0,0,1,1,1,1,0,1,1,1,4
U01862,M,61,Bilbao,0,0,0,0,1,0,1,0,1,1,1,3
U01863,M,60,Barakaldo,1,1,0,0,1,0,1,0,1,0,1,3
U01864,M,63,Santurtzi,1,1,1,1,1,0,0,0,0,0,0,3
U01865,F,58,Getxo,0,0,0,0,1,0,1,0,1,0,1,4
U01866,M,59,Donostia-San Sebastián,1,0,0,1,1,1,0,0,0,0,0,3
U01867,M,60,Irun,1,0,1,1,0,0,1,0,0,1,1,4
U01868,F,54,Donostia-San Sebastián,1,1,1,1,1,1,1,0,1,1,1,4
U01869,M,46,Llodio,1,1,0,0,0,0,0,0,0,0,0,2
U01870,M,46,Bilbao,0,0,0,0,1,0,1,0,1,0,0,3
U01871,F,59,Bilbao,1,1,1,1,1,1,1,1,1,0,0,4
U01872,F,53,Santurtzi,1,1,1,1,1,1,0,0,0,0,0,4
U01873,M,49,Bilbao,1,1,1,0,0,1,0,0,0,0,0,3
U01874,F,56,Tolosa,1,0,1,0,1,1,1,1,0,1,1,4
U01875,M,50,Hernani,1,1,1,1,0,1,1,1,1,1,1,5
U01876,M,60,Mungia,1,1,0,1,0,1,0,0,0,0,0,3
U01877,F,56,Bilbao,1,1,0,1,1,1,1,0,1,1,1,4
U01878,M,54,Tolosa,1,1,1,1,0,1,1,0,1,1,1,5
U01879,M,56,Bilbao,1,1,0,1,1,1,1,1,1,1,1,4
U01880,M,54,Bilbao,0,0,0,0,1,0,1,1,1,1,1,4
U01881,F,65,Donostia-San Sebastián,1,1,0,1,0,0,1,1,1,1,1,4
U01882,F,54,Durango,1,1,1,1,0,1,0,0,0,0,0,3
U01883,F,52,Beasain,1,1,1,1,1,0,0,0,0,0,0,4
U01884,F,50,Donostia-San Sebastián,1,1,1,1,1,0,0,0,0,0,0,3
U01885,M,51,Donostia-San Sebastián,1,1,1,1,0,0,1,1,0,0,1,3
U01886,F,51,Vitoria-Gasteiz,1,1,1,0,1,0,1,0,0,1,1,4
U01887,M,42,Errenteria,1,0,1,0,1,1,1,1,1,1,1,4
U01888,M,54,Donostia-San Sebastián,1,0,1,0,1,1,1,0,0,1,0,4
U01889,F,47,Donostia-San Sebastián,0,0,0,0,1,0,1,1,1,1,1,5
U01890,M,66,Bilbao,1,0,1,0,1,1,1,1,1,1,1,4
U01891,M,58,Bilbao,1,1,1,1,1,0,0,0,0,0,0,3
U01892,F,47,Eibar,1,1,1,1,1,0,1,0,1,0,1,4
U01893,M,75,Vitoria-Gasteiz,1,1,1,0,0,0,1,1,0,1,0,3
U01894,F,49,Portugalete,1,1,1,1,1,0,1,1,1,1,1,4
U01895,F,56,Donostia-San Sebastián,1,1,1,0,1,1,1,0,1,1,0,4
U01896,M,46,Donostia-San Sebastián,1,1,1,1,0,0,1,0,0,1,1,4
U01897,F,58,Hernani,1,1,1,1,1,1,1,1,1,1,0,4
U01898,M,59,Bilbao,0,0,0,0,0,1,1,0,1,0,0,3
U01899,M,51,Bilbao,1,1,1,1,0,0,0,0,0,0,0,3
U01900,F,52,Donostia-San Sebastián,1,1,1,1,1,1,1,1,1,0,0,4
U01901,F,53,Bilbao,1,0,0,1,0,1,1,1,1,1,0,4
U01902,F,46,Bilbao,1,1,0,1,1,1,0,0,0,0,0,3
U01903,F,54,Bilbao,1,1,0,0,0,1,1,1,0,1,1,4
U01904,F,46,Llodio,0,0,0,0,0,1,0,0,0,0,0,3
U01905,F,49,Santurtzi,1,0,1,0,1,1,1,1,0,0,1,4
U01906,M,56,Zarautz,1,0,0,1,1,1,0,0,0,0,0,3
U01907,M,65,Leioa,1,1,1,1,0,1,1,1,0,1,1,4
U01908,F,48,Irun,1,1,0,1,1,1,1,0,1,1,0,4
U01909,M,62,Bilbao,0,0,0,0,1,1,1,1,0,0,1,3
U01910,F,58,Salvatierra,1,1,0,1,0,1,1,1,0,1,0,4
U01911,F,61,Donostia-San Sebastián,1,1,1,1,1,1,1,1,0,0,1,4
U01912,F,47,Eibar,1,0,1,1,1,0,0,0,0,0,0,3
U01913,F,61,Portugalete,1,1,0,1,0,1,1,1,1,1,0,3
U01914,M,61,Errenteria,1,1,1,1,0,1,0,0,0,0,0,3
U01915,M,59,Barakaldo,1,1,1,1,0,0,0,0,0,0,0,3
U01916,M,65,Zarautz,1,1,0,1,0,1,0,0,0,0,0,4
U01917,F,59,Bilbao,1,0,1,1,1,0,1,1,0,1,1,4
U01918,F,65,Bilbao,1,0,0,0,0,1,1,1,1,1,1,4
U01919,F,52,Bilbao,1,0,0,1,0,1,1,1,1,1,1,4
U01920,F,51,Azpeitia,1,0,1,0,1,1,0,0,0,0,0,3
U01921,F,32,Vitoria-Gasteiz,1,1,0,1,1,0,0,0,0,0,0,3
U01922,F,66,Irun,1,0,1,1,1,1,0,0,0,0,0,3
U01923,M,49,Vitoria-Gasteiz,1,0,1,1,0,1,0,0,0,0,0,2
U01924,M,45,Bilbao,1,1,1,1,1,0,0,0,0,0,0,4
U01925,M,58,Vitoria-Gasteiz,0,0,0,0,1,1,1,0,1,1,0,3
U01926,F,64,Barakaldo,1,1,1,1,1,0,1,1,0,1,0,5
U01927,M,60,Leioa,1,0,1,1,0,0,0,0,0,0,0,3
U01928,F,64,Vitoria-Gasteiz,1,1,1,0,1,0,0,0,0,0,0,3
U01929,M,55,Eibar,1,1,1,0,1,1,1,1,0,1,0,3
U01930,M,56,Barakaldo,1,0,1,1,1,0,1,0,1,1,0,4
U01931,M,49,Barakaldo,1,0,1,1,1,1,0,0,0,0,0,3
U01932,F,43,Santurtzi,1,1,1,1,1,1,1,0,1,0,0,3
U01933,M,27,Donostia-San Sebastián,1,1,0,1,0,1,1,1,1,1,1,4
U01934,F,63,Bilbao,0,0,0,0,1,0,1,1,1,1,1,4
U01935,F,61,Santurtzi,1,0,1,1,0,0,1,0,0,1,1,4
U01936,F,47,Bilbao,1,1,0,1,1,1,1,1,1,1,1,5
U01937,F,53,Errenteria,0,0,0,0,1,1,1,1,1,1,0,4
U01938,M,64,Barakaldo,1,1,1,0,1,1,1,1,1,0,1,4
U01939,M,55,Leioa,1,1,1,1,1,0,1,1,0,1,0,4
U01940,M,50,Bilbao,1,0,0,0,1,1,0,0,0,0,0,3
U01941,M,58,Donostia-San Sebastián,1,1,0,1,0,0,1,1,1,1,1,4
U01942,M,54,Tolosa,1,1,0,0,1,1,0,0,0,0,0,3
U01943,F,59,Donostia-San Sebastián,1,0,0,1,0,1,1,0,1,1,1,4
U01944,M,58,Vitoria-Gasteiz,1,1,1,1,1,0,1,1,1,1,1,5
U01945,M,54,Donostia-San Sebastián,1,0,1,1,1,0,0,0,0,0,0,4
U01946,M,54,Irun,1,1,1,1,1,1,1,1,1,1,1,4
U01947,M,56,Bermeo,1,0,1,0,0,0,0,0,0,0,0,3
U01948,F,58,Vitoria-Gasteiz,1,0,0,1,0,1,0,0,0,0,0,3
U01949,F,63,Tolosa,1,1,1,1,0,0,1,1,1,0,1,4
U01950,M,58,Tolosa,1,1,0,0,0,1,1,1,1,0,1,3
U01951,M,58,Vitoria-Gasteiz,1,1,1,0,1,1,1,1,1,0,1,4
U01952,F,59,Getxo,1,1,1,1,1,1,1,1,1,1,1,4
U01953,F,41,Barakaldo,1,1,0,1,1,1,1,1,0,0,1,3
U01954,M,53,Donostia-San Sebastián,1,0,1,1,1,1,1,1,0,0,1,4
U01955,F,70,Hernani,1,1,0,1,1,1,1,0,0,0,0,4
U01956,M,64,Azpeitia,1,0,1,0,1,1,1,1,0,1,1,4
U01957,M,64,Barakaldo,0,0,0,0,0,1,0,0,0,0,0,3
U01958,M,54,Vitoria-Gasteiz,1,1,1,1,1,0,0,0,0,0,0,4
U01959,M,48,Bilbao,1,0,1,1,1,0,0,0,0,0,0,3
U01960,M,45,Bilbao,1,1,1,0,0,1,1,1,1,1,0,4
U01961,F,74,Bilbao,1,1,1,0,0,0,0,0,0,0,0,3
U01962,F,57,Santurtzi,1,1,1,0,1,1,1,1,0,1,1,4
U01963,F,52,Basauri,1,1,1,0,0,1,1,1,1,1,1,5
U01964,M,61,Portugalete,1,1,0,1,1,1,1,1,0,1,1,4
U01965,M,65,Donostia-San Sebastián,1,1,1,1,1,1,0,0,0,0,0,4
U01966,M,50,Bilbao,1,1,1,1,1,0,1,1,1,1,0,4
U01967,M,68,Bilbao,0,0,0,0,1,0,0,0,0,0,0,3
U01968,F,52,Donostia-San Sebastián,1,1,0,0,0,1,1,1,1,1,1,4
U01969,M,58,Tolosa,1,1,1,0,1,0,1,1,1,0,0,3
U01970,M,61,Santurtzi,1,1,0,1,0,1,1,0,0,1,1,4
U01971,M,65,Vitoria-Gasteiz,1,1,1,1,1,0,1,0,0,0,0,4
U01972,M,53,Vitoria-Gasteiz,1,0,1,1,1,0,0,0,0,0,0,3
U01973,F,47,Bilbao,1,1,0,1,1,0,1,0,1,1,1,4
U01974,M,69,Basauri,1,1,1,1,0,1,1,0,1,1,1,3
U01975,F,50,Vitoria-Gasteiz,1,0,1,1,1,1,1,1,1,1,1,4
U01976,F,50,Zarautz,0,0,0,0,1,0,1,1,1,1,1,4
U01977,F,45,Bilbao,1,1,1,1,1,0,1,1,1,1,0,4
U01978,M,55,Donostia-San Sebastián,1,1,1,1,0,1,1,0,0,0,0,3
U01979,F,46,Donostia-San Sebastián,1,0,1,1,0,0,0,0,0,0,0,3
U01980,F,51,Amurrio,1,1,1,1,1,1,1,1,0,1,0,4
U01981,F,53,Durango,1,1,0,1,1,1,1,1,1,0,1,3
U01982,M,52,Bermeo,1,1,1,1,0,0,0,0,0,0,0,3
U01983,M,57,Bilbao,1,1,1,0,1,1,0,0,0,0,0,4
U01984,F,46,Irun,1,0,1,1,1,1,1,1,1,1,1,4
U01985,F,64,Llodio,1,1,1,1,1,0,1,0,1,1,1,4
U01986,F,55,Bilbao,1,1,1,1,0,1,1,1,1,1,1,4
U01987,F,45,Donostia-San Sebastián,1,0,1,1,0,0,0,0,0,0,0,3
U01988,M,63,Llodio,1,1,0,1,1,1,1,1,0,1,1,4
U01989,F,51,Getxo,1,1,1,1,1,0,1,0,1,1,1,5
U01990,F,68,Basauri,1,0,0,1,1,1,1,1,1,1,1,3
U01991,M,52,Zarautz,1,1,1,1,1,0,0,0,0,0,0,4
U01992,F,49,Portugalete,1,0,1,1,1,1,1,0,0,0,0,4
U01993,M,45,Vitoria-Gasteiz,1,1,1,1,1,0,0,0,0,0,0,4
U01994,M,40,Getxo,1,1,1,1,1,1,1,1,1,1,1,5
U01995,F,53,Bilbao,1,1,0,1,1,1,0,0,0,0,0,3
U01996,M,48,Beasain,0,0,0,0,1,1,0,0,0,0,0,3
U01997,M,45,Bilbao,1,1,1,1,0,0,1,0,0,0,1,3
U01998,M,60,Beasain,1,1,1,0,0,0,1,1,1,1,1,4
U01999,F,55,Tolosa,1,0,1,0,1,1,1,0,1,0,1,3
U02000,F,61,Bilbao,1,0,1,1,1,1,1,0,1,1,1,4
